url,nama,harga_per_bulan,peraturan,fasilitas_kamar,fasilitas_umum,lahan_parkir,termasuk_listrik,kamar_mandi_dalam,kamar_mandi_luar,universitas_terdekat
https://mamikos.com/room/kost-sleman-kost-putri-eksklusif-kost-singgahsini-uii-teko-tipe-b-candiwinangun-yogyakarta-1?redirection_source=list%20kos%20result%20boundary,Kost Singgahsini UII Teko Tipe B Candiwinangun Yogyakarta,1250000,"Ada jam malam,Ada jam malam untuk tamu,Dilarang merokok di kamar,Lawan jenis dilarang ke kamar,Maks. 2 orang/ kamar,Tambah biaya untuk alat elektronik,Tamu menginap dikenakan biaya,Tidak untuk pasutri","AC,Bantal,Jendela,Kasur,Kursi,Lemari Baju,Meja,Ventilasi","Balcon,Dapur,R. Jemur,R. Tamu,WiFi","Parkir Mobil,Parkir Sepeda",ya,ya,tidak,Universitas Islam Indonesia:1260
https://mamikos.com/room/kost-kabupaten-sleman-kost-putra-eksklusif-kost-singgahsini-arkana-sadewa-tipe-c-yogyakarta?redirection_source=list%20kos%20result%20boundary,Kost Singgahsini Arkana Sadewa Tipe C Yogyakarta,1325000,"Ada jam malam untuk tamu,Akses 24 Jam,Boleh pasutri,Denda kerusakan barang kos,Dilarang bawa hewan,Dilarang merokok di kamar,Lawan jenis dilarang ke kamar,Maks. 2 orang/ kamar,Tamu menginap dikenakan biaya,Wajib ikut piket","AC,Bantal,Cermin,Jendela,Kasur,Kursi,Lemari Baju,Meja,TV","Dapur,R. Tamu,WiFi","Parkir Mobil,Parkir Sepeda",ya,ya,tidak,Universitas Islam Indonesia:3472
https://mamikos.com/room/kost-kabupaten-sleman-kost-putra-eksklusif-kost-singgahsini-arkana-sadewa-tipe-b-yogyakarta?redirection_source=list%20kos%20result%20boundary,Kost Singgahsini Arkana Sadewa Tipe B Yogyakarta,1825000,"Ada jam malam untuk tamu,Akses 24 Jam,Boleh pasutri,Denda kerusakan barang kos,Dilarang bawa hewan,Dilarang merokok di kamar,Lawan jenis dilarang ke kamar,Maks. 2 orang/ kamar,Tamu menginap dikenakan biaya,Wajib ikut piket","AC,Bantal,Cermin,Jendela,Kasur,Kursi,Lemari Baju,Meja,TV","Dapur,R. Tamu,WiFi","Parkir Mobil,Parkir Sepeda",ya,ya,tidak,Universitas Islam Indonesia:3472
https://mamikos.com/room/kost-kabupaten-sleman-kost-putri-eksklusif-kost-singgahsini-uii-teko-tipe-a-candiwinangun-yogyakarta-2?redirection_source=list%20kos%20result%20boundary,Kost Singgahsini UII Teko Tipe A Candiwinangun Yogyakarta,1250000,"Ada jam malam,Ada jam malam untuk tamu,Dilarang merokok di kamar,Lawan jenis dilarang ke kamar,Maks. 2 orang/ kamar,Tambah biaya untuk alat elektronik,Tamu menginap dikenakan biaya,Tidak untuk pasutri","AC,Bantal,Cermin,Jendela,Kasur,Kursi,Lemari Baju,Meja,Ventilasi","Balcon,Dapur,R. Jemur,R. Tamu,WiFi","Parkir Mobil,Parkir Sepeda",ya,ya,tidak,Universitas Islam Indonesia:1260
https://mamikos.com/room/kost-sleman-kost-putra-eksklusif-kost-apik-kia-tipe-a-wedomartani-yogyakarta-1?redirection_source=list%20kos%20result%20boundary,Kost Apik Kia Tipe A Wedomartani Yogyakarta,1050000,"Ada jam malam untuk tamu,Akses 24 Jam,Denda kerusakan barang kos,Dilarang bawa hewan,Dilarang merokok di kamar,Lawan jenis dilarang ke kamar,Maks. 2 orang/ kamar,Tambah biaya untuk alat elektronik,Wajib ikut piket","Bantal,Cermin,Guling,Jendela,Kasur,Kursi,Lemari Baju,Meja","Dapur,Kulkas,WiFi",Parkir Sepeda,ya,ya,tidak,Universitas Amikom Yogyakarta:3294
https://mamikos.com/room/kost-kabupaten-sleman-kost-putra-eksklusif-kost-apik-arsyla-uii-tipe-a-kaliurang-yogyakarta?redirection_source=list%20kos%20result%20boundary,Kost Singgahsini Arsyla UII Tipe A Kaliurang Yogyakarta,1375000,"Ada jam malam,Denda kerusakan barang kos,Dilarang bawa hewan,Dilarang merokok di kamar,Lawan jenis dilarang ke kamar,Maks. 2 orang/ kamar,Wajib ikut piket","AC,Bantal,Guling,Jendela,Kasur,Lemari Baju,TV,Ventilasi","R. Jemur,TV,WiFi","Parkir Mobil,Parkir Sepeda",ya,ya,tidak,Universitas Islam Indonesia:754
https://mamikos.com/room/kost-sleman-kost-putri-murah-kost-apik-gumuk-indah-a-10-tipe-a-yogyakarta-2?redirection_source=list%20kos%20result%20boundary,Kost Apik Gumuk Indah A 10 Tipe A Yogyakarta,700000,"Ada jam malam,Ada jam malam untuk tamu,Denda kerusakan barang kos,Dilarang bawa hewan,Dilarang merokok di kamar,Lawan jenis dilarang ke kamar,Tamu boleh menginap,Tamu menginap dikenakan biaya,Tidak boleh bawa anak,Tidak untuk pasutri","Jendela,Kasur,Kursi,Meja","Dapur,Kulkas,Mesin Cuci,R. Jemur,R. Tamu,TV,WiFi",Parkir Motor & Sepeda,tidak,tidak,ya,Sekolah Tinggi Ilmu Kesehatan Aisyiyah Yogyakarta:658
https://mamikos.com/room/kost-sleman-kost-putra-eksklusif-kost-singgahsini-prasetyo-uii-tipe-b-kaliurang-yogyakarta-2?redirection_source=list%20kos%20result%20boundary,Kost Singgahsini Prasetyo UII Tipe B Kaliurang Yogyakarta,1475000,"Ada jam malam untuk tamu,Akses 24 Jam,Denda kerusakan barang kos,Dilarang bawa hewan,Wajib ikut piket","AC,Bantal,Cermin,Jendela,Kasur,Kursi,Lemari Baju,Meja,TV,Ventilasi","Dapur,Dispenser,Kulkas,Penjaga Kos,WiFi","Parkir Mobil,Parkir Sepeda",ya,ya,tidak,Universitas Islam Indonesia:2255
https://mamikos.com/room/kost-sleman-kost-putri-murah-kost-apik-gumuk-indah-a-10-tipe-c-yogyakarta-2?redirection_source=list%20kos%20result%20boundary,Kost Apik Gumuk Indah A 10 Tipe C Yogyakarta,500000,"Ada jam malam,Ada jam malam untuk tamu,Denda kerusakan barang kos,Dilarang bawa hewan,Dilarang merokok di kamar,Lawan jenis dilarang ke kamar,Tamu boleh menginap,Tamu menginap dikenakan biaya,Tidak boleh bawa anak,Tidak untuk pasutri","Jendela,Kasur,Kursi,Lemari Baju,Meja","Dapur,Kulkas,Mesin Cuci,R. Jemur,R. Tamu,TV,WiFi",Parkir Motor & Sepeda,tidak,tidak,ya,Sekolah Tinggi Ilmu Kesehatan Aisyiyah Yogyakarta:658
https://mamikos.com/room/kost-kabupaten-sleman-kost-campur-eksklusif-kost-singgahsini-pondok-garini-syariah-tipe-c-yogyakarta?redirection_source=list%20kos%20result%20boundary,Kost Singgahsini Pondok Garini Syariah Tipe C Yogyakarta,1775000,"Ada jam malam untuk tamu,Akses 24 Jam,Boleh pasutri,Denda kerusakan barang kos,Dilarang bawa hewan,Dilarang merokok di kamar,Maks. 2 orang/ kamar,Tamu menginap dikenakan biaya,Wajib ikut piket","AC,Kasur,Kursi,Lemari Baju,Meja,TV","CCTV,Dapur,Dispenser,Jemuran,Kulkas,R. Jemur,R. Tamu,TV,WiFi","Parkir Mobil,Parkir Motor,Parkir Sepeda",tidak,ya,tidak,Universitas Gadjah Mada:2044
https://mamikos.com/room/kost-sleman-kost-putri-murah-kost-apik-pink-tipe-a-maguwoharjo-yogyakarta-2?redirection_source=list%20kos%20result%20boundary,Kost Apik Pink Tipe A Maguwoharjo Yogyakarta,725000,"Ada jam malam untuk tamu,Akses 24 Jam,Denda kerusakan barang kos,Dilarang bawa hewan,Dilarang merokok di kamar,Lawan jenis dilarang ke kamar,Maks. 2 orang/ kamar,Tamu menginap dikenakan biaya,Tidak boleh bawa anak,Tidak untuk pasutri","Bantal,Jendela,Kasur,Kursi,Lemari Baju,Meja","Dapur,Jemuran,Penjaga Kos,R. Cuci,R. Jemur,R. Tamu,WiFi",Parkir Motor & Sepeda,tidak,tidak,ya,Universitas Atma Jaya Yogyakarta:532
https://mamikos.com/room/kost-kabupaten-sleman-kost-campur-eksklusif-kost-singgahsini-pondok-garini-syariah-tipe-a-yogyakarta?redirection_source=list%20kos%20result%20boundary,Kost Singgahsini Pondok Garini Syariah Tipe A Yogyakarta,1925000,"Ada jam malam untuk tamu,Akses 24 Jam,Boleh pasutri,Denda kerusakan barang kos,Dilarang bawa hewan,Dilarang merokok di kamar,Maks. 2 orang/ kamar,Tamu menginap dikenakan biaya,Wajib ikut piket","AC,Bantal,Cermin,Jendela,Kasur,Kursi,Lemari Baju,Meja,TV,Ventilasi","CCTV,Dapur,Dispenser,Jemuran,Kulkas,R. Jemur,R. Tamu,TV,WiFi","Parkir Mobil,Parkir Motor,Parkir Sepeda",tidak,ya,tidak,Universitas Gadjah Mada:2044
https://mamikos.com/room/kost-sleman-kost-putri-murah-kost-apik-gumuk-indah-a-10-tipe-b-yogyakarta-2?redirection_source=list%20kos%20result%20boundary,Kost Apik Gumuk Indah A 10 Tipe B Yogyakarta,650000,"Ada jam malam,Ada jam malam untuk tamu,Denda kerusakan barang kos,Dilarang bawa hewan,Dilarang merokok di kamar,Lawan jenis dilarang ke kamar,Tamu boleh menginap,Tamu menginap dikenakan biaya,Tidak boleh bawa anak,Tidak untuk pasutri","Jendela,Kasur,Kursi,Lemari Baju,Meja","Dapur,Kulkas,Mesin Cuci,R. Jemur,R. Tamu,TV,WiFi",Parkir Motor & Sepeda,tidak,tidak,ya,Sekolah Tinggi Ilmu Kesehatan Aisyiyah Yogyakarta:658
https://mamikos.com/room/kost-sleman-kost-putra-eksklusif-kost-singgahsini-prasetyo-uii-tipe-a-kaliurang-yogyakarta-2?redirection_source=list%20kos%20result%20boundary,Kost Singgahsini Prasetyo UII Tipe A Kaliurang Yogyakarta,1525000,"Ada jam malam untuk tamu,Akses 24 Jam,Denda kerusakan barang kos,Dilarang bawa hewan,Wajib ikut piket","AC,Bantal,Cermin,Jendela,Kasur,Kursi,Lemari Baju,Meja,TV,Ventilasi,Wastafel","Dapur,Dispenser,Kulkas,Penjaga Kos,WiFi","Parkir Mobil,Parkir Sepeda",ya,ya,tidak,Universitas Islam Indonesia:2255
https://mamikos.com/room/kost-kabupaten-sleman-kost-campur-eksklusif-kost-singgahsini-pondok-garini-syariah-tipe-d-yogyakarta?redirection_source=list%20kos%20result%20boundary,Kost Singgahsini Pondok Garini Syariah Tipe D Yogyakarta,1775000,"Ada jam malam untuk tamu,Akses 24 Jam,Boleh pasutri,Denda kerusakan barang kos,Dilarang bawa hewan,Dilarang merokok di kamar,Maks. 2 orang/ kamar,Tamu menginap dikenakan biaya,Wajib ikut piket","AC,Kasur,Kursi,Lemari Baju,Meja,TV","CCTV,Dapur,Dispenser,Jemuran,Kulkas,R. Jemur,R. Tamu,TV,WiFi","Parkir Mobil,Parkir Motor,Parkir Sepeda",tidak,ya,tidak,Universitas Gadjah Mada:2044
https://mamikos.com/room/kost-sleman-kost-putra-murah-kost-apik-amalia-sardonoharjo-tipe-b-ngaglik-sleman-1?redirection_source=list%20kos%20result%20boundary,Kost Apik Amalia Sardonoharjo Tipe B Ngaglik Sleman,800000,"Akses 24 Jam,Denda kerusakan barang kos,Dilarang bawa hewan,Dilarang merokok di kamar,Kamar hanya bagi penyewa,Khusus Mahasiswa,Lawan jenis dilarang ke kamar,Tambah biaya untuk alat elektronik,Tamu menginap dikenakan biaya,Wajib ikut piket","Bantal,Cermin,Guling,Jendela,Kasur,Kursi,Lemari Baju,Meja,Ventilasi","Dapur,Jemuran,K. Mandi Luar,WiFi",Parkir Sepeda,tidak,tidak,ya,Universitas Islam Indonesia:1578
https://mamikos.com/room/kost-kabupaten-sleman-kost-putri-eksklusif-kost-singgahsini-my-home-casa-grande-tipe-a-maguwoharjo-yogyakarta?redirection_source=list%20kos%20result%20boundary,Kost Singgahsini My Home Casa Grande Tipe A Maguwoharjo Yogyakarta,1425000,"Akses 24 Jam,Dilarang bawa hewan,Lawan jenis dilarang ke kamar,Maks. 2 orang/ kamar","AC,Kasur,Kursi,Lemari Baju,Meja","R. Jemur,R. Tamu,TV,WiFi",Parkir Mobil,ya,ya,tidak,Universitas Pembangunan Nasional Veteran Yogyakarta:1405
https://mamikos.com/room/kost-kabupaten-sleman-kost-putra-eksklusif-kost-singgahsini-arkana-sadewa-tipe-a-yogyakarta?redirection_source=list%20kos%20result%20boundary,Kost Singgahsini Arkana Sadewa Tipe A Yogyakarta,2025000,"Ada jam malam untuk tamu,Akses 24 Jam,Boleh pasutri,Denda kerusakan barang kos,Dilarang bawa hewan,Dilarang merokok di kamar,Lawan jenis dilarang ke kamar,Maks. 2 orang/ kamar,Tamu menginap dikenakan biaya,Wajib ikut piket","AC,Bantal,Cermin,Jendela,Kasur,Kursi,Lemari Baju,Meja,TV","Dapur,R. Tamu,WiFi","Parkir Mobil,Parkir Sepeda",ya,ya,tidak,Universitas Islam Indonesia:3472
https://mamikos.com/room/kost-kabupaten-sleman-kost-putri-eksklusif-kost-singgahsini-putri-omah-sinau-tipe-a-plemburan-yogyakarta?redirection_source=list%20kos%20result%20boundary,Kost Singgahsini Putri Omah Sinau Tipe A Plemburan Yogyakarta,1505000,"Akses 24 Jam,Dilarang bawa hewan,Lawan jenis dilarang ke kamar","AC,Cleaning service,Kasur,Kursi,Lemari Baju,Meja","Balcon,Dapur,Penjaga Kos,R. Jemur,R. Makan,R. Santai,R. Tamu,TV,Taman,WiFi","Parkir Mobil,Parkir Sepeda",ya,ya,tidak,Akademi Maritim Yogyakarta:2579
https://mamikos.com/room/kost-kabupaten-sleman-kost-putri-eksklusif-kost-singgahsini-my-home-casa-grande-tipe-b-maguwoharjo-yogyakarta?redirection_source=list%20kos%20result%20boundary,Kost Singgahsini My Home Casa Grande Tipe B Maguwoharjo Yogyakarta,1315000,"Akses 24 Jam,Dilarang bawa hewan,Lawan jenis dilarang ke kamar,Maks. 2 orang/ kamar","AC,Kasur,Kursi,Lemari Baju,Meja","R. Jemur,R. Tamu,TV,WiFi",Parkir Mobil,ya,ya,tidak,Universitas Pembangunan Nasional Veteran Yogyakarta:1405
https://mamikos.com/room/kost-kabupaten-sleman-kost-putri-murah-kost-singgahsini-my-home-casa-grande-tipe-c-maguwoharjo-yogyakarta?redirection_source=list%20kos%20result%20boundary,Kost Singgahsini My Home Casa Grande Tipe C Maguwoharjo Yogyakarta,1215000,"Akses 24 Jam,Dilarang bawa hewan,Lawan jenis dilarang ke kamar,Maks. 2 orang/ kamar","AC,Kasur,Kursi,Lemari Baju,Meja","R. Jemur,R. Tamu,TV,WiFi",Parkir Mobil,ya,ya,tidak,Universitas Pembangunan Nasional Veteran Yogyakarta:1405
https://mamikos.com/room/kost-kabupaten-sleman-kost-putri-eksklusif-kost-griya-rahmania-ngaglik-sleman?redirection_source=list%20kos%20result%20boundary,Kost Griya Rahmania Ngaglik Sleman,1300000,"Akses 24 Jam,Dilarang bawa hewan,Maks. 1 orang/ kamar","AC,Bantal,Cermin,Dispenser,Guling,Jendela,Kasur,Kursi,Lemari Baju,Meja,TV,Wastafel","Balcon,CCTV,Dapur,Dispenser,Gazebo,Jemuran,Joglo,Kulkas,Pengurus Kos,R. Cuci,R. Jemur,R. Makan,R. Santai,Taman,WiFi","Parkir Mobil,Parkir Motor",ya,ya,tidak,Universitas Islam Indonesia:900
https://mamikos.com/room/kost-kabupaten-sleman-kost-putri-murah-kost-apik-mentari-tipe-b-yogyakarta?redirection_source=list%20kos%20result%20boundary,Kost Apik Mentari Tipe B Yogyakarta,675000,"Akses 24 Jam,Denda kerusakan barang kos,Dilarang bawa hewan,Dilarang menerima tamu,Dilarang merokok di kamar,Lawan jenis dilarang ke kamar,Maks. 2 orang/ kamar,Tamu dilarang menginap,Tidak boleh bawa anak,Tidak untuk pasutri","Bantal,Jendela,Kasur,Kursi,Lemari Baju,Meja,Ventilasi","Dapur,Jemuran,K. Mandi Luar,Kulkas,Penjaga Kos,R. Cuci,R. Jemur,R. Tamu,WiFi","Parkir Mobil,Parkir Motor & Sepeda",ya,ya,tidak,Universitas Islam Indonesia:1530
https://mamikos.com/room/kost-kabupaten-sleman-kost-putri-eksklusif-kost-singgahsini-nadet-amikom-tipe-a-yogyakarta-2?redirection_source=list%20kos%20result%20boundary,Kost Singgahsini Nadet Amikom Tipe A Yogyakarta,1525000,"Ada jam malam untuk tamu,Akses 24 Jam,Denda kerusakan barang kos,Dilarang bawa hewan,Dilarang merokok di kamar,Lawan jenis dilarang ke kamar,Maks. 2 orang/ kamar,Tamu boleh menginap,Tidak boleh bawa anak,Tidak untuk pasutri","AC,Bantal,Cermin,Jendela,Kasur,Kursi,Lemari Baju,Meja,TV","CCTV,Dapur,Jemuran,Kulkas,R. Jemur,R. Tamu,TV,WiFi","Parkir Mobil,Parkir Motor & Sepeda",ya,ya,tidak,Universitas Amikom Yogyakarta:689
https://mamikos.com/room/kost-sleman-kost-putra-eksklusif-kost-apik-batas-nusa-tipe-b-seturan-yogyakarta-1?redirection_source=list%20kos%20result%20boundary,Kost Apik Batas Nusa Tipe B Seturan Yogyakarta,1525000,"Ada jam malam untuk tamu,Akses 24 Jam,Denda kerusakan barang kos,Lawan jenis dilarang ke kamar,Tambah biaya untuk alat elektronik,Tamu menginap dikenakan biaya,Wajib ikut piket","Bantal,Cermin,Jendela,Kasur,Lemari Baju,Ventilasi","Dapur,R. Jemur,R. Tamu,WiFi","Parkir Mobil,Parkir Sepeda",tidak,ya,tidak,Universitas Pembangunan Nasional Veteran Yogyakarta:450
https://mamikos.com/room/kost-kabupaten-sleman-kost-putra-eksklusif-kost-singgahsini-griya-giyanti-tipe-a-yogyakarta?redirection_source=list%20kos%20result%20boundary,Kost Singgahsini Griya Giyanti Tipe A Yogyakarta,1275000,"Ada jam malam,Ada jam malam untuk tamu,Akses 24 Jam,Dilarang merokok di kamar,Kriteria umum,Lawan jenis dilarang ke kamar,Maks. 2 orang/ kamar,Tamu menginap dikenakan biaya","AC,Bantal,Kasur,Kursi,Lemari Baju,Meja","Dapur,Dispenser,Kulkas,R. Jemur,R. Tamu,WiFi","Parkir Mobil,Parkir Sepeda",ya,ya,tidak,Universitas Islam Indonesia:1390
https://mamikos.com/room/kost-kabupaten-sleman-kost-putra-eksklusif-kost-eksklusif-griya-ayundita-1-depok-sleman-1?redirection_source=list%20kos%20result%20boundary,Kost Eksklusif Griya Ayundita 1 Depok Sleman,1800000,"Akses 24 Jam,Boleh pasutri,Denda kerusakan barang kos,Dilarang bawa hewan,Kamar hanya bagi penyewa,Khusus Mahasiswa,Khusus karyawan,Maks. 2 orang/ kamar,Tidak boleh bawa anak","AC,Bantal,Cermin,Cleaning service,Dapur Pribadi,Jendela,Kasur,Kursi,Lemari Baju,Meja,Meja Rias,TV,Ventilasi,Wastafel","CCTV,Dapur,K. Mandi Luar,Kartu Akses,Laundry,R. Jemur,Taman,WiFi","Parkir Mobil,Parkir Motor,Parkir Sepeda",ya,ya,ya,Universitas Atma Jaya Yogyakarta:1344
https://mamikos.com/room/kost-kabupaten-sleman-kost-putri-eksklusif-kost-singgahsini-milana-tipe-a-pringwulung-yogyakarta?redirection_source=list%20kos%20result%20boundary,Kost Singgahsini Milana Tipe A Pringwulung Yogyakarta,1895000,"Akses 24 Jam,Dilarang bawa hewan,Lawan jenis dilarang ke kamar,Maks. 2 orang/ kamar,Tamu menginap dikenakan biaya","AC,Bantal,Cermin,Jendela,Kasur,Kursi,Lemari Baju,Meja,TV","Dapur,Dispenser,Kulkas,R. Makan,R. Tamu,WiFi",Parkir Mobil,ya,ya,tidak,Akademi Keperawatan Panti Rapih Yogyakarta:412
https://mamikos.com/room/kost-sleman-kost-putri-eksklusif-kost-singgahsini-griya-kana-2-tipe-b-maguwoharjo-yogyakarta?redirection_source=list%20kos%20result%20boundary,Kost Singgahsini Griya Kana 2 Tipe B Maguwoharjo Yogyakarta,1250000,"Dilarang bawa hewan,Lawan jenis dilarang ke kamar","AC,Kasur,Kursi,Lemari Baju,Meja","Dapur,R. Jemur,R. Tamu",Parkir Mobil,ya,ya,tidak,
https://mamikos.com/room/kost-sleman-kost-putri-eksklusif-kost-singgahsini-griya-amira-tipe-a-klebengan-yogyakarta?redirection_source=list%20kos%20result%20boundary,Kost Singgahsini Griya Amira Tipe A Klebengan Yogyakarta,1695000,"Akses 24 Jam,Dilarang bawa hewan,Lawan jenis dilarang ke kamar","AC,Kasur,Kursi,Lemari Baju,Meja","Dapur,Kulkas,Mushola,R. Cuci,R. Jemur,R. Santai,R. Tamu,TV,WiFi",Parkir Sepeda,ya,ya,ya,Universitas Negeri Yogyakarta:1061
https://mamikos.com/room/kost-kabupaten-sleman-kost-putra-eksklusif-kost-apik-omah-orenz-tipe-a-yogyakarta?redirection_source=list%20kos%20result%20boundary,Kost Apik Omah Orenz Tipe A Yogyakarta,1575000,"Ada jam malam untuk tamu,Akses 24 Jam,Denda kerusakan barang kos,Dilarang bawa hewan,Dilarang merokok di kamar,Lawan jenis dilarang ke kamar,Maks. 2 orang/ kamar,Tambah biaya untuk alat elektronik,Tamu menginap dikenakan biaya,Wajib ikut piket","AC,Bantal,Guling,Jendela,Kasur,Kursi,Lemari Baju,Meja,Ventilasi","Dapur,Kulkas,R. Tamu,WiFi","Parkir Mobil,Parkir Sepeda",tidak,ya,tidak,Universitas Islam Indonesia:726
https://mamikos.com/room/kost-kabupaten-sleman-kost-putri-eksklusif-kost-singgahsini-kurnia-tipe-a-gejayan-yogyakarta?redirection_source=list%20kos%20result%20boundary,Kost Singgahsini Kurnia Tipe A Gejayan Yogyakarta,1050000,"Akses 24 Jam,Dilarang bawa hewan,Lawan jenis dilarang ke kamar","Kasur,Kursi,Lemari Baju,Meja","Dapur,Penjaga Kos,R. Jemur,R. Santai,R. Tamu,WiFi",Parkir Sepeda,tidak,ya,tidak,Universitas Amikom Yogyakarta:1435
https://mamikos.com/room/kost-kabupaten-sleman-kost-putri-murah-kost-siana-eco-standard-room-depok-sleman-2?redirection_source=list%20kos%20result%20boundary,Kost Siana Eco Standard Room Depok Sleman,700000,"Akses 24 Jam,Lawan jenis dilarang ke kamar,Maks. 1 orang/ kamar,Tamu dilarang menginap,Tamu menginap dikenakan biaya,Tidak bisa DP (sewa harian),Tidak boleh bawa anak,Tidak untuk pasutri","Jendela,Kasur,Lemari Baju,Ventilasi","Jemuran,R. Santai,R. Tamu,WiFi",Parkir Motor,ya,ya,tidak,Universitas Negeri Yogyakarta:1566
https://mamikos.com/room/kost-kabupaten-sleman-kost-putra-eksklusif-kost-singgahsini-cawingun-tipe-a-yogyakarta?redirection_source=list%20kos%20result%20boundary,Kost Singgahsini Cawingun Tipe A Yogyakarta,1325000,"Ada jam malam,Ada jam malam untuk tamu,Denda kerusakan barang kos,Dilarang bawa hewan,Dilarang merokok di kamar,Lawan jenis dilarang ke kamar,Maks. 2 orang/ kamar,Tamu menginap dikenakan biaya,Tidak boleh bawa anak,Tidak untuk pasutri","AC,Bantal,Cermin,Jendela,Kasur,Kursi,Lemari Baju,Meja,TV","CCTV,Dapur,Jemuran,Kulkas,Penjaga Kos,R. Jemur,R. Makan,R. Tamu,WiFi","Parkir Mobil,Parkir Motor & Sepeda",ya,ya,tidak,Universitas Islam Indonesia:1110
https://mamikos.com/room/kost-kabupaten-sleman-kost-putri-eksklusif-kost-griya-adhya-depok-sleman?redirection_source=list%20kos%20result%20boundary,Kost Griya Adhya Depok Sleman,1800000,"Ada jam malam untuk tamu,Denda kerusakan barang kos,Dilarang bawa hewan,Kamar hanya bagi penyewa,Lawan jenis dilarang ke kamar,Maks. 2 orang/ kamar,Tamu dilarang menginap","AC,Bantal,Cermin,Jendela,Kasur,Kursi,Lemari Baju,Meja,TV","Balcon,CCTV,Dapur,Dispenser,Jemuran,Kulkas,Penjaga Kos,R. Jemur,R. Santai,R. Tamu,TV,WiFi","Parkir Mobil,Parkir Motor,Parkir Sepeda",ya,ya,tidak,Universitas Amikom Yogyakarta:2065
https://mamikos.com/room/kost-kabupaten-sleman-kost-putri-eksklusif-kost-singgahsini-milana-tipe-b-pringwulung-yogyakarta-1?redirection_source=list%20kos%20result%20boundary,Kost Singgahsini Milana Tipe B Pringwulung Yogyakarta,2005000,"Akses 24 Jam,Dilarang bawa hewan,Lawan jenis dilarang ke kamar,Maks. 2 orang/ kamar,Tamu menginap dikenakan biaya","AC,Bantal,Jendela,Kasur,Kursi,Lemari Baju,Meja,TV","Dapur,Dispenser,Kulkas,R. Makan,R. Tamu,WiFi",Parkir Mobil,ya,ya,tidak,Universitas Negeri Yogyakarta:1174
https://mamikos.com/room/kost-kabupaten-sleman-kost-putri-eksklusif-kost-singgahsini-elora-kledokan-tipe-a-yogyakarta?redirection_source=list%20kos%20result%20boundary,Kost Singgahsini Elora Kledokan Tipe A Yogyakarta,1925000,"Ada jam malam,Ada jam malam untuk tamu,Denda kerusakan barang kos,Dilarang bawa hewan,Dilarang merokok di kamar,Lawan jenis dilarang ke kamar,Maks. 2 orang/ kamar,Tamu boleh menginap,Tamu menginap dikenakan biaya,Tidak boleh bawa anak,Tidak untuk pasutri","AC,Jendela,Kasur,Kursi,Lemari Baju,Meja,TV","CCTV,Dapur,Dispenser,Penjaga Kos,WiFi",Parkir Motor & Sepeda,ya,ya,tidak,Universitas Atma Jaya Yogyakarta:693
https://mamikos.com/room/kost-kabupaten-sleman-kost-putri-murah-kost-singgahsini-mindarti-jakal-ugm-yogyakarta?redirection_source=list%20kos%20result%20boundary,Kost Singgahsini Mindarti Jakal UGM Yogyakarta,1125000,"Akses 24 Jam,Dilarang bawa hewan,Dilarang merokok di kamar,Lawan jenis dilarang ke kamar,Tamu menginap dikenakan biaya","Jendela,Kasur,Kipas Angin,Kursi,Lemari Baju,Meja","Dapur,Dispenser,Kulkas,Penjaga Kos,R. Jemur,R. Makan,R. Tamu,WiFi","Parkir Mobil,Parkir Motor & Sepeda,Parkir Sepeda",tidak,ya,tidak,Universitas Gadjah Mada:2015
https://mamikos.com/room/kost-kabupaten-sleman-kost-campur-eksklusif-kost-singgahsini-dcherry-pakuwon-mall-tipe-c-yogyakarta-2?redirection_source=list%20kos%20result%20boundary,Kost Singgahsini DCherry Pakuwon Mall Tipe C Yogyakarta,2025000,"Ada jam malam untuk tamu,Akses 24 Jam,Boleh pasutri,Denda kerusakan barang kos,Dilarang bawa hewan,Dilarang merokok di kamar,Lawan jenis dilarang ke kamar,Maks. 2 orang/ kamar,Tamu menginap dikenakan biaya,Tidak boleh bawa anak","AC,Bantal,Cermin,Guling,Jendela,Kasur,Kulkas,Kursi,Lemari Baju,Meja,TV,Wastafel","CCTV,Penjaga Kos,R. Tamu,WiFi","Parkir Mobil,Parkir Motor & Sepeda",ya,ya,tidak,Universitas Amikom Yogyakarta:1485
https://mamikos.com/room/kost-kabupaten-sleman-kost-putra-murah-kost-singgahsini-tapak-dara-tipe-a-deresan-yogyakarta?redirection_source=list%20kos%20result%20boundary,Kost Singgahsini Tapak Dara Tipe A Deresan Yogyakarta,1025000,"Akses 24 Jam,Dilarang bawa hewan,Lawan jenis dilarang ke kamar,Tamu dilarang menginap","Bantal,Guling,Jendela,Kasur,Kursi,Lemari Baju,Meja,Ventilasi","Dapur,Kulkas,R. Makan,R. Tamu,WiFi",Parkir Mobil,tidak,ya,tidak,Universitas Negeri Yogyakarta:1096
https://mamikos.com/room/kost-kabupaten-sleman-kost-putri-murah-kost-mafaza-tipe-a-ngaglik-sleman?redirection_source=list%20kos%20result%20boundary,Kost Mafaza Tipe A Ngaglik Sleman,600000,"Ada jam malam untuk tamu,Akses 24 Jam,Lawan jenis dilarang ke kamar,Maks. 1 orang/ kamar,Tidak untuk pasutri","AC,Kasur,Lemari Baju","CCTV,Dapur,Jemuran,Kulkas,R. Cuci,R. Jemur,R. Tamu,TV,WiFi",Parkir Motor,ya,ya,tidak,Universitas Islam Indonesia:1017
https://mamikos.com/room/kost-kabupaten-sleman-kost-putri-eksklusif-kost-singgahsini-omah-khiar-tipe-a-karang-gayam-yogyakarta?redirection_source=list%20kos%20result%20boundary,Kost Singgahsini Omah Khiar Tipe A Karang Gayam Yogyakarta,1175000,"Ada jam malam,Dilarang bawa hewan,Lawan jenis dilarang ke kamar,Maks. 2 orang/ kamar","Kasur,Kursi,Lemari Baju,Meja","Dapur,Kulkas,R. Jemur,R. Santai,R. Tamu,WiFi",Parkir Mobil,tidak,ya,tidak,Universitas Negeri Yogyakarta:931
https://mamikos.com/room/kost-kabupaten-sleman-kost-campur-eksklusif-kost-singgahsini-omah-aqila-uny-tipe-a-yogyakarta?redirection_source=list%20kos%20result%20boundary,Kost Singgahsini Omah Aqila UNY Tipe A Yogyakarta,2525000,"Ada jam malam untuk tamu,Akses 24 Jam,Denda kerusakan barang kos,Dilarang bawa hewan,Dilarang merokok di kamar,Lawan jenis dilarang ke kamar,Tamu menginap dikenakan biaya,Wajib ikut piket","AC,Bantal,Jendela,Kasur,Kursi,Lemari Baju,Meja,TV","CCTV,Dapur,Dispenser,Kulkas,Mesin Cuci,R. Tamu,TV,WiFi","Parkir Mobil,Parkir Motor,Parkir Sepeda",ya,ya,tidak,Universitas Gadjah Mada:992
https://mamikos.com/room/kost-kabupaten-sleman-kost-putra-eksklusif-kost-singgahsini-tapak-dara-tipe-b-deresan-yogyakarta?redirection_source=list%20kos%20result%20boundary,Kost Singgahsini Tapak Dara Tipe B Deresan Yogyakarta,1925000,"Akses 24 Jam,Dilarang bawa hewan,Lawan jenis dilarang ke kamar,Tamu dilarang menginap","AC,Bantal,Cermin,Jendela,Kasur,Kursi,Lemari Baju,Meja,TV,Ventilasi,Wastafel","Dapur,Kulkas,R. Makan,R. Tamu,WiFi",Parkir Mobil,ya,ya,tidak,Universitas Negeri Yogyakarta:1097
https://mamikos.com/room/kost-sleman-kost-putra-eksklusif-kost-singgahsini-assiddiq-tipe-b-maguwoharjo-yogyakarta?redirection_source=list%20kos%20result%20boundary,Kost Singgahsini As-Siddiq Tipe B Maguwoharjo Yogyakarta,1400000,"Ada jam malam untuk tamu,Akses 24 Jam,Dilarang bawa hewan,Lawan jenis dilarang ke kamar","AC,Cleaning service,Kasur,Kursi,Lemari Baju,Meja,TV","Dapur,Penjaga Kos,R. Jemur,R. Santai,WiFi","Parkir Mobil,Parkir Motor,Parkir Sepeda",ya,ya,tidak,Universitas Atma Jaya Yogyakarta:2484
https://mamikos.com/room/kost-sleman-kost-putra-eksklusif-kost-rari-2-depok-sleman?redirection_source=list%20kos%20result%20boundary,Kost Rari 2 Depok Sleman,1500000,"Akses 24 Jam,Maks. 2 orang/ kamar","AC,Bantal,Cermin,Guling,Jendela,Kasur,Kursi,Lemari Baju,Meja,TV,Wastafel","Balcon,CCTV,Dapur,Dispenser,Jemuran,Kulkas,Pengurus Kos,Penjaga Kos,R. Cuci,R. Jemur,R. Santai,TV,WiFi","Parkir Motor,Parkir Sepeda",ya,ya,tidak,Universitas Gadjah Mada:2941
https://mamikos.com/room/kost-kabupaten-sleman-kost-putra-murah-kost-donadoni-condongcatur-depok-sleman?redirection_source=list%20kos%20result%20boundary,Kost Donadoni Condongcatur Depok Sleman,750000,"Akses 24 Jam,Maks. 1 orang/ kamar","Bantal,Dispenser,Kasur,Kulkas,Lemari Baju,Meja","Balcon,Dapur,Jemuran,Kulkas,Pengurus Kos,R. Cuci,R. Jemur,R. Santai,R. Tamu,TV,Taman,WiFi","Parkir Mobil,Parkir Motor & Sepeda",tidak,ya,tidak,Universitas Amikom Yogyakarta:1287
https://mamikos.com/room/kost-kabupaten-sleman-kost-putri-eksklusif-kost-singgahsini-omah-khiar-tipe-c-karang-gayam-yogyakarta?redirection_source=list%20kos%20result%20boundary,Kost Singgahsini Omah Khiar Tipe C Karang Gayam Yogyakarta,1275000,"Ada jam malam,Dilarang bawa hewan,Lawan jenis dilarang ke kamar,Maks. 2 orang/ kamar","Kasur,Kursi,Lemari Baju,Meja","Dapur,Kulkas,R. Jemur,R. Santai,R. Tamu,WiFi",Parkir Mobil,tidak,ya,tidak,Universitas Negeri Yogyakarta:931
https://mamikos.com/room/kost-kabupaten-sleman-kost-putri-eksklusif-kost-singgahsini-rumah-erha-jalan-kaliurang-yogyakarta-1?redirection_source=list%20kos%20result%20boundary,Kost Singgahsini Rumah Erha Jalan Kaliurang Yogyakarta,1325000,"Akses 24 Jam,Dilarang bawa hewan,Lawan jenis dilarang ke kamar","AC,Bantal,Kasur,Kursi,Lemari Baju,Meja,TV","Dapur,Kulkas,Penjaga Kos,R. Tamu,WiFi",Parkir Mobil,ya,ya,tidak,Universitas Amikom Yogyakarta:3226
https://mamikos.com/room/kost-sleman-kost-campur-eksklusif-kost-singgahsini-rien-house-tipe-a-condongcatur-yogyakarta?redirection_source=list%20kos%20result%20boundary,Kost Singgahsini Rien House Tipe A Condongcatur Yogyakarta,1725000,"Akses 24 Jam,Boleh pasutri,Dilarang bawa hewan,Lawan jenis dilarang ke kamar,Maks. 2 orang/ kamar","AC,Cleaning service,Kasur,Kursi,Lemari Baju,Meja,TV","Dapur,Penjaga Kos,R. Keluarga,R. Santai,R. Tamu,Taman,WiFi",Parkir Mobil,ya,ya,tidak,Universitas Amikom Yogyakarta:680
https://mamikos.com/room/kost-kabupaten-sleman-kost-putri-murah-kost-pojokan-tipe-a-depok-sleman?redirection_source=list%20kos%20result%20boundary,Kost Pojokan Tipe A Depok Sleman,700000,"Ada jam malam untuk tamu,Akses 24 Jam,Harga termasuk listrik (sewa harian),Kamar hanya bagi penyewa,Kriteria umum,Lawan jenis dilarang ke kamar,Maks. 1 orang/ kamar,Tamu bebas berkunjung","Jendela,Kasur,Lemari Baju,Ventilasi","Balcon,Dapur,Jemuran,R. Jemur,R. Tamu,WiFi","Parkir Motor,Parkir Motor & Sepeda",tidak,ya,ya,Universitas Amikom Yogyakarta:1922
https://mamikos.com/room/kost-kabupaten-sleman-kost-putri-eksklusif-kost-syariah-griya-almira-1-ngaglik-sleman-2?redirection_source=list%20kos%20result%20boundary,Kost Syariah Griya Almira 1 Ngaglik Sleman,1350000,"Ada jam malam,Ada jam malam untuk tamu,Dilarang bawa hewan,Dilarang merokok di kamar,Khusus Mahasiswa,Lawan jenis dilarang ke kamar,Maks. 1 orang/ kamar","AC,Bantal,Cermin,Guling,Jendela,Kasur,Kulkas,Kursi,Lemari Baju,Meja,TV,Ventilasi,Wastafel","Balcon,CCTV,Dapur,Jemuran,Jual Makanan,Kulkas,Mesin Cuci,Pengurus Kos,Penjaga Kos,R. Cuci,R. Jemur,R. Makan,R. Santai,R. Tamu,TV,WiFi","Parkir Mobil,Parkir Motor,Parkir Sepeda",ya,ya,tidak,Universitas Islam Indonesia:2102
https://mamikos.com/room/kost-kabupaten-sleman-kost-putri-eksklusif-kost-singgahsini-rumah-putih-tipe-b-mlati-yogyakarta?redirection_source=list%20kos%20result%20boundary,Kost Singgahsini Rumah Putih Tipe B Mlati Yogyakarta,1375000,"Akses 24 Jam,Dilarang bawa hewan,Lawan jenis dilarang ke kamar,Maks. 2 orang/ kamar","AC,Bantal,Cermin,Guling,Kasur,Kursi,Lemari Baju,Meja,TV","Dapur,Dispenser,K. Mandi Luar,Kulkas,Penjaga Kos,R. Cuci,R. Tamu,TV,WiFi","Parkir Mobil,Parkir Motor & Sepeda,Parkir Sepeda",ya,ya,tidak,Universitas Teknologi Yogyakarta:3116
https://mamikos.com/room/kost-sleman-kost-putri-murah-kost-apik-roemah-aisyah-tipe-a-yogyakarta-2?redirection_source=list%20kos%20result%20boundary,Kost Apik Roemah Aisyah Tipe A Yogyakarta,625000,"Ada jam malam untuk tamu,Akses 24 Jam,Denda kerusakan barang kos,Dilarang bawa hewan,Dilarang merokok di kamar,Lawan jenis dilarang ke kamar,Maks. 2 orang/ kamar,Tamu menginap dikenakan biaya,Tidak boleh bawa anak,Tidak untuk pasutri,Wajib ikut piket","Bantal,Cermin,Guling,Jendela,Kasur,Kipas Angin,Lemari Baju,Ventilasi","Dapur,Jemuran,K. Mandi Luar,Penjaga Kos,R. Jemur,R. Tamu,WiFi",Parkir Motor & Sepeda,tidak,tidak,ya,Sekolah Tinggi Ilmu Kesehatan Aisyiyah Yogyakarta:745
https://mamikos.com/room/kost-kabupaten-sleman-kost-putri-eksklusif-kost-singgahsini-putri-maoni-tipe-c-gejayan-yogyakarta?redirection_source=list%20kos%20result%20boundary,Kost Singgahsini Putri Maoni Tipe C Gejayan Yogyakarta,1845000,"Akses 24 Jam,Dilarang bawa hewan,Lawan jenis dilarang ke kamar,Maks. 2 orang/ kamar,Tamu boleh menginap","AC,Bantal,Cleaning service,Guling,Kasur,Kursi,Lemari Baju,Meja,Sofa,TV","Dapur,Dispenser,Penjaga Kos,R. Jemur,R. Keluarga,R. Santai,R. Tamu,Rice Cooker,WiFi","Parkir Mobil,Parkir Sepeda",ya,ya,tidak,Universitas Negeri Yogyakarta:1008
https://mamikos.com/room/kost-kabupaten-sleman-kost-campur-eksklusif-kost-singgahsini-dcherry-pakuwon-mall-tipe-b-yogyakarta-2?redirection_source=list%20kos%20result%20boundary,Kost Singgahsini DCherry Pakuwon Mall Tipe B Yogyakarta,2125000,"Ada jam malam untuk tamu,Akses 24 Jam,Boleh pasutri,Denda kerusakan barang kos,Dilarang bawa hewan,Dilarang merokok di kamar,Lawan jenis dilarang ke kamar,Maks. 2 orang/ kamar,Tamu menginap dikenakan biaya,Tidak boleh bawa anak","AC,Jendela,Kasur,Kulkas,Kursi,Lemari Baju,Meja,TV","CCTV,Kulkas,Penjaga Kos,R. Tamu,TV,WiFi","Parkir Mobil,Parkir Motor & Sepeda",ya,ya,tidak,Universitas Amikom Yogyakarta:1485
https://mamikos.com/room/kost-sleman-kost-putra-eksklusif-kost-singgahsini-samara-tipe-b-yogyakarta-2?redirection_source=list%20kos%20result%20boundary,Kost Singgahsini Samara Tipe B Yogyakarta,1125000,"Akses 24 Jam,Denda kerusakan barang kos,Dilarang bawa hewan,Dilarang merokok di kamar,Lawan jenis dilarang ke kamar,Maks. 2 orang/ kamar,Tamu bebas berkunjung,Tamu boleh menginap,Tamu menginap dikenakan biaya,Tidak boleh bawa anak,Tidak untuk pasutri","AC,Jendela,Kasur,Lemari Baju","CCTV,Dapur,Kulkas,Penjaga Kos,R. Jemur,TV,WiFi","Parkir Mobil,Parkir Motor & Sepeda",ya,ya,tidak,Universitas Atma Jaya Yogyakarta:2463
https://mamikos.com/room/kost-sleman-kost-putra-murah-kost-mondokaki-jl-gejayan-depok-sleman?redirection_source=list%20kos%20result%20boundary,Kost Mondokaki Jl Gejayan Depok Sleman,458333,Tidak untuk pasutri,Jendela,"Balcon,Dapur,Jemuran,K. Mandi Luar,R. Jemur,R. Santai,R. Tamu,WiFi",Parkir Motor,ya,tidak,ya,Universitas Negeri Yogyakarta:1334
https://mamikos.com/room/kost-kabupaten-sleman-kost-putri-eksklusif-kost-singgahsini-aira-amikom-tipe-b-wedomartani-yogyakarta?redirection_source=list%20kos%20result%20boundary,Kost Singgahsini Aira AMIKOM Tipe B Wedomartani Yogyakarta,1075000,"Ada jam malam,Ada jam malam untuk tamu,Denda kerusakan barang kos,Dilarang bawa hewan,Dilarang merokok di kamar,Lawan jenis dilarang ke kamar,Tamu menginap dikenakan biaya,Wajib ikut piket","AC,Bantal,Cermin,Jendela,Kasur,Lemari Baju,Meja","R. Jemur,WiFi","Parkir Mobil,Parkir Sepeda",ya,ya,tidak,Universitas Amikom Yogyakarta:2059
https://mamikos.com/room/kost-kabupaten-sleman-kost-putra-eksklusif-kost-singgahsini-pramesthi-upn-tipe-a-yogyakarta?redirection_source=list%20kos%20result%20boundary,Kost Singgahsini Pramesthi UPN Tipe A Yogyakarta,1525000,"Ada jam malam untuk tamu,Akses 24 Jam,Denda kerusakan barang kos,Dilarang bawa hewan,Wajib ikut piket","AC,Bantal,Guling,Jendela,Kasur,Kulkas,Lemari Baju,Meja,TV,Ventilasi","CCTV,Dapur,Kulkas,Mesin Cuci,Penjaga Kos,R. Jemur,R. Makan,R. Tamu,TV,WiFi","Parkir Mobil,Parkir Sepeda",ya,tidak,ya,Universitas Negeri Yogyakarta:1671
https://mamikos.com/room/kost-sleman-kost-campur-eksklusif-kost-singgahsini-rumah-eyang-tipe-a-gejayan-yogyakarta-2?redirection_source=list%20kos%20result%20boundary,Kost Singgahsini Rumah Eyang Tipe A Gejayan Yogyakarta,1525000,"Ada jam malam,Ada jam malam untuk tamu,Boleh pasutri,Denda kerusakan barang kos,Dilarang bawa hewan,Dilarang merokok di kamar,Lawan jenis dilarang ke kamar,Maks. 2 orang/ kamar,Tamu boleh menginap,Tamu menginap dikenakan biaya,Tidak boleh bawa anak","AC,Bantal,Cermin,Guling,Jendela,Kasur,Kursi,Lemari Baju,Meja","Penjaga Kos,R. Tamu,WiFi","Parkir Mobil,Parkir Motor & Sepeda",ya,ya,tidak,Universitas Negeri Yogyakarta:1738
https://mamikos.com/room/kost-sleman-kost-putri-eksklusif-kost-singgahsini-omah-anggur-tipe-c-seturan-yogyakarta-1?redirection_source=list%20kos%20result%20boundary,Kost Singgahsini Omah Anggur Tipe C Seturan Yogyakarta,1825000,"Ada jam malam untuk tamu,Akses 24 Jam,Denda kerusakan barang kos,Dilarang merokok di kamar,Lawan jenis dilarang ke kamar,Maks. 2 orang/ kamar,Tamu menginap dikenakan biaya","AC,Bantal,Jendela,Kasur,Kursi,Lemari Baju,Meja,Ventilasi","Dapur,R. Tamu,WiFi","Parkir Mobil,Parkir Sepeda",ya,ya,tidak,Universitas Atma Jaya Yogyakarta:1131
https://mamikos.com/room/kost-kabupaten-sleman-kost-campur-murah-kost-carolus-ngaglik-sleman?redirection_source=list%20kos%20result%20boundary,Kost Carolus Ngaglik Sleman,750000,"Ada jam malam untuk tamu,Denda kerusakan barang kos,Dilarang bawa hewan,Kamar hanya bagi penyewa,Kriteria umum,Lawan jenis dilarang ke kamar,Maks. 1 orang/ kamar,Menunjukan bukti (-) Swab saat check-in,Tambah biaya untuk alat elektronik,Tamu dilarang menginap,Tidak bisa DP (sewa harian),Tidak boleh bawa anak,Tidak untuk pasutri","Kasur,Lemari Baju,Meja,Ventilasi","Jemuran,R. Jemur,R. Tamu,WiFi","Parkir Mobil,Parkir Motor,Parkir Motor & Sepeda,Parkir Sepeda",tidak,tidak,tidak,Sekolah Tinggi Ilmu Manajemen Ykpn:1962
https://mamikos.com/room/kost-kabupaten-sleman-kost-putra-eksklusif-kost-singgahsini-cozy-sawitsari-6-tipe-d-condongcatur-yogyakarta?redirection_source=list%20kos%20result%20boundary,Kost Singgahsini Cozy Sawitsari 6 Tipe D Condongcatur Yogyakarta,1425000,"Ada jam malam untuk tamu,Akses 24 Jam,Denda kerusakan barang kos,Dilarang bawa hewan,Dilarang merokok di kamar,Lawan jenis dilarang ke kamar,Maks. 2 orang/ kamar,Tambah biaya untuk alat elektronik,Tamu menginap dikenakan biaya,Wajib ikut piket","AC,Bantal,Cermin,Jendela,Kasur,Lemari Baju,Ventilasi","K. Mandi Luar,R. Tamu,WiFi",Parkir Mobil,ya,tidak,ya,Universitas Gadjah Mada:2035
https://mamikos.com/room/kost-kabupaten-sleman-kost-campur-eksklusif-kost-waringin-eksekutif-depok-sleman?redirection_source=list%20kos%20result%20boundary,Kost Waringin Eksekutif Depok Sleman,1300000,"Ada jam malam untuk tamu,Akses 24 Jam,Boleh pasutri,Dilarang bawa hewan,Kamar hanya bagi penyewa,Maks. 2 orang/ kamar,Tamu dilarang menginap","AC,Bantal,Cermin,Guling,Jendela,Kasur,Kursi,Lemari Baju,Meja,Ventilasi","Balcon,CCTV,Dapur,Jemuran,K. Mandi Luar,R. Makan,R. Santai,WiFi","Parkir Mobil,Parkir Motor,Parkir Motor & Sepeda,Parkir Sepeda",ya,tidak,tidak,Universitas Atma Jaya Yogyakarta:1792
https://mamikos.com/room/kost-sleman-kost-campur-eksklusif-kost-eksklusif-omah-adhem-tipe-b-sambilegi-yogyakarta-1?redirection_source=list%20kos%20result%20boundary,Kost Eksklusif Omah Adhem Tipe B Sambilegi Maguwoharjo Depok Sleman Yogyakarta,1450000,"Akses 24 Jam,Maks. 2 orang/ kamar","AC,Bantal,Cermin,Cleaning service,Dispenser,Guling,Jendela,Kasur,Kulkas,Kursi,Lemari Baju,Meja,Meja Rias,TV,Wastafel","Balcon,CCTV,Dapur,Dispenser,Kulkas,Laundry,Locker,Mesin Cuci,Mushola,Pengurus Kos,Penjaga Kos,R. Cuci,R. Jemur,R. Makan,R. Santai,R. Tamu,TV,WiFi","Parkir Mobil,Parkir Motor,Parkir Sepeda",ya,ya,tidak,Universitas Atma Jaya Yogyakarta:2344
https://mamikos.com/room/kost-kabupaten-sleman-kost-putra-eksklusif-kost-singgahsini-kledokan-seturan-tipe-b-yogyakarta?redirection_source=list%20kos%20result%20boundary,Kost Singgahsini Kledokan Seturan Tipe B Yogyakarta,1775000,"Ada jam malam untuk tamu,Akses 24 Jam,Denda kerusakan barang kos,Dilarang bawa hewan,Dilarang merokok di kamar,Kriteria umum,Lawan jenis dilarang ke kamar,Maks. 2 orang/ kamar,Tamu menginap dikenakan biaya","AC,Bantal,Guling,Kasur,Kursi,Lemari Baju,Meja,TV","CCTV,Dapur,Kulkas,R. Jemur,R. Tamu,WiFi","Parkir Mobil,Parkir Sepeda",ya,ya,tidak,Universitas Pembangunan Nasional Veteran Yogyakarta:694
https://mamikos.com/room/kost-kabupaten-sleman-kost-putra-murah-kost-singgahsini-cozy-sawitsari-6-tipe-a-condongcatur-yogyakarta-2?redirection_source=list%20kos%20result%20boundary,Kost Singgahsini Cozy Sawitsari 6 Tipe A Condongcatur Yogyakarta,900000,"Ada jam malam untuk tamu,Akses 24 Jam,Denda kerusakan barang kos,Dilarang bawa hewan,Dilarang merokok di kamar,Lawan jenis dilarang ke kamar,Maks. 2 orang/ kamar,Tambah biaya untuk alat elektronik,Tamu menginap dikenakan biaya,Wajib ikut piket","Bantal,Cermin,Jendela,Kasur,Lemari Baju","K. Mandi Luar,R. Tamu,WiFi",Parkir Mobil,ya,tidak,ya,Universitas Gadjah Mada:2030
https://mamikos.com/room/kost-kabupaten-sleman-kost-putri-eksklusif-kost-livingkoost-depok-sleman?redirection_source=list%20kos%20result%20boundary,Kost Livingkoost Depok Sleman,1900000,,"AC,Bantal,Cleaning service,Guling,Jendela,Kasur,Kursi,Ventilasi","Balcon,CCTV,Dapur,Dispenser,Jemuran,Kulkas,Penjaga Kos,R. Cuci,R. Jemur,R. Santai,R. Tamu,WiFi","Parkir Mobil,Parkir Motor,Parkir Motor & Sepeda,Parkir Sepeda",ya,ya,tidak,Universitas Gadjah Mada:1272
https://mamikos.com/room/kost-sleman-kost-campur-eksklusif-kost-singgahsini-rien-house-tipe-a-condongcatur-yogyakarta?redirection_source=list%20kos%20result%20boundary,Kost Singgahsini Rien House Tipe A Condongcatur Yogyakarta,1725000,"Akses 24 Jam,Boleh pasutri,Dilarang bawa hewan,Lawan jenis dilarang ke kamar,Maks. 2 orang/ kamar","AC,Cleaning service,Kasur,Kursi,Lemari Baju,Meja,TV","Dapur,Penjaga Kos,R. Keluarga,R. Santai,R. Tamu,Taman,WiFi",Parkir Mobil,ya,ya,tidak,Universitas Amikom Yogyakarta:680
https://mamikos.com/room/kost-sleman-kost-campur-eksklusif-kost-eksklusif-omah-adhem-tipe-b-sambilegi-yogyakarta-1?redirection_source=list%20kos%20result%20boundary,Kost Eksklusif Omah Adhem Tipe B Sambilegi Maguwoharjo Depok Sleman Yogyakarta,1450000,"Akses 24 Jam,Maks. 2 orang/ kamar","AC,Bantal,Cermin,Cleaning service,Dispenser,Guling,Jendela,Kasur,Kulkas,Kursi,Lemari Baju,Meja,Meja Rias,TV,Wastafel","Balcon,CCTV,Dapur,Dispenser,Kulkas,Laundry,Locker,Mesin Cuci,Mushola,Pengurus Kos,Penjaga Kos,R. Cuci,R. Jemur,R. Makan,R. Santai,R. Tamu,TV,WiFi","Parkir Mobil,Parkir Motor,Parkir Sepeda",ya,ya,tidak,Universitas Atma Jaya Yogyakarta:2344
https://mamikos.com/room/kost-kabupaten-sleman-kost-putra-eksklusif-kost-singgahsini-kledokan-seturan-tipe-b-yogyakarta?redirection_source=list%20kos%20result%20boundary,Kost Singgahsini Kledokan Seturan Tipe B Yogyakarta,1775000,"Ada jam malam untuk tamu,Akses 24 Jam,Denda kerusakan barang kos,Dilarang bawa hewan,Dilarang merokok di kamar,Kriteria umum,Lawan jenis dilarang ke kamar,Maks. 2 orang/ kamar,Tamu menginap dikenakan biaya","AC,Bantal,Guling,Kasur,Kursi,Lemari Baju,Meja,TV","CCTV,Dapur,Kulkas,R. Jemur,R. Tamu,WiFi","Parkir Mobil,Parkir Sepeda",ya,ya,tidak,Universitas Pembangunan Nasional Veteran Yogyakarta:694
https://mamikos.com/room/kost-kabupaten-sleman-kost-putra-murah-kost-singgahsini-cozy-sawitsari-6-tipe-a-condongcatur-yogyakarta-2?redirection_source=list%20kos%20result%20boundary,Kost Singgahsini Cozy Sawitsari 6 Tipe A Condongcatur Yogyakarta,900000,"Ada jam malam untuk tamu,Akses 24 Jam,Denda kerusakan barang kos,Dilarang bawa hewan,Dilarang merokok di kamar,Lawan jenis dilarang ke kamar,Maks. 2 orang/ kamar,Tambah biaya untuk alat elektronik,Tamu menginap dikenakan biaya,Wajib ikut piket","Bantal,Cermin,Jendela,Kasur,Lemari Baju","K. Mandi Luar,R. Tamu,WiFi",Parkir Mobil,ya,tidak,ya,Universitas Gadjah Mada:2030
https://mamikos.com/room/kost-kabupaten-sleman-kost-putri-eksklusif-kost-livingkoost-depok-sleman?redirection_source=list%20kos%20result%20boundary,Kost Livingkoost Depok Sleman,1900000,,"AC,Bantal,Cleaning service,Guling,Jendela,Kasur,Kursi,Ventilasi","Balcon,CCTV,Dapur,Dispenser,Jemuran,Kulkas,Penjaga Kos,R. Cuci,R. Jemur,R. Santai,R. Tamu,WiFi","Parkir Mobil,Parkir Motor,Parkir Motor & Sepeda,Parkir Sepeda",ya,ya,tidak,Universitas Gadjah Mada:1272
https://mamikos.com/room/kost-sleman-kost-campur-eksklusif-kost-singgahsini-rien-house-tipe-a-condongcatur-yogyakarta?redirection_source=list%20kos%20result%20boundary,Kost Singgahsini Rien House Tipe A Condongcatur Yogyakarta,1725000,"Akses 24 Jam,Boleh pasutri,Dilarang bawa hewan,Lawan jenis dilarang ke kamar,Maks. 2 orang/ kamar","AC,Cleaning service,Kasur,Kursi,Lemari Baju,Meja,TV","Dapur,Penjaga Kos,R. Keluarga,R. Santai,R. Tamu,Taman,WiFi",Parkir Mobil,ya,ya,tidak,Universitas Amikom Yogyakarta:680
https://mamikos.com/room/kost-kabupaten-sleman-kost-putri-murah-kost-pojokan-tipe-a-depok-sleman?redirection_source=list%20kos%20result%20boundary,Kost Pojokan Tipe A Depok Sleman,700000,"Ada jam malam untuk tamu,Akses 24 Jam,Harga termasuk listrik (sewa harian),Kamar hanya bagi penyewa,Kriteria umum,Lawan jenis dilarang ke kamar,Maks. 1 orang/ kamar,Tamu bebas berkunjung","Jendela,Kasur,Lemari Baju,Ventilasi","Balcon,Dapur,Jemuran,R. Jemur,R. Tamu,WiFi","Parkir Motor,Parkir Motor & Sepeda",tidak,ya,ya,Universitas Amikom Yogyakarta:1922
https://mamikos.com/room/kost-kabupaten-sleman-kost-putri-eksklusif-kost-syariah-griya-almira-1-ngaglik-sleman-2?redirection_source=list%20kos%20result%20boundary,Kost Syariah Griya Almira 1 Ngaglik Sleman,1350000,"Ada jam malam,Ada jam malam untuk tamu,Dilarang bawa hewan,Dilarang merokok di kamar,Khusus Mahasiswa,Lawan jenis dilarang ke kamar,Maks. 1 orang/ kamar","AC,Bantal,Cermin,Guling,Jendela,Kasur,Kulkas,Kursi,Lemari Baju,Meja,TV,Ventilasi,Wastafel","Balcon,CCTV,Dapur,Jemuran,Jual Makanan,Kulkas,Mesin Cuci,Pengurus Kos,Penjaga Kos,R. Cuci,R. Jemur,R. Makan,R. Santai,R. Tamu,TV,WiFi","Parkir Mobil,Parkir Motor,Parkir Sepeda",ya,ya,tidak,Universitas Islam Indonesia:2102
https://mamikos.com/room/kost-kabupaten-sleman-kost-putri-eksklusif-kost-singgahsini-rumah-putih-tipe-b-mlati-yogyakarta?redirection_source=list%20kos%20result%20boundary,Kost Singgahsini Rumah Putih Tipe B Mlati Yogyakarta,1375000,"Akses 24 Jam,Dilarang bawa hewan,Lawan jenis dilarang ke kamar,Maks. 2 orang/ kamar","AC,Bantal,Cermin,Guling,Kasur,Kursi,Lemari Baju,Meja,TV","Dapur,Dispenser,K. Mandi Luar,Kulkas,Penjaga Kos,R. Cuci,R. Tamu,TV,WiFi","Parkir Mobil,Parkir Motor & Sepeda,Parkir Sepeda",ya,ya,tidak,Universitas Teknologi Yogyakarta:3116
https://mamikos.com/room/kost-sleman-kost-putri-murah-kost-apik-roemah-aisyah-tipe-a-yogyakarta-2?redirection_source=list%20kos%20result%20boundary,Kost Apik Roemah Aisyah Tipe A Yogyakarta,625000,"Ada jam malam untuk tamu,Akses 24 Jam,Denda kerusakan barang kos,Dilarang bawa hewan,Dilarang merokok di kamar,Lawan jenis dilarang ke kamar,Maks. 2 orang/ kamar,Tamu menginap dikenakan biaya,Tidak boleh bawa anak,Tidak untuk pasutri,Wajib ikut piket","Bantal,Cermin,Guling,Jendela,Kasur,Kipas Angin,Lemari Baju,Ventilasi","Dapur,Jemuran,K. Mandi Luar,Penjaga Kos,R. Jemur,R. Tamu,WiFi",Parkir Motor & Sepeda,tidak,tidak,ya,Sekolah Tinggi Ilmu Kesehatan Aisyiyah Yogyakarta:745
https://mamikos.com/room/kost-kabupaten-sleman-kost-putri-eksklusif-kost-singgahsini-putri-maoni-tipe-c-gejayan-yogyakarta?redirection_source=list%20kos%20result%20boundary,Kost Singgahsini Putri Maoni Tipe C Gejayan Yogyakarta,1845000,"Akses 24 Jam,Dilarang bawa hewan,Lawan jenis dilarang ke kamar,Maks. 2 orang/ kamar,Tamu boleh menginap","AC,Bantal,Cleaning service,Guling,Kasur,Kursi,Lemari Baju,Meja,Sofa,TV","Dapur,Dispenser,Penjaga Kos,R. Jemur,R. Keluarga,R. Santai,R. Tamu,Rice Cooker,WiFi","Parkir Mobil,Parkir Sepeda",ya,ya,tidak,Universitas Negeri Yogyakarta:1008
https://mamikos.com/room/kost-kabupaten-sleman-kost-campur-eksklusif-kost-singgahsini-dcherry-pakuwon-mall-tipe-b-yogyakarta-2?redirection_source=list%20kos%20result%20boundary,Kost Singgahsini DCherry Pakuwon Mall Tipe B Yogyakarta,2125000,"Ada jam malam untuk tamu,Akses 24 Jam,Boleh pasutri,Denda kerusakan barang kos,Dilarang bawa hewan,Dilarang merokok di kamar,Lawan jenis dilarang ke kamar,Maks. 2 orang/ kamar,Tamu menginap dikenakan biaya,Tidak boleh bawa anak","AC,Jendela,Kasur,Kulkas,Kursi,Lemari Baju,Meja,TV","CCTV,Kulkas,Penjaga Kos,R. Tamu,TV,WiFi","Parkir Mobil,Parkir Motor & Sepeda",ya,ya,tidak,Universitas Amikom Yogyakarta:1485
https://mamikos.com/room/kost-sleman-kost-putra-eksklusif-kost-singgahsini-samara-tipe-b-yogyakarta-2?redirection_source=list%20kos%20result%20boundary,Kost Singgahsini Samara Tipe B Yogyakarta,1125000,"Akses 24 Jam,Denda kerusakan barang kos,Dilarang bawa hewan,Dilarang merokok di kamar,Lawan jenis dilarang ke kamar,Maks. 2 orang/ kamar,Tamu bebas berkunjung,Tamu boleh menginap,Tamu menginap dikenakan biaya,Tidak boleh bawa anak,Tidak untuk pasutri","AC,Jendela,Kasur,Lemari Baju","CCTV,Dapur,Kulkas,Penjaga Kos,R. Jemur,TV,WiFi","Parkir Mobil,Parkir Motor & Sepeda",ya,ya,tidak,Universitas Atma Jaya Yogyakarta:2463
https://mamikos.com/room/kost-sleman-kost-putra-murah-kost-mondokaki-jl-gejayan-depok-sleman?redirection_source=list%20kos%20result%20boundary,Kost Mondokaki Jl Gejayan Depok Sleman,458333,Tidak untuk pasutri,Jendela,"Balcon,Dapur,Jemuran,K. Mandi Luar,R. Jemur,R. Santai,R. Tamu,WiFi",Parkir Motor,ya,tidak,ya,Universitas Negeri Yogyakarta:1334
https://mamikos.com/room/kost-kabupaten-sleman-kost-putri-eksklusif-kost-singgahsini-aira-amikom-tipe-b-wedomartani-yogyakarta?redirection_source=list%20kos%20result%20boundary,Kost Singgahsini Aira AMIKOM Tipe B Wedomartani Yogyakarta,1075000,"Ada jam malam,Ada jam malam untuk tamu,Denda kerusakan barang kos,Dilarang bawa hewan,Dilarang merokok di kamar,Lawan jenis dilarang ke kamar,Tamu menginap dikenakan biaya,Wajib ikut piket","AC,Bantal,Cermin,Jendela,Kasur,Lemari Baju,Meja","R. Jemur,WiFi","Parkir Mobil,Parkir Sepeda",ya,ya,tidak,Universitas Amikom Yogyakarta:2059
https://mamikos.com/room/kost-kabupaten-sleman-kost-putra-eksklusif-kost-singgahsini-pramesthi-upn-tipe-a-yogyakarta?redirection_source=list%20kos%20result%20boundary,Kost Singgahsini Pramesthi UPN Tipe A Yogyakarta,1525000,"Ada jam malam untuk tamu,Akses 24 Jam,Denda kerusakan barang kos,Dilarang bawa hewan,Wajib ikut piket","AC,Bantal,Guling,Jendela,Kasur,Kulkas,Lemari Baju,Meja,TV,Ventilasi","CCTV,Dapur,Kulkas,Mesin Cuci,Penjaga Kos,R. Jemur,R. Makan,R. Tamu,TV,WiFi","Parkir Mobil,Parkir Sepeda",ya,tidak,ya,Universitas Negeri Yogyakarta:1671
https://mamikos.com/room/kost-sleman-kost-campur-eksklusif-kost-singgahsini-rumah-eyang-tipe-a-gejayan-yogyakarta-2?redirection_source=list%20kos%20result%20boundary,Kost Singgahsini Rumah Eyang Tipe A Gejayan Yogyakarta,1525000,"Ada jam malam,Ada jam malam untuk tamu,Boleh pasutri,Denda kerusakan barang kos,Dilarang bawa hewan,Dilarang merokok di kamar,Lawan jenis dilarang ke kamar,Maks. 2 orang/ kamar,Tamu boleh menginap,Tamu menginap dikenakan biaya,Tidak boleh bawa anak","AC,Bantal,Cermin,Guling,Jendela,Kasur,Kursi,Lemari Baju,Meja","Penjaga Kos,R. Tamu,WiFi","Parkir Mobil,Parkir Motor & Sepeda",ya,ya,tidak,Universitas Negeri Yogyakarta:1738
https://mamikos.com/room/kost-sleman-kost-putri-eksklusif-kost-singgahsini-omah-anggur-tipe-c-seturan-yogyakarta-1?redirection_source=list%20kos%20result%20boundary,Kost Singgahsini Omah Anggur Tipe C Seturan Yogyakarta,1825000,"Ada jam malam untuk tamu,Akses 24 Jam,Denda kerusakan barang kos,Dilarang merokok di kamar,Lawan jenis dilarang ke kamar,Maks. 2 orang/ kamar,Tamu menginap dikenakan biaya","AC,Bantal,Jendela,Kasur,Kursi,Lemari Baju,Meja,Ventilasi","Dapur,R. Tamu,WiFi","Parkir Mobil,Parkir Sepeda",ya,ya,tidak,Universitas Atma Jaya Yogyakarta:1131
https://mamikos.com/room/kost-kabupaten-sleman-kost-campur-murah-kost-carolus-ngaglik-sleman?redirection_source=list%20kos%20result%20boundary,Kost Carolus Ngaglik Sleman,750000,"Ada jam malam untuk tamu,Denda kerusakan barang kos,Dilarang bawa hewan,Kamar hanya bagi penyewa,Kriteria umum,Lawan jenis dilarang ke kamar,Maks. 1 orang/ kamar,Menunjukan bukti (-) Swab saat check-in,Tambah biaya untuk alat elektronik,Tamu dilarang menginap,Tidak bisa DP (sewa harian),Tidak boleh bawa anak,Tidak untuk pasutri","Kasur,Lemari Baju,Meja,Ventilasi","Jemuran,R. Jemur,R. Tamu,WiFi","Parkir Mobil,Parkir Motor,Parkir Motor & Sepeda,Parkir Sepeda",tidak,tidak,tidak,Sekolah Tinggi Ilmu Manajemen Ykpn:1962
https://mamikos.com/room/kost-kabupaten-sleman-kost-putra-eksklusif-kost-singgahsini-cozy-sawitsari-6-tipe-d-condongcatur-yogyakarta?redirection_source=list%20kos%20result%20boundary,Kost Singgahsini Cozy Sawitsari 6 Tipe D Condongcatur Yogyakarta,1425000,"Ada jam malam untuk tamu,Akses 24 Jam,Denda kerusakan barang kos,Dilarang bawa hewan,Dilarang merokok di kamar,Lawan jenis dilarang ke kamar,Maks. 2 orang/ kamar,Tambah biaya untuk alat elektronik,Tamu menginap dikenakan biaya,Wajib ikut piket","AC,Bantal,Cermin,Jendela,Kasur,Lemari Baju,Ventilasi","K. Mandi Luar,R. Tamu,WiFi",Parkir Mobil,ya,tidak,ya,Universitas Gadjah Mada:2035
https://mamikos.com/room/kost-kabupaten-sleman-kost-campur-eksklusif-kost-waringin-eksekutif-depok-sleman?redirection_source=list%20kos%20result%20boundary,Kost Waringin Eksekutif Depok Sleman,1300000,"Ada jam malam untuk tamu,Akses 24 Jam,Boleh pasutri,Dilarang bawa hewan,Kamar hanya bagi penyewa,Maks. 2 orang/ kamar,Tamu dilarang menginap","AC,Bantal,Cermin,Guling,Jendela,Kasur,Kursi,Lemari Baju,Meja,Ventilasi","Balcon,CCTV,Dapur,Jemuran,K. Mandi Luar,R. Makan,R. Santai,WiFi","Parkir Mobil,Parkir Motor,Parkir Motor & Sepeda,Parkir Sepeda",ya,tidak,tidak,Universitas Atma Jaya Yogyakarta:1792
https://mamikos.com/room/kost-sleman-kost-campur-eksklusif-kost-eksklusif-omah-adhem-tipe-b-sambilegi-yogyakarta-1?redirection_source=list%20kos%20result%20boundary,Kost Eksklusif Omah Adhem Tipe B Sambilegi Maguwoharjo Depok Sleman Yogyakarta,1450000,"Akses 24 Jam,Maks. 2 orang/ kamar","AC,Bantal,Cermin,Cleaning service,Dispenser,Guling,Jendela,Kasur,Kulkas,Kursi,Lemari Baju,Meja,Meja Rias,TV,Wastafel","Balcon,CCTV,Dapur,Dispenser,Kulkas,Laundry,Locker,Mesin Cuci,Mushola,Pengurus Kos,Penjaga Kos,R. Cuci,R. Jemur,R. Makan,R. Santai,R. Tamu,TV,WiFi","Parkir Mobil,Parkir Motor,Parkir Sepeda",ya,ya,tidak,Universitas Atma Jaya Yogyakarta:2344
https://mamikos.com/room/kost-kabupaten-sleman-kost-putra-eksklusif-kost-singgahsini-kledokan-seturan-tipe-b-yogyakarta?redirection_source=list%20kos%20result%20boundary,Kost Singgahsini Kledokan Seturan Tipe B Yogyakarta,1775000,"Ada jam malam untuk tamu,Akses 24 Jam,Denda kerusakan barang kos,Dilarang bawa hewan,Dilarang merokok di kamar,Kriteria umum,Lawan jenis dilarang ke kamar,Maks. 2 orang/ kamar,Tamu menginap dikenakan biaya","AC,Bantal,Guling,Kasur,Kursi,Lemari Baju,Meja,TV","CCTV,Dapur,Kulkas,R. Jemur,R. Tamu,WiFi","Parkir Mobil,Parkir Sepeda",ya,ya,tidak,Universitas Pembangunan Nasional Veteran Yogyakarta:694
https://mamikos.com/room/kost-kabupaten-sleman-kost-campur-eksklusif-kost-singgahsini-dcherry-pakuwon-mall-tipe-b-yogyakarta-2?redirection_source=list%20kos%20result%20boundary,Kost Singgahsini DCherry Pakuwon Mall Tipe B Yogyakarta,2125000,"Ada jam malam untuk tamu,Akses 24 Jam,Boleh pasutri,Denda kerusakan barang kos,Dilarang bawa hewan,Dilarang merokok di kamar,Lawan jenis dilarang ke kamar,Maks. 2 orang/ kamar,Tamu menginap dikenakan biaya,Tidak boleh bawa anak","AC,Jendela,Kasur,Kulkas,Kursi,Lemari Baju,Meja,TV","CCTV,Kulkas,Penjaga Kos,R. Tamu,TV,WiFi","Parkir Mobil,Parkir Motor & Sepeda",ya,ya,tidak,Universitas Amikom Yogyakarta:1485
https://mamikos.com/room/kost-sleman-kost-putra-eksklusif-kost-singgahsini-samara-tipe-b-yogyakarta-2?redirection_source=list%20kos%20result%20boundary,Kost Singgahsini Samara Tipe B Yogyakarta,1125000,"Akses 24 Jam,Denda kerusakan barang kos,Dilarang bawa hewan,Dilarang merokok di kamar,Lawan jenis dilarang ke kamar,Maks. 2 orang/ kamar,Tamu bebas berkunjung,Tamu boleh menginap,Tamu menginap dikenakan biaya,Tidak boleh bawa anak,Tidak untuk pasutri","AC,Jendela,Kasur,Lemari Baju","CCTV,Dapur,Kulkas,Penjaga Kos,R. Jemur,TV,WiFi","Parkir Mobil,Parkir Motor & Sepeda",ya,ya,tidak,Universitas Atma Jaya Yogyakarta:2463
https://mamikos.com/room/kost-sleman-kost-putra-murah-kost-mondokaki-jl-gejayan-depok-sleman?redirection_source=list%20kos%20result%20boundary,Kost Mondokaki Jl Gejayan Depok Sleman,458333,Tidak untuk pasutri,Jendela,"Balcon,Dapur,Jemuran,K. Mandi Luar,R. Jemur,R. Santai,R. Tamu,WiFi",Parkir Motor,ya,tidak,ya,Universitas Negeri Yogyakarta:1334
https://mamikos.com/room/kost-kabupaten-sleman-kost-putri-eksklusif-kost-singgahsini-aira-amikom-tipe-b-wedomartani-yogyakarta?redirection_source=list%20kos%20result%20boundary,Kost Singgahsini Aira AMIKOM Tipe B Wedomartani Yogyakarta,1075000,"Ada jam malam,Ada jam malam untuk tamu,Denda kerusakan barang kos,Dilarang bawa hewan,Dilarang merokok di kamar,Lawan jenis dilarang ke kamar,Tamu menginap dikenakan biaya,Wajib ikut piket","AC,Bantal,Cermin,Jendela,Kasur,Lemari Baju,Meja","R. Jemur,WiFi","Parkir Mobil,Parkir Sepeda",ya,ya,tidak,Universitas Amikom Yogyakarta:2059
https://mamikos.com/room/kost-kabupaten-sleman-kost-putra-eksklusif-kost-singgahsini-pramesthi-upn-tipe-a-yogyakarta?redirection_source=list%20kos%20result%20boundary,Kost Singgahsini Pramesthi UPN Tipe A Yogyakarta,1525000,"Ada jam malam untuk tamu,Akses 24 Jam,Denda kerusakan barang kos,Dilarang bawa hewan,Wajib ikut piket","AC,Bantal,Guling,Jendela,Kasur,Kulkas,Lemari Baju,Meja,TV,Ventilasi","CCTV,Dapur,Kulkas,Mesin Cuci,Penjaga Kos,R. Jemur,R. Makan,R. Tamu,TV,WiFi","Parkir Mobil,Parkir Sepeda",ya,tidak,ya,Universitas Negeri Yogyakarta:1671
https://mamikos.com/room/kost-sleman-kost-campur-eksklusif-kost-singgahsini-rumah-eyang-tipe-a-gejayan-yogyakarta-2?redirection_source=list%20kos%20result%20boundary,Kost Singgahsini Rumah Eyang Tipe A Gejayan Yogyakarta,1525000,"Ada jam malam,Ada jam malam untuk tamu,Boleh pasutri,Denda kerusakan barang kos,Dilarang bawa hewan,Dilarang merokok di kamar,Lawan jenis dilarang ke kamar,Maks. 2 orang/ kamar,Tamu boleh menginap,Tamu menginap dikenakan biaya,Tidak boleh bawa anak","AC,Bantal,Cermin,Guling,Jendela,Kasur,Kursi,Lemari Baju,Meja","Penjaga Kos,R. Tamu,WiFi","Parkir Mobil,Parkir Motor & Sepeda",ya,ya,tidak,Universitas Negeri Yogyakarta:1738
https://mamikos.com/room/kost-sleman-kost-putri-eksklusif-kost-singgahsini-omah-anggur-tipe-c-seturan-yogyakarta-1?redirection_source=list%20kos%20result%20boundary,Kost Singgahsini Omah Anggur Tipe C Seturan Yogyakarta,1825000,"Ada jam malam untuk tamu,Akses 24 Jam,Denda kerusakan barang kos,Dilarang merokok di kamar,Lawan jenis dilarang ke kamar,Maks. 2 orang/ kamar,Tamu menginap dikenakan biaya","AC,Bantal,Jendela,Kasur,Kursi,Lemari Baju,Meja,Ventilasi","Dapur,R. Tamu,WiFi","Parkir Mobil,Parkir Sepeda",ya,ya,tidak,Universitas Atma Jaya Yogyakarta:1131
https://mamikos.com/room/kost-kabupaten-sleman-kost-campur-murah-kost-carolus-ngaglik-sleman?redirection_source=list%20kos%20result%20boundary,Kost Carolus Ngaglik Sleman,750000,"Ada jam malam untuk tamu,Denda kerusakan barang kos,Dilarang bawa hewan,Kamar hanya bagi penyewa,Kriteria umum,Lawan jenis dilarang ke kamar,Maks. 1 orang/ kamar,Menunjukan bukti (-) Swab saat check-in,Tambah biaya untuk alat elektronik,Tamu dilarang menginap,Tidak bisa DP (sewa harian),Tidak boleh bawa anak,Tidak untuk pasutri","Kasur,Lemari Baju,Meja,Ventilasi","Jemuran,R. Jemur,R. Tamu,WiFi","Parkir Mobil,Parkir Motor,Parkir Motor & Sepeda,Parkir Sepeda",tidak,tidak,tidak,Sekolah Tinggi Ilmu Manajemen Ykpn:1962
https://mamikos.com/room/kost-kabupaten-sleman-kost-putra-eksklusif-kost-singgahsini-cozy-sawitsari-6-tipe-d-condongcatur-yogyakarta?redirection_source=list%20kos%20result%20boundary,Kost Singgahsini Cozy Sawitsari 6 Tipe D Condongcatur Yogyakarta,1425000,"Ada jam malam untuk tamu,Akses 24 Jam,Denda kerusakan barang kos,Dilarang bawa hewan,Dilarang merokok di kamar,Lawan jenis dilarang ke kamar,Maks. 2 orang/ kamar,Tambah biaya untuk alat elektronik,Tamu menginap dikenakan biaya,Wajib ikut piket","AC,Bantal,Cermin,Jendela,Kasur,Lemari Baju,Ventilasi","K. Mandi Luar,R. Tamu,WiFi",Parkir Mobil,ya,tidak,ya,Universitas Gadjah Mada:2035
https://mamikos.com/room/kost-kabupaten-sleman-kost-campur-eksklusif-kost-waringin-eksekutif-depok-sleman?redirection_source=list%20kos%20result%20boundary,Kost Waringin Eksekutif Depok Sleman,1300000,"Ada jam malam untuk tamu,Akses 24 Jam,Boleh pasutri,Dilarang bawa hewan,Kamar hanya bagi penyewa,Maks. 2 orang/ kamar,Tamu dilarang menginap","AC,Bantal,Cermin,Guling,Jendela,Kasur,Kursi,Lemari Baju,Meja,Ventilasi","Balcon,CCTV,Dapur,Jemuran,K. Mandi Luar,R. Makan,R. Santai,WiFi","Parkir Mobil,Parkir Motor,Parkir Motor & Sepeda,Parkir Sepeda",ya,tidak,tidak,Universitas Atma Jaya Yogyakarta:1792
https://mamikos.com/room/kost-sleman-kost-campur-eksklusif-kost-eksklusif-omah-adhem-tipe-b-sambilegi-yogyakarta-1?redirection_source=list%20kos%20result%20boundary,Kost Eksklusif Omah Adhem Tipe B Sambilegi Maguwoharjo Depok Sleman Yogyakarta,1450000,"Akses 24 Jam,Maks. 2 orang/ kamar","AC,Bantal,Cermin,Cleaning service,Dispenser,Guling,Jendela,Kasur,Kulkas,Kursi,Lemari Baju,Meja,Meja Rias,TV,Wastafel","Balcon,CCTV,Dapur,Dispenser,Kulkas,Laundry,Locker,Mesin Cuci,Mushola,Pengurus Kos,Penjaga Kos,R. Cuci,R. Jemur,R. Makan,R. Santai,R. Tamu,TV,WiFi","Parkir Mobil,Parkir Motor,Parkir Sepeda",ya,ya,tidak,Universitas Atma Jaya Yogyakarta:2344
https://mamikos.com/room/kost-kabupaten-sleman-kost-putra-eksklusif-kost-singgahsini-kledokan-seturan-tipe-b-yogyakarta?redirection_source=list%20kos%20result%20boundary,Kost Singgahsini Kledokan Seturan Tipe B Yogyakarta,1775000,"Ada jam malam untuk tamu,Akses 24 Jam,Denda kerusakan barang kos,Dilarang bawa hewan,Dilarang merokok di kamar,Kriteria umum,Lawan jenis dilarang ke kamar,Maks. 2 orang/ kamar,Tamu menginap dikenakan biaya","AC,Bantal,Guling,Kasur,Kursi,Lemari Baju,Meja,TV","CCTV,Dapur,Kulkas,R. Jemur,R. Tamu,WiFi","Parkir Mobil,Parkir Sepeda",ya,ya,tidak,Universitas Pembangunan Nasional Veteran Yogyakarta:694
https://mamikos.com/room/kost-kabupaten-sleman-kost-putra-murah-kost-singgahsini-cozy-sawitsari-6-tipe-a-condongcatur-yogyakarta-2?redirection_source=list%20kos%20result%20boundary,Kost Singgahsini Cozy Sawitsari 6 Tipe A Condongcatur Yogyakarta,900000,"Ada jam malam untuk tamu,Akses 24 Jam,Denda kerusakan barang kos,Dilarang bawa hewan,Dilarang merokok di kamar,Lawan jenis dilarang ke kamar,Maks. 2 orang/ kamar,Tambah biaya untuk alat elektronik,Tamu menginap dikenakan biaya,Wajib ikut piket","Bantal,Cermin,Jendela,Kasur,Lemari Baju","K. Mandi Luar,R. Tamu,WiFi",Parkir Mobil,ya,tidak,ya,Universitas Gadjah Mada:2030
https://mamikos.com/room/kost-kabupaten-sleman-kost-putri-eksklusif-kost-livingkoost-depok-sleman?redirection_source=list%20kos%20result%20boundary,Kost Livingkoost Depok Sleman,1900000,,"AC,Bantal,Cleaning service,Guling,Jendela,Kasur,Kursi,Ventilasi","Balcon,CCTV,Dapur,Dispenser,Jemuran,Kulkas,Penjaga Kos,R. Cuci,R. Jemur,R. Santai,R. Tamu,WiFi","Parkir Mobil,Parkir Motor,Parkir Motor & Sepeda,Parkir Sepeda",ya,ya,tidak,Universitas Gadjah Mada:1272
https://mamikos.com/room/kost-sleman-kost-campur-eksklusif-kost-singgahsini-rien-house-tipe-a-condongcatur-yogyakarta?redirection_source=list%20kos%20result%20boundary,Kost Singgahsini Rien House Tipe A Condongcatur Yogyakarta,1725000,"Akses 24 Jam,Boleh pasutri,Dilarang bawa hewan,Lawan jenis dilarang ke kamar,Maks. 2 orang/ kamar","AC,Cleaning service,Kasur,Kursi,Lemari Baju,Meja,TV","Dapur,Penjaga Kos,R. Keluarga,R. Santai,R. Tamu,Taman,WiFi",Parkir Mobil,ya,ya,tidak,Universitas Amikom Yogyakarta:680
https://mamikos.com/room/kost-kabupaten-sleman-kost-putri-eksklusif-kost-syariah-griya-almira-1-ngaglik-sleman-2?redirection_source=list%20kos%20result%20boundary,Kost Syariah Griya Almira 1 Ngaglik Sleman,1350000,"Ada jam malam,Ada jam malam untuk tamu,Dilarang bawa hewan,Dilarang merokok di kamar,Khusus Mahasiswa,Lawan jenis dilarang ke kamar,Maks. 1 orang/ kamar","AC,Bantal,Cermin,Guling,Jendela,Kasur,Kulkas,Kursi,Lemari Baju,Meja,TV,Ventilasi,Wastafel","Balcon,CCTV,Dapur,Jemuran,Jual Makanan,Kulkas,Mesin Cuci,Pengurus Kos,Penjaga Kos,R. Cuci,R. Jemur,R. Makan,R. Santai,R. Tamu,TV,WiFi","Parkir Mobil,Parkir Motor,Parkir Sepeda",ya,ya,tidak,Universitas Islam Indonesia:2102
https://mamikos.com/room/kost-kabupaten-sleman-kost-putri-eksklusif-kost-singgahsini-rumah-putih-tipe-b-mlati-yogyakarta?redirection_source=list%20kos%20result%20boundary,Kost Singgahsini Rumah Putih Tipe B Mlati Yogyakarta,1375000,"Akses 24 Jam,Dilarang bawa hewan,Lawan jenis dilarang ke kamar,Maks. 2 orang/ kamar","AC,Bantal,Cermin,Guling,Kasur,Kursi,Lemari Baju,Meja,TV","Dapur,Dispenser,K. Mandi Luar,Kulkas,Penjaga Kos,R. Cuci,R. Tamu,TV,WiFi","Parkir Mobil,Parkir Motor & Sepeda,Parkir Sepeda",ya,ya,tidak,Universitas Teknologi Yogyakarta:3116
https://mamikos.com/room/kost-sleman-kost-putri-murah-kost-apik-roemah-aisyah-tipe-a-yogyakarta-2?redirection_source=list%20kos%20result%20boundary,Kost Apik Roemah Aisyah Tipe A Yogyakarta,625000,"Ada jam malam untuk tamu,Akses 24 Jam,Denda kerusakan barang kos,Dilarang bawa hewan,Dilarang merokok di kamar,Lawan jenis dilarang ke kamar,Maks. 2 orang/ kamar,Tamu menginap dikenakan biaya,Tidak boleh bawa anak,Tidak untuk pasutri,Wajib ikut piket","Bantal,Cermin,Guling,Jendela,Kasur,Kipas Angin,Lemari Baju,Ventilasi","Dapur,Jemuran,K. Mandi Luar,Penjaga Kos,R. Jemur,R. Tamu,WiFi",Parkir Motor & Sepeda,tidak,tidak,ya,Sekolah Tinggi Ilmu Kesehatan Aisyiyah Yogyakarta:745
https://mamikos.com/room/kost-kabupaten-sleman-kost-putri-eksklusif-kost-singgahsini-putri-maoni-tipe-c-gejayan-yogyakarta?redirection_source=list%20kos%20result%20boundary,Kost Singgahsini Putri Maoni Tipe C Gejayan Yogyakarta,1845000,"Akses 24 Jam,Dilarang bawa hewan,Lawan jenis dilarang ke kamar,Maks. 2 orang/ kamar,Tamu boleh menginap","AC,Bantal,Cleaning service,Guling,Kasur,Kursi,Lemari Baju,Meja,Sofa,TV","Dapur,Dispenser,Penjaga Kos,R. Jemur,R. Keluarga,R. Santai,R. Tamu,Rice Cooker,WiFi","Parkir Mobil,Parkir Sepeda",ya,ya,tidak,Universitas Negeri Yogyakarta:1008
https://mamikos.com/room/kost-kabupaten-sleman-kost-campur-eksklusif-kost-singgahsini-dcherry-pakuwon-mall-tipe-b-yogyakarta-2?redirection_source=list%20kos%20result%20boundary,Kost Singgahsini DCherry Pakuwon Mall Tipe B Yogyakarta,2125000,"Ada jam malam untuk tamu,Akses 24 Jam,Boleh pasutri,Denda kerusakan barang kos,Dilarang bawa hewan,Dilarang merokok di kamar,Lawan jenis dilarang ke kamar,Maks. 2 orang/ kamar,Tamu menginap dikenakan biaya,Tidak boleh bawa anak","AC,Jendela,Kasur,Kulkas,Kursi,Lemari Baju,Meja,TV","CCTV,Kulkas,Penjaga Kos,R. Tamu,TV,WiFi","Parkir Mobil,Parkir Motor & Sepeda",ya,ya,tidak,Universitas Amikom Yogyakarta:1485
https://mamikos.com/room/kost-sleman-kost-putra-eksklusif-kost-singgahsini-samara-tipe-b-yogyakarta-2?redirection_source=list%20kos%20result%20boundary,Kost Singgahsini Samara Tipe B Yogyakarta,1125000,"Akses 24 Jam,Denda kerusakan barang kos,Dilarang bawa hewan,Dilarang merokok di kamar,Lawan jenis dilarang ke kamar,Maks. 2 orang/ kamar,Tamu bebas berkunjung,Tamu boleh menginap,Tamu menginap dikenakan biaya,Tidak boleh bawa anak,Tidak untuk pasutri","AC,Jendela,Kasur,Lemari Baju","CCTV,Dapur,Kulkas,Penjaga Kos,R. Jemur,TV,WiFi","Parkir Mobil,Parkir Motor & Sepeda",ya,ya,tidak,Universitas Atma Jaya Yogyakarta:2463
https://mamikos.com/room/kost-sleman-kost-putra-murah-kost-mondokaki-jl-gejayan-depok-sleman?redirection_source=list%20kos%20result%20boundary,Kost Mondokaki Jl Gejayan Depok Sleman,458333,Tidak untuk pasutri,Jendela,"Balcon,Dapur,Jemuran,K. Mandi Luar,R. Jemur,R. Santai,R. Tamu,WiFi",Parkir Motor,ya,tidak,ya,Universitas Negeri Yogyakarta:1334
https://mamikos.com/room/kost-kabupaten-sleman-kost-putri-eksklusif-kost-singgahsini-aira-amikom-tipe-b-wedomartani-yogyakarta?redirection_source=list%20kos%20result%20boundary,Kost Singgahsini Aira AMIKOM Tipe B Wedomartani Yogyakarta,1075000,"Ada jam malam,Ada jam malam untuk tamu,Denda kerusakan barang kos,Dilarang bawa hewan,Dilarang merokok di kamar,Lawan jenis dilarang ke kamar,Tamu menginap dikenakan biaya,Wajib ikut piket","AC,Bantal,Cermin,Jendela,Kasur,Lemari Baju,Meja","R. Jemur,WiFi","Parkir Mobil,Parkir Sepeda",ya,ya,tidak,Universitas Amikom Yogyakarta:2059
https://mamikos.com/room/kost-kabupaten-sleman-kost-putra-eksklusif-kost-singgahsini-pramesthi-upn-tipe-a-yogyakarta?redirection_source=list%20kos%20result%20boundary,Kost Singgahsini Pramesthi UPN Tipe A Yogyakarta,1525000,"Ada jam malam untuk tamu,Akses 24 Jam,Denda kerusakan barang kos,Dilarang bawa hewan,Wajib ikut piket","AC,Bantal,Guling,Jendela,Kasur,Kulkas,Lemari Baju,Meja,TV,Ventilasi","CCTV,Dapur,Kulkas,Mesin Cuci,Penjaga Kos,R. Jemur,R. Makan,R. Tamu,TV,WiFi","Parkir Mobil,Parkir Sepeda",ya,tidak,ya,Universitas Negeri Yogyakarta:1671
https://mamikos.com/room/kost-sleman-kost-campur-eksklusif-kost-singgahsini-rumah-eyang-tipe-a-gejayan-yogyakarta-2?redirection_source=list%20kos%20result%20boundary,Kost Singgahsini Rumah Eyang Tipe A Gejayan Yogyakarta,1525000,"Ada jam malam,Ada jam malam untuk tamu,Boleh pasutri,Denda kerusakan barang kos,Dilarang bawa hewan,Dilarang merokok di kamar,Lawan jenis dilarang ke kamar,Maks. 2 orang/ kamar,Tamu boleh menginap,Tamu menginap dikenakan biaya,Tidak boleh bawa anak","AC,Bantal,Cermin,Guling,Jendela,Kasur,Kursi,Lemari Baju,Meja","Penjaga Kos,R. Tamu,WiFi","Parkir Mobil,Parkir Motor & Sepeda",ya,ya,tidak,Universitas Negeri Yogyakarta:1738
https://mamikos.com/room/kost-sleman-kost-putri-eksklusif-kost-singgahsini-omah-anggur-tipe-c-seturan-yogyakarta-1?redirection_source=list%20kos%20result%20boundary,Kost Singgahsini Omah Anggur Tipe C Seturan Yogyakarta,1825000,"Ada jam malam untuk tamu,Akses 24 Jam,Denda kerusakan barang kos,Dilarang merokok di kamar,Lawan jenis dilarang ke kamar,Maks. 2 orang/ kamar,Tamu menginap dikenakan biaya","AC,Bantal,Jendela,Kasur,Kursi,Lemari Baju,Meja,Ventilasi","Dapur,R. Tamu,WiFi","Parkir Mobil,Parkir Sepeda",ya,ya,tidak,Universitas Atma Jaya Yogyakarta:1131
https://mamikos.com/room/kost-kabupaten-sleman-kost-putra-murah-kost-singgahsini-cozy-sawitsari-6-tipe-a-condongcatur-yogyakarta-2?redirection_source=list%20kos%20result%20boundary,Kost Singgahsini Cozy Sawitsari 6 Tipe A Condongcatur Yogyakarta,900000,"Ada jam malam untuk tamu,Akses 24 Jam,Denda kerusakan barang kos,Dilarang bawa hewan,Dilarang merokok di kamar,Lawan jenis dilarang ke kamar,Maks. 2 orang/ kamar,Tambah biaya untuk alat elektronik,Tamu menginap dikenakan biaya,Wajib ikut piket","Bantal,Cermin,Jendela,Kasur,Lemari Baju","K. Mandi Luar,R. Tamu,WiFi",Parkir Mobil,ya,tidak,ya,Universitas Gadjah Mada:2030
https://mamikos.com/room/kost-kabupaten-sleman-kost-putri-eksklusif-kost-livingkoost-depok-sleman?redirection_source=list%20kos%20result%20boundary,Kost Livingkoost Depok Sleman,1900000,,"AC,Bantal,Cleaning service,Guling,Jendela,Kasur,Kursi,Ventilasi","Balcon,CCTV,Dapur,Dispenser,Jemuran,Kulkas,Penjaga Kos,R. Cuci,R. Jemur,R. Santai,R. Tamu,WiFi","Parkir Mobil,Parkir Motor,Parkir Motor & Sepeda,Parkir Sepeda",ya,ya,tidak,Universitas Gadjah Mada:1272
https://mamikos.com/room/kost-sleman-kost-campur-eksklusif-kost-singgahsini-rien-house-tipe-a-condongcatur-yogyakarta?redirection_source=list%20kos%20result%20boundary,Kost Singgahsini Rien House Tipe A Condongcatur Yogyakarta,1725000,"Akses 24 Jam,Boleh pasutri,Dilarang bawa hewan,Lawan jenis dilarang ke kamar,Maks. 2 orang/ kamar","AC,Cleaning service,Kasur,Kursi,Lemari Baju,Meja,TV","Dapur,Penjaga Kos,R. Keluarga,R. Santai,R. Tamu,Taman,WiFi",Parkir Mobil,ya,ya,tidak,Universitas Amikom Yogyakarta:680
https://mamikos.com/room/kost-kabupaten-sleman-kost-putri-murah-kost-pojokan-tipe-a-depok-sleman?redirection_source=list%20kos%20result%20boundary,Kost Pojokan Tipe A Depok Sleman,700000,"Ada jam malam untuk tamu,Akses 24 Jam,Harga termasuk listrik (sewa harian),Kamar hanya bagi penyewa,Kriteria umum,Lawan jenis dilarang ke kamar,Maks. 1 orang/ kamar,Tamu bebas berkunjung","Jendela,Kasur,Lemari Baju,Ventilasi","Balcon,Dapur,Jemuran,R. Jemur,R. Tamu,WiFi","Parkir Motor,Parkir Motor & Sepeda",tidak,ya,ya,Universitas Amikom Yogyakarta:1922
https://mamikos.com/room/kost-sleman-kost-campur-eksklusif-kost-singgahsini-rien-house-tipe-a-condongcatur-yogyakarta?redirection_source=list%20kos%20result%20boundary,Kost Singgahsini Rien House Tipe A Condongcatur Yogyakarta,1725000,"Akses 24 Jam,Boleh pasutri,Dilarang bawa hewan,Lawan jenis dilarang ke kamar,Maks. 2 orang/ kamar","AC,Cleaning service,Kasur,Kursi,Lemari Baju,Meja,TV","Dapur,Penjaga Kos,R. Keluarga,R. Santai,R. Tamu,Taman,WiFi",Parkir Mobil,ya,ya,tidak,Universitas Amikom Yogyakarta:680
https://mamikos.com/room/kost-kabupaten-sleman-kost-putri-murah-kost-pojokan-tipe-a-depok-sleman?redirection_source=list%20kos%20result%20boundary,Kost Pojokan Tipe A Depok Sleman,700000,"Ada jam malam untuk tamu,Akses 24 Jam,Harga termasuk listrik (sewa harian),Kamar hanya bagi penyewa,Kriteria umum,Lawan jenis dilarang ke kamar,Maks. 1 orang/ kamar,Tamu bebas berkunjung","Jendela,Kasur,Lemari Baju,Ventilasi","Balcon,Dapur,Jemuran,R. Jemur,R. Tamu,WiFi","Parkir Motor,Parkir Motor & Sepeda",tidak,ya,ya,Universitas Amikom Yogyakarta:1922
https://mamikos.com/room/kost-kabupaten-sleman-kost-putri-eksklusif-kost-syariah-griya-almira-1-ngaglik-sleman-2?redirection_source=list%20kos%20result%20boundary,Kost Syariah Griya Almira 1 Ngaglik Sleman,1350000,"Ada jam malam,Ada jam malam untuk tamu,Dilarang bawa hewan,Dilarang merokok di kamar,Khusus Mahasiswa,Lawan jenis dilarang ke kamar,Maks. 1 orang/ kamar","AC,Bantal,Cermin,Guling,Jendela,Kasur,Kulkas,Kursi,Lemari Baju,Meja,TV,Ventilasi,Wastafel","Balcon,CCTV,Dapur,Jemuran,Jual Makanan,Kulkas,Mesin Cuci,Pengurus Kos,Penjaga Kos,R. Cuci,R. Jemur,R. Makan,R. Santai,R. Tamu,TV,WiFi","Parkir Mobil,Parkir Motor,Parkir Sepeda",ya,ya,tidak,Universitas Islam Indonesia:2102
https://mamikos.com/room/kost-kabupaten-sleman-kost-putri-eksklusif-kost-singgahsini-rumah-putih-tipe-b-mlati-yogyakarta?redirection_source=list%20kos%20result%20boundary,Kost Singgahsini Rumah Putih Tipe B Mlati Yogyakarta,1375000,"Akses 24 Jam,Dilarang bawa hewan,Lawan jenis dilarang ke kamar,Maks. 2 orang/ kamar","AC,Bantal,Cermin,Guling,Kasur,Kursi,Lemari Baju,Meja,TV","Dapur,Dispenser,K. Mandi Luar,Kulkas,Penjaga Kos,R. Cuci,R. Tamu,TV,WiFi","Parkir Mobil,Parkir Motor & Sepeda,Parkir Sepeda",ya,ya,tidak,Universitas Teknologi Yogyakarta:3116
https://mamikos.com/room/kost-sleman-kost-putri-murah-kost-apik-roemah-aisyah-tipe-a-yogyakarta-2?redirection_source=list%20kos%20result%20boundary,Kost Apik Roemah Aisyah Tipe A Yogyakarta,625000,"Ada jam malam untuk tamu,Akses 24 Jam,Denda kerusakan barang kos,Dilarang bawa hewan,Dilarang merokok di kamar,Lawan jenis dilarang ke kamar,Maks. 2 orang/ kamar,Tamu menginap dikenakan biaya,Tidak boleh bawa anak,Tidak untuk pasutri,Wajib ikut piket","Bantal,Cermin,Guling,Jendela,Kasur,Kipas Angin,Lemari Baju,Ventilasi","Dapur,Jemuran,K. Mandi Luar,Penjaga Kos,R. Jemur,R. Tamu,WiFi",Parkir Motor & Sepeda,tidak,tidak,ya,Sekolah Tinggi Ilmu Kesehatan Aisyiyah Yogyakarta:745
https://mamikos.com/room/kost-kabupaten-sleman-kost-putri-eksklusif-kost-singgahsini-putri-maoni-tipe-c-gejayan-yogyakarta?redirection_source=list%20kos%20result%20boundary,Kost Singgahsini Putri Maoni Tipe C Gejayan Yogyakarta,1845000,"Akses 24 Jam,Dilarang bawa hewan,Lawan jenis dilarang ke kamar,Maks. 2 orang/ kamar,Tamu boleh menginap","AC,Bantal,Cleaning service,Guling,Kasur,Kursi,Lemari Baju,Meja,Sofa,TV","Dapur,Dispenser,Penjaga Kos,R. Jemur,R. Keluarga,R. Santai,R. Tamu,Rice Cooker,WiFi","Parkir Mobil,Parkir Sepeda",ya,ya,tidak,Universitas Negeri Yogyakarta:1008
https://mamikos.com/room/kost-kabupaten-sleman-kost-campur-eksklusif-kost-singgahsini-dcherry-pakuwon-mall-tipe-b-yogyakarta-2?redirection_source=list%20kos%20result%20boundary,Kost Singgahsini DCherry Pakuwon Mall Tipe B Yogyakarta,2125000,"Ada jam malam untuk tamu,Akses 24 Jam,Boleh pasutri,Denda kerusakan barang kos,Dilarang bawa hewan,Dilarang merokok di kamar,Lawan jenis dilarang ke kamar,Maks. 2 orang/ kamar,Tamu menginap dikenakan biaya,Tidak boleh bawa anak","AC,Jendela,Kasur,Kulkas,Kursi,Lemari Baju,Meja,TV","CCTV,Kulkas,Penjaga Kos,R. Tamu,TV,WiFi","Parkir Mobil,Parkir Motor & Sepeda",ya,ya,tidak,Universitas Amikom Yogyakarta:1485
https://mamikos.com/room/kost-sleman-kost-putra-eksklusif-kost-singgahsini-samara-tipe-b-yogyakarta-2?redirection_source=list%20kos%20result%20boundary,Kost Singgahsini Samara Tipe B Yogyakarta,1125000,"Akses 24 Jam,Denda kerusakan barang kos,Dilarang bawa hewan,Dilarang merokok di kamar,Lawan jenis dilarang ke kamar,Maks. 2 orang/ kamar,Tamu bebas berkunjung,Tamu boleh menginap,Tamu menginap dikenakan biaya,Tidak boleh bawa anak,Tidak untuk pasutri","AC,Jendela,Kasur,Lemari Baju","CCTV,Dapur,Kulkas,Penjaga Kos,R. Jemur,TV,WiFi","Parkir Mobil,Parkir Motor & Sepeda",ya,ya,tidak,Universitas Atma Jaya Yogyakarta:2463
https://mamikos.com/room/kost-sleman-kost-putra-murah-kost-mondokaki-jl-gejayan-depok-sleman?redirection_source=list%20kos%20result%20boundary,Kost Mondokaki Jl Gejayan Depok Sleman,458333,Tidak untuk pasutri,Jendela,"Balcon,Dapur,Jemuran,K. Mandi Luar,R. Jemur,R. Santai,R. Tamu,WiFi",Parkir Motor,ya,tidak,ya,Universitas Negeri Yogyakarta:1334
https://mamikos.com/room/kost-kabupaten-sleman-kost-putri-eksklusif-kost-singgahsini-aira-amikom-tipe-b-wedomartani-yogyakarta?redirection_source=list%20kos%20result%20boundary,Kost Singgahsini Aira AMIKOM Tipe B Wedomartani Yogyakarta,1075000,"Ada jam malam,Ada jam malam untuk tamu,Denda kerusakan barang kos,Dilarang bawa hewan,Dilarang merokok di kamar,Lawan jenis dilarang ke kamar,Tamu menginap dikenakan biaya,Wajib ikut piket","AC,Bantal,Cermin,Jendela,Kasur,Lemari Baju,Meja","R. Jemur,WiFi","Parkir Mobil,Parkir Sepeda",ya,ya,tidak,Universitas Amikom Yogyakarta:2059
https://mamikos.com/room/kost-kabupaten-sleman-kost-campur-murah-kost-carolus-ngaglik-sleman?redirection_source=list%20kos%20result%20boundary,Kost Carolus Ngaglik Sleman,750000,"Ada jam malam untuk tamu,Denda kerusakan barang kos,Dilarang bawa hewan,Kamar hanya bagi penyewa,Kriteria umum,Lawan jenis dilarang ke kamar,Maks. 1 orang/ kamar,Menunjukan bukti (-) Swab saat check-in,Tambah biaya untuk alat elektronik,Tamu dilarang menginap,Tidak bisa DP (sewa harian),Tidak boleh bawa anak,Tidak untuk pasutri","Kasur,Lemari Baju,Meja,Ventilasi","Jemuran,R. Jemur,R. Tamu,WiFi","Parkir Mobil,Parkir Motor,Parkir Motor & Sepeda,Parkir Sepeda",tidak,tidak,tidak,Sekolah Tinggi Ilmu Manajemen Ykpn:1962
https://mamikos.com/room/kost-kabupaten-sleman-kost-putra-eksklusif-kost-singgahsini-cozy-sawitsari-6-tipe-d-condongcatur-yogyakarta?redirection_source=list%20kos%20result%20boundary,Kost Singgahsini Cozy Sawitsari 6 Tipe D Condongcatur Yogyakarta,1425000,"Ada jam malam untuk tamu,Akses 24 Jam,Denda kerusakan barang kos,Dilarang bawa hewan,Dilarang merokok di kamar,Lawan jenis dilarang ke kamar,Maks. 2 orang/ kamar,Tambah biaya untuk alat elektronik,Tamu menginap dikenakan biaya,Wajib ikut piket","AC,Bantal,Cermin,Jendela,Kasur,Lemari Baju,Ventilasi","K. Mandi Luar,R. Tamu,WiFi",Parkir Mobil,ya,tidak,ya,Universitas Gadjah Mada:2035
https://mamikos.com/room/kost-kabupaten-sleman-kost-campur-eksklusif-kost-waringin-eksekutif-depok-sleman?redirection_source=list%20kos%20result%20boundary,Kost Waringin Eksekutif Depok Sleman,1300000,"Ada jam malam untuk tamu,Akses 24 Jam,Boleh pasutri,Dilarang bawa hewan,Kamar hanya bagi penyewa,Maks. 2 orang/ kamar,Tamu dilarang menginap","AC,Bantal,Cermin,Guling,Jendela,Kasur,Kursi,Lemari Baju,Meja,Ventilasi","Balcon,CCTV,Dapur,Jemuran,K. Mandi Luar,R. Makan,R. Santai,WiFi","Parkir Mobil,Parkir Motor,Parkir Motor & Sepeda,Parkir Sepeda",ya,tidak,tidak,Universitas Atma Jaya Yogyakarta:1792
https://mamikos.com/room/kost-sleman-kost-campur-eksklusif-kost-eksklusif-omah-adhem-tipe-b-sambilegi-yogyakarta-1?redirection_source=list%20kos%20result%20boundary,Kost Eksklusif Omah Adhem Tipe B Sambilegi Maguwoharjo Depok Sleman Yogyakarta,1450000,"Akses 24 Jam,Maks. 2 orang/ kamar","AC,Bantal,Cermin,Cleaning service,Dispenser,Guling,Jendela,Kasur,Kulkas,Kursi,Lemari Baju,Meja,Meja Rias,TV,Wastafel","Balcon,CCTV,Dapur,Dispenser,Kulkas,Laundry,Locker,Mesin Cuci,Mushola,Pengurus Kos,Penjaga Kos,R. Cuci,R. Jemur,R. Makan,R. Santai,R. Tamu,TV,WiFi","Parkir Mobil,Parkir Motor,Parkir Sepeda",ya,ya,tidak,Universitas Atma Jaya Yogyakarta:2344
https://mamikos.com/room/kost-kabupaten-sleman-kost-putri-eksklusif-kost-singgahsini-rumah-putih-tipe-b-mlati-yogyakarta?redirection_source=list%20kos%20result%20boundary,Kost Singgahsini Rumah Putih Tipe B Mlati Yogyakarta,1375000,"Akses 24 Jam,Dilarang bawa hewan,Lawan jenis dilarang ke kamar,Maks. 2 orang/ kamar","AC,Bantal,Cermin,Guling,Kasur,Kursi,Lemari Baju,Meja,TV","Dapur,Dispenser,K. Mandi Luar,Kulkas,Penjaga Kos,R. Cuci,R. Tamu,TV,WiFi","Parkir Mobil,Parkir Motor & Sepeda,Parkir Sepeda",ya,ya,tidak,Universitas Teknologi Yogyakarta:3116
https://mamikos.com/room/kost-sleman-kost-putri-murah-kost-apik-roemah-aisyah-tipe-a-yogyakarta-2?redirection_source=list%20kos%20result%20boundary,Kost Apik Roemah Aisyah Tipe A Yogyakarta,625000,"Ada jam malam untuk tamu,Akses 24 Jam,Denda kerusakan barang kos,Dilarang bawa hewan,Dilarang merokok di kamar,Lawan jenis dilarang ke kamar,Maks. 2 orang/ kamar,Tamu menginap dikenakan biaya,Tidak boleh bawa anak,Tidak untuk pasutri,Wajib ikut piket","Bantal,Cermin,Guling,Jendela,Kasur,Kipas Angin,Lemari Baju,Ventilasi","Dapur,Jemuran,K. Mandi Luar,Penjaga Kos,R. Jemur,R. Tamu,WiFi",Parkir Motor & Sepeda,tidak,tidak,ya,Sekolah Tinggi Ilmu Kesehatan Aisyiyah Yogyakarta:745
https://mamikos.com/room/kost-kabupaten-sleman-kost-putri-eksklusif-kost-singgahsini-putri-maoni-tipe-c-gejayan-yogyakarta?redirection_source=list%20kos%20result%20boundary,Kost Singgahsini Putri Maoni Tipe C Gejayan Yogyakarta,1845000,"Akses 24 Jam,Dilarang bawa hewan,Lawan jenis dilarang ke kamar,Maks. 2 orang/ kamar,Tamu boleh menginap","AC,Bantal,Cleaning service,Guling,Kasur,Kursi,Lemari Baju,Meja,Sofa,TV","Dapur,Dispenser,Penjaga Kos,R. Jemur,R. Keluarga,R. Santai,R. Tamu,Rice Cooker,WiFi","Parkir Mobil,Parkir Sepeda",ya,ya,tidak,Universitas Negeri Yogyakarta:1008
https://mamikos.com/room/kost-kabupaten-sleman-kost-campur-eksklusif-kost-singgahsini-dcherry-pakuwon-mall-tipe-b-yogyakarta-2?redirection_source=list%20kos%20result%20boundary,Kost Singgahsini DCherry Pakuwon Mall Tipe B Yogyakarta,2125000,"Ada jam malam untuk tamu,Akses 24 Jam,Boleh pasutri,Denda kerusakan barang kos,Dilarang bawa hewan,Dilarang merokok di kamar,Lawan jenis dilarang ke kamar,Maks. 2 orang/ kamar,Tamu menginap dikenakan biaya,Tidak boleh bawa anak","AC,Jendela,Kasur,Kulkas,Kursi,Lemari Baju,Meja,TV","CCTV,Kulkas,Penjaga Kos,R. Tamu,TV,WiFi","Parkir Mobil,Parkir Motor & Sepeda",ya,ya,tidak,Universitas Amikom Yogyakarta:1485
https://mamikos.com/room/kost-sleman-kost-putra-eksklusif-kost-singgahsini-samara-tipe-b-yogyakarta-2?redirection_source=list%20kos%20result%20boundary,Kost Singgahsini Samara Tipe B Yogyakarta,1125000,"Akses 24 Jam,Denda kerusakan barang kos,Dilarang bawa hewan,Dilarang merokok di kamar,Lawan jenis dilarang ke kamar,Maks. 2 orang/ kamar,Tamu bebas berkunjung,Tamu boleh menginap,Tamu menginap dikenakan biaya,Tidak boleh bawa anak,Tidak untuk pasutri","AC,Jendela,Kasur,Lemari Baju","CCTV,Dapur,Kulkas,Penjaga Kos,R. Jemur,TV,WiFi","Parkir Mobil,Parkir Motor & Sepeda",ya,ya,tidak,Universitas Atma Jaya Yogyakarta:2463
https://mamikos.com/room/kost-sleman-kost-putra-murah-kost-mondokaki-jl-gejayan-depok-sleman?redirection_source=list%20kos%20result%20boundary,Kost Mondokaki Jl Gejayan Depok Sleman,458333,Tidak untuk pasutri,Jendela,"Balcon,Dapur,Jemuran,K. Mandi Luar,R. Jemur,R. Santai,R. Tamu,WiFi",Parkir Motor,ya,tidak,ya,Universitas Negeri Yogyakarta:1334
https://mamikos.com/room/kost-kabupaten-sleman-kost-putri-eksklusif-kost-singgahsini-aira-amikom-tipe-b-wedomartani-yogyakarta?redirection_source=list%20kos%20result%20boundary,Kost Singgahsini Aira AMIKOM Tipe B Wedomartani Yogyakarta,1075000,"Ada jam malam,Ada jam malam untuk tamu,Denda kerusakan barang kos,Dilarang bawa hewan,Dilarang merokok di kamar,Lawan jenis dilarang ke kamar,Tamu menginap dikenakan biaya,Wajib ikut piket","AC,Bantal,Cermin,Jendela,Kasur,Lemari Baju,Meja","R. Jemur,WiFi","Parkir Mobil,Parkir Sepeda",ya,ya,tidak,Universitas Amikom Yogyakarta:2059
https://mamikos.com/room/kost-kabupaten-sleman-kost-putra-eksklusif-kost-singgahsini-pramesthi-upn-tipe-a-yogyakarta?redirection_source=list%20kos%20result%20boundary,Kost Singgahsini Pramesthi UPN Tipe A Yogyakarta,1525000,"Ada jam malam untuk tamu,Akses 24 Jam,Denda kerusakan barang kos,Dilarang bawa hewan,Wajib ikut piket","AC,Bantal,Guling,Jendela,Kasur,Kulkas,Lemari Baju,Meja,TV,Ventilasi","CCTV,Dapur,Kulkas,Mesin Cuci,Penjaga Kos,R. Jemur,R. Makan,R. Tamu,TV,WiFi","Parkir Mobil,Parkir Sepeda",ya,tidak,ya,Universitas Negeri Yogyakarta:1671
https://mamikos.com/room/kost-kabupaten-sleman-kost-putri-eksklusif-kost-singgahsini-aira-amikom-tipe-b-wedomartani-yogyakarta?redirection_source=list%20kos%20result%20boundary,Kost Singgahsini Aira AMIKOM Tipe B Wedomartani Yogyakarta,1075000,"Ada jam malam,Ada jam malam untuk tamu,Denda kerusakan barang kos,Dilarang bawa hewan,Dilarang merokok di kamar,Lawan jenis dilarang ke kamar,Tamu menginap dikenakan biaya,Wajib ikut piket","AC,Bantal,Cermin,Jendela,Kasur,Lemari Baju,Meja","R. Jemur,WiFi","Parkir Mobil,Parkir Sepeda",ya,ya,tidak,Universitas Amikom Yogyakarta:2059
https://mamikos.com/room/kost-kabupaten-sleman-kost-putra-eksklusif-kost-singgahsini-pramesthi-upn-tipe-a-yogyakarta?redirection_source=list%20kos%20result%20boundary,Kost Singgahsini Pramesthi UPN Tipe A Yogyakarta,1525000,"Ada jam malam untuk tamu,Akses 24 Jam,Denda kerusakan barang kos,Dilarang bawa hewan,Wajib ikut piket","AC,Bantal,Guling,Jendela,Kasur,Kulkas,Lemari Baju,Meja,TV,Ventilasi","CCTV,Dapur,Kulkas,Mesin Cuci,Penjaga Kos,R. Jemur,R. Makan,R. Tamu,TV,WiFi","Parkir Mobil,Parkir Sepeda",ya,tidak,ya,Universitas Negeri Yogyakarta:1671
https://mamikos.com/room/kost-sleman-kost-campur-eksklusif-kost-singgahsini-rumah-eyang-tipe-a-gejayan-yogyakarta-2?redirection_source=list%20kos%20result%20boundary,Kost Singgahsini Rumah Eyang Tipe A Gejayan Yogyakarta,1525000,"Ada jam malam,Ada jam malam untuk tamu,Boleh pasutri,Denda kerusakan barang kos,Dilarang bawa hewan,Dilarang merokok di kamar,Lawan jenis dilarang ke kamar,Maks. 2 orang/ kamar,Tamu boleh menginap,Tamu menginap dikenakan biaya,Tidak boleh bawa anak","AC,Bantal,Cermin,Guling,Jendela,Kasur,Kursi,Lemari Baju,Meja","Penjaga Kos,R. Tamu,WiFi","Parkir Mobil,Parkir Motor & Sepeda",ya,ya,tidak,Universitas Negeri Yogyakarta:1738
https://mamikos.com/room/kost-sleman-kost-putri-eksklusif-kost-singgahsini-omah-anggur-tipe-c-seturan-yogyakarta-1?redirection_source=list%20kos%20result%20boundary,Kost Singgahsini Omah Anggur Tipe C Seturan Yogyakarta,1825000,"Ada jam malam untuk tamu,Akses 24 Jam,Denda kerusakan barang kos,Dilarang merokok di kamar,Lawan jenis dilarang ke kamar,Maks. 2 orang/ kamar,Tamu menginap dikenakan biaya","AC,Bantal,Jendela,Kasur,Kursi,Lemari Baju,Meja,Ventilasi","Dapur,R. Tamu,WiFi","Parkir Mobil,Parkir Sepeda",ya,ya,tidak,Universitas Atma Jaya Yogyakarta:1131
https://mamikos.com/room/kost-kabupaten-sleman-kost-putra-eksklusif-kost-singgahsini-pramesthi-upn-tipe-a-yogyakarta?redirection_source=list%20kos%20result%20boundary,Kost Singgahsini Pramesthi UPN Tipe A Yogyakarta,1525000,"Ada jam malam untuk tamu,Akses 24 Jam,Denda kerusakan barang kos,Dilarang bawa hewan,Wajib ikut piket","AC,Bantal,Guling,Jendela,Kasur,Kulkas,Lemari Baju,Meja,TV,Ventilasi","CCTV,Dapur,Kulkas,Mesin Cuci,Penjaga Kos,R. Jemur,R. Makan,R. Tamu,TV,WiFi","Parkir Mobil,Parkir Sepeda",ya,tidak,ya,Universitas Negeri Yogyakarta:1671
https://mamikos.com/room/kost-sleman-kost-campur-eksklusif-kost-singgahsini-rumah-eyang-tipe-a-gejayan-yogyakarta-2?redirection_source=list%20kos%20result%20boundary,Kost Singgahsini Rumah Eyang Tipe A Gejayan Yogyakarta,1525000,"Ada jam malam,Ada jam malam untuk tamu,Boleh pasutri,Denda kerusakan barang kos,Dilarang bawa hewan,Dilarang merokok di kamar,Lawan jenis dilarang ke kamar,Maks. 2 orang/ kamar,Tamu boleh menginap,Tamu menginap dikenakan biaya,Tidak boleh bawa anak","AC,Bantal,Cermin,Guling,Jendela,Kasur,Kursi,Lemari Baju,Meja","Penjaga Kos,R. Tamu,WiFi","Parkir Mobil,Parkir Motor & Sepeda",ya,ya,tidak,Universitas Negeri Yogyakarta:1738
https://mamikos.com/room/kost-sleman-kost-putri-eksklusif-kost-singgahsini-omah-anggur-tipe-c-seturan-yogyakarta-1?redirection_source=list%20kos%20result%20boundary,Kost Singgahsini Omah Anggur Tipe C Seturan Yogyakarta,1825000,"Ada jam malam untuk tamu,Akses 24 Jam,Denda kerusakan barang kos,Dilarang merokok di kamar,Lawan jenis dilarang ke kamar,Maks. 2 orang/ kamar,Tamu menginap dikenakan biaya","AC,Bantal,Jendela,Kasur,Kursi,Lemari Baju,Meja,Ventilasi","Dapur,R. Tamu,WiFi","Parkir Mobil,Parkir Sepeda",ya,ya,tidak,Universitas Atma Jaya Yogyakarta:1131
https://mamikos.com/room/kost-kabupaten-sleman-kost-campur-murah-kost-carolus-ngaglik-sleman?redirection_source=list%20kos%20result%20boundary,Kost Carolus Ngaglik Sleman,750000,"Ada jam malam untuk tamu,Denda kerusakan barang kos,Dilarang bawa hewan,Kamar hanya bagi penyewa,Kriteria umum,Lawan jenis dilarang ke kamar,Maks. 1 orang/ kamar,Menunjukan bukti (-) Swab saat check-in,Tambah biaya untuk alat elektronik,Tamu dilarang menginap,Tidak bisa DP (sewa harian),Tidak boleh bawa anak,Tidak untuk pasutri","Kasur,Lemari Baju,Meja,Ventilasi","Jemuran,R. Jemur,R. Tamu,WiFi","Parkir Mobil,Parkir Motor,Parkir Motor & Sepeda,Parkir Sepeda",tidak,tidak,tidak,Sekolah Tinggi Ilmu Manajemen Ykpn:1962
https://mamikos.com/room/kost-kabupaten-sleman-kost-putra-eksklusif-kost-singgahsini-cozy-sawitsari-6-tipe-d-condongcatur-yogyakarta?redirection_source=list%20kos%20result%20boundary,Kost Singgahsini Cozy Sawitsari 6 Tipe D Condongcatur Yogyakarta,1425000,"Ada jam malam untuk tamu,Akses 24 Jam,Denda kerusakan barang kos,Dilarang bawa hewan,Dilarang merokok di kamar,Lawan jenis dilarang ke kamar,Maks. 2 orang/ kamar,Tambah biaya untuk alat elektronik,Tamu menginap dikenakan biaya,Wajib ikut piket","AC,Bantal,Cermin,Jendela,Kasur,Lemari Baju,Ventilasi","K. Mandi Luar,R. Tamu,WiFi",Parkir Mobil,ya,tidak,ya,Universitas Gadjah Mada:2035
https://mamikos.com/room/kost-kabupaten-sleman-kost-campur-eksklusif-kost-waringin-eksekutif-depok-sleman?redirection_source=list%20kos%20result%20boundary,Kost Waringin Eksekutif Depok Sleman,1300000,"Ada jam malam untuk tamu,Akses 24 Jam,Boleh pasutri,Dilarang bawa hewan,Kamar hanya bagi penyewa,Maks. 2 orang/ kamar,Tamu dilarang menginap","AC,Bantal,Cermin,Guling,Jendela,Kasur,Kursi,Lemari Baju,Meja,Ventilasi","Balcon,CCTV,Dapur,Jemuran,K. Mandi Luar,R. Makan,R. Santai,WiFi","Parkir Mobil,Parkir Motor,Parkir Motor & Sepeda,Parkir Sepeda",ya,tidak,tidak,Universitas Atma Jaya Yogyakarta:1792
https://mamikos.com/room/kost-sleman-kost-campur-eksklusif-kost-eksklusif-omah-adhem-tipe-b-sambilegi-yogyakarta-1?redirection_source=list%20kos%20result%20boundary,Kost Eksklusif Omah Adhem Tipe B Sambilegi Maguwoharjo Depok Sleman Yogyakarta,1450000,"Akses 24 Jam,Maks. 2 orang/ kamar","AC,Bantal,Cermin,Cleaning service,Dispenser,Guling,Jendela,Kasur,Kulkas,Kursi,Lemari Baju,Meja,Meja Rias,TV,Wastafel","Balcon,CCTV,Dapur,Dispenser,Kulkas,Laundry,Locker,Mesin Cuci,Mushola,Pengurus Kos,Penjaga Kos,R. Cuci,R. Jemur,R. Makan,R. Santai,R. Tamu,TV,WiFi","Parkir Mobil,Parkir Motor,Parkir Sepeda",ya,ya,tidak,Universitas Atma Jaya Yogyakarta:2344
https://mamikos.com/room/kost-kabupaten-sleman-kost-campur-eksklusif-kost-waringin-eksekutif-depok-sleman?redirection_source=list%20kos%20result%20boundary,Kost Waringin Eksekutif Depok Sleman,1300000,"Ada jam malam untuk tamu,Akses 24 Jam,Boleh pasutri,Dilarang bawa hewan,Kamar hanya bagi penyewa,Maks. 2 orang/ kamar,Tamu dilarang menginap","AC,Bantal,Cermin,Guling,Jendela,Kasur,Kursi,Lemari Baju,Meja,Ventilasi","Balcon,CCTV,Dapur,Jemuran,K. Mandi Luar,R. Makan,R. Santai,WiFi","Parkir Mobil,Parkir Motor,Parkir Motor & Sepeda,Parkir Sepeda",ya,tidak,tidak,Universitas Atma Jaya Yogyakarta:1792
https://mamikos.com/room/kost-sleman-kost-campur-eksklusif-kost-eksklusif-omah-adhem-tipe-b-sambilegi-yogyakarta-1?redirection_source=list%20kos%20result%20boundary,Kost Eksklusif Omah Adhem Tipe B Sambilegi Maguwoharjo Depok Sleman Yogyakarta,1450000,"Akses 24 Jam,Maks. 2 orang/ kamar","AC,Bantal,Cermin,Cleaning service,Dispenser,Guling,Jendela,Kasur,Kulkas,Kursi,Lemari Baju,Meja,Meja Rias,TV,Wastafel","Balcon,CCTV,Dapur,Dispenser,Kulkas,Laundry,Locker,Mesin Cuci,Mushola,Pengurus Kos,Penjaga Kos,R. Cuci,R. Jemur,R. Makan,R. Santai,R. Tamu,TV,WiFi","Parkir Mobil,Parkir Motor,Parkir Sepeda",ya,ya,tidak,Universitas Atma Jaya Yogyakarta:2344
https://mamikos.com/room/kost-kabupaten-sleman-kost-putra-eksklusif-kost-singgahsini-kledokan-seturan-tipe-b-yogyakarta?redirection_source=list%20kos%20result%20boundary,Kost Singgahsini Kledokan Seturan Tipe B Yogyakarta,1775000,"Ada jam malam untuk tamu,Akses 24 Jam,Denda kerusakan barang kos,Dilarang bawa hewan,Dilarang merokok di kamar,Kriteria umum,Lawan jenis dilarang ke kamar,Maks. 2 orang/ kamar,Tamu menginap dikenakan biaya","AC,Bantal,Guling,Kasur,Kursi,Lemari Baju,Meja,TV","CCTV,Dapur,Kulkas,R. Jemur,R. Tamu,WiFi","Parkir Mobil,Parkir Sepeda",ya,ya,tidak,Universitas Pembangunan Nasional Veteran Yogyakarta:694
https://mamikos.com/room/kost-kabupaten-sleman-kost-putra-murah-kost-singgahsini-cozy-sawitsari-6-tipe-a-condongcatur-yogyakarta-2?redirection_source=list%20kos%20result%20boundary,Kost Singgahsini Cozy Sawitsari 6 Tipe A Condongcatur Yogyakarta,900000,"Ada jam malam untuk tamu,Akses 24 Jam,Denda kerusakan barang kos,Dilarang bawa hewan,Dilarang merokok di kamar,Lawan jenis dilarang ke kamar,Maks. 2 orang/ kamar,Tambah biaya untuk alat elektronik,Tamu menginap dikenakan biaya,Wajib ikut piket","Bantal,Cermin,Jendela,Kasur,Lemari Baju","K. Mandi Luar,R. Tamu,WiFi",Parkir Mobil,ya,tidak,ya,Universitas Gadjah Mada:2030
https://mamikos.com/room/kost-kabupaten-sleman-kost-putri-eksklusif-kost-syariah-griya-almira-1-ngaglik-sleman-2?redirection_source=list%20kos%20result%20boundary,Kost Syariah Griya Almira 1 Ngaglik Sleman,1350000,"Ada jam malam,Ada jam malam untuk tamu,Dilarang bawa hewan,Dilarang merokok di kamar,Khusus Mahasiswa,Lawan jenis dilarang ke kamar,Maks. 1 orang/ kamar","AC,Bantal,Cermin,Guling,Jendela,Kasur,Kulkas,Kursi,Lemari Baju,Meja,TV,Ventilasi,Wastafel","Balcon,CCTV,Dapur,Jemuran,Jual Makanan,Kulkas,Mesin Cuci,Pengurus Kos,Penjaga Kos,R. Cuci,R. Jemur,R. Makan,R. Santai,R. Tamu,TV,WiFi","Parkir Mobil,Parkir Motor,Parkir Sepeda",ya,ya,tidak,Universitas Islam Indonesia:2102
https://mamikos.com/room/kost-kabupaten-sleman-kost-putri-eksklusif-kost-singgahsini-rumah-putih-tipe-b-mlati-yogyakarta?redirection_source=list%20kos%20result%20boundary,Kost Singgahsini Rumah Putih Tipe B Mlati Yogyakarta,1375000,"Akses 24 Jam,Dilarang bawa hewan,Lawan jenis dilarang ke kamar,Maks. 2 orang/ kamar","AC,Bantal,Cermin,Guling,Kasur,Kursi,Lemari Baju,Meja,TV","Dapur,Dispenser,K. Mandi Luar,Kulkas,Penjaga Kos,R. Cuci,R. Tamu,TV,WiFi","Parkir Mobil,Parkir Motor & Sepeda,Parkir Sepeda",ya,ya,tidak,Universitas Teknologi Yogyakarta:3116
https://mamikos.com/room/kost-sleman-kost-putri-murah-kost-apik-roemah-aisyah-tipe-a-yogyakarta-2?redirection_source=list%20kos%20result%20boundary,Kost Apik Roemah Aisyah Tipe A Yogyakarta,625000,"Ada jam malam untuk tamu,Akses 24 Jam,Denda kerusakan barang kos,Dilarang bawa hewan,Dilarang merokok di kamar,Lawan jenis dilarang ke kamar,Maks. 2 orang/ kamar,Tamu menginap dikenakan biaya,Tidak boleh bawa anak,Tidak untuk pasutri,Wajib ikut piket","Bantal,Cermin,Guling,Jendela,Kasur,Kipas Angin,Lemari Baju,Ventilasi","Dapur,Jemuran,K. Mandi Luar,Penjaga Kos,R. Jemur,R. Tamu,WiFi",Parkir Motor & Sepeda,tidak,tidak,ya,Sekolah Tinggi Ilmu Kesehatan Aisyiyah Yogyakarta:745
https://mamikos.com/room/kost-kabupaten-sleman-kost-putri-eksklusif-kost-singgahsini-putri-maoni-tipe-c-gejayan-yogyakarta?redirection_source=list%20kos%20result%20boundary,Kost Singgahsini Putri Maoni Tipe C Gejayan Yogyakarta,1845000,"Akses 24 Jam,Dilarang bawa hewan,Lawan jenis dilarang ke kamar,Maks. 2 orang/ kamar,Tamu boleh menginap","AC,Bantal,Cleaning service,Guling,Kasur,Kursi,Lemari Baju,Meja,Sofa,TV","Dapur,Dispenser,Penjaga Kos,R. Jemur,R. Keluarga,R. Santai,R. Tamu,Rice Cooker,WiFi","Parkir Mobil,Parkir Sepeda",ya,ya,tidak,Universitas Negeri Yogyakarta:1008
https://mamikos.com/room/kost-kabupaten-sleman-kost-campur-eksklusif-kost-singgahsini-dcherry-pakuwon-mall-tipe-b-yogyakarta-2?redirection_source=list%20kos%20result%20boundary,Kost Singgahsini DCherry Pakuwon Mall Tipe B Yogyakarta,2125000,"Ada jam malam untuk tamu,Akses 24 Jam,Boleh pasutri,Denda kerusakan barang kos,Dilarang bawa hewan,Dilarang merokok di kamar,Lawan jenis dilarang ke kamar,Maks. 2 orang/ kamar,Tamu menginap dikenakan biaya,Tidak boleh bawa anak","AC,Jendela,Kasur,Kulkas,Kursi,Lemari Baju,Meja,TV","CCTV,Kulkas,Penjaga Kos,R. Tamu,TV,WiFi","Parkir Mobil,Parkir Motor & Sepeda",ya,ya,tidak,Universitas Amikom Yogyakarta:1485
https://mamikos.com/room/kost-sleman-kost-putra-eksklusif-kost-singgahsini-samara-tipe-b-yogyakarta-2?redirection_source=list%20kos%20result%20boundary,Kost Singgahsini Samara Tipe B Yogyakarta,1125000,"Akses 24 Jam,Denda kerusakan barang kos,Dilarang bawa hewan,Dilarang merokok di kamar,Lawan jenis dilarang ke kamar,Maks. 2 orang/ kamar,Tamu bebas berkunjung,Tamu boleh menginap,Tamu menginap dikenakan biaya,Tidak boleh bawa anak,Tidak untuk pasutri","AC,Jendela,Kasur,Lemari Baju","CCTV,Dapur,Kulkas,Penjaga Kos,R. Jemur,TV,WiFi","Parkir Mobil,Parkir Motor & Sepeda",ya,ya,tidak,Universitas Atma Jaya Yogyakarta:2463
https://mamikos.com/room/kost-sleman-kost-putra-murah-kost-mondokaki-jl-gejayan-depok-sleman?redirection_source=list%20kos%20result%20boundary,Kost Mondokaki Jl Gejayan Depok Sleman,458333,Tidak untuk pasutri,Jendela,"Balcon,Dapur,Jemuran,K. Mandi Luar,R. Jemur,R. Santai,R. Tamu,WiFi",Parkir Motor,ya,tidak,ya,Universitas Negeri Yogyakarta:1334
https://mamikos.com/room/kost-kabupaten-sleman-kost-putri-eksklusif-kost-singgahsini-aira-amikom-tipe-b-wedomartani-yogyakarta?redirection_source=list%20kos%20result%20boundary,Kost Singgahsini Aira AMIKOM Tipe B Wedomartani Yogyakarta,1075000,"Ada jam malam,Ada jam malam untuk tamu,Denda kerusakan barang kos,Dilarang bawa hewan,Dilarang merokok di kamar,Lawan jenis dilarang ke kamar,Tamu menginap dikenakan biaya,Wajib ikut piket","AC,Bantal,Cermin,Jendela,Kasur,Lemari Baju,Meja","R. Jemur,WiFi","Parkir Mobil,Parkir Sepeda",ya,ya,tidak,Universitas Amikom Yogyakarta:2059
https://mamikos.com/room/kost-kabupaten-sleman-kost-putra-eksklusif-kost-singgahsini-pramesthi-upn-tipe-a-yogyakarta?redirection_source=list%20kos%20result%20boundary,Kost Singgahsini Pramesthi UPN Tipe A Yogyakarta,1525000,"Ada jam malam untuk tamu,Akses 24 Jam,Denda kerusakan barang kos,Dilarang bawa hewan,Wajib ikut piket","AC,Bantal,Guling,Jendela,Kasur,Kulkas,Lemari Baju,Meja,TV,Ventilasi","CCTV,Dapur,Kulkas,Mesin Cuci,Penjaga Kos,R. Jemur,R. Makan,R. Tamu,TV,WiFi","Parkir Mobil,Parkir Sepeda",ya,tidak,ya,Universitas Negeri Yogyakarta:1671
https://mamikos.com/room/kost-sleman-kost-campur-eksklusif-kost-singgahsini-rumah-eyang-tipe-a-gejayan-yogyakarta-2?redirection_source=list%20kos%20result%20boundary,Kost Singgahsini Rumah Eyang Tipe A Gejayan Yogyakarta,1525000,"Ada jam malam,Ada jam malam untuk tamu,Boleh pasutri,Denda kerusakan barang kos,Dilarang bawa hewan,Dilarang merokok di kamar,Lawan jenis dilarang ke kamar,Maks. 2 orang/ kamar,Tamu boleh menginap,Tamu menginap dikenakan biaya,Tidak boleh bawa anak","AC,Bantal,Cermin,Guling,Jendela,Kasur,Kursi,Lemari Baju,Meja","Penjaga Kos,R. Tamu,WiFi","Parkir Mobil,Parkir Motor & Sepeda",ya,ya,tidak,Universitas Negeri Yogyakarta:1738
https://mamikos.com/room/kost-sleman-kost-putri-eksklusif-kost-singgahsini-omah-anggur-tipe-c-seturan-yogyakarta-1?redirection_source=list%20kos%20result%20boundary,Kost Singgahsini Omah Anggur Tipe C Seturan Yogyakarta,1825000,"Ada jam malam untuk tamu,Akses 24 Jam,Denda kerusakan barang kos,Dilarang merokok di kamar,Lawan jenis dilarang ke kamar,Maks. 2 orang/ kamar,Tamu menginap dikenakan biaya","AC,Bantal,Jendela,Kasur,Kursi,Lemari Baju,Meja,Ventilasi","Dapur,R. Tamu,WiFi","Parkir Mobil,Parkir Sepeda",ya,ya,tidak,Universitas Atma Jaya Yogyakarta:1131
https://mamikos.com/room/kost-kabupaten-sleman-kost-campur-murah-kost-carolus-ngaglik-sleman?redirection_source=list%20kos%20result%20boundary,Kost Carolus Ngaglik Sleman,750000,"Ada jam malam untuk tamu,Denda kerusakan barang kos,Dilarang bawa hewan,Kamar hanya bagi penyewa,Kriteria umum,Lawan jenis dilarang ke kamar,Maks. 1 orang/ kamar,Menunjukan bukti (-) Swab saat check-in,Tambah biaya untuk alat elektronik,Tamu dilarang menginap,Tidak bisa DP (sewa harian),Tidak boleh bawa anak,Tidak untuk pasutri","Kasur,Lemari Baju,Meja,Ventilasi","Jemuran,R. Jemur,R. Tamu,WiFi","Parkir Mobil,Parkir Motor,Parkir Motor & Sepeda,Parkir Sepeda",tidak,tidak,tidak,Sekolah Tinggi Ilmu Manajemen Ykpn:1962
https://mamikos.com/room/kost-kabupaten-sleman-kost-putra-murah-kost-singgahsini-cozy-sawitsari-6-tipe-a-condongcatur-yogyakarta-2?redirection_source=list%20kos%20result%20boundary,Kost Singgahsini Cozy Sawitsari 6 Tipe A Condongcatur Yogyakarta,900000,"Ada jam malam untuk tamu,Akses 24 Jam,Denda kerusakan barang kos,Dilarang bawa hewan,Dilarang merokok di kamar,Lawan jenis dilarang ke kamar,Maks. 2 orang/ kamar,Tambah biaya untuk alat elektronik,Tamu menginap dikenakan biaya,Wajib ikut piket","Bantal,Cermin,Jendela,Kasur,Lemari Baju","K. Mandi Luar,R. Tamu,WiFi",Parkir Mobil,ya,tidak,ya,Universitas Gadjah Mada:2030
https://mamikos.com/room/kost-kabupaten-sleman-kost-putri-eksklusif-kost-singgahsini-rumah-putih-tipe-b-mlati-yogyakarta?redirection_source=list%20kos%20result%20boundary,Kost Singgahsini Rumah Putih Tipe B Mlati Yogyakarta,1375000,"Akses 24 Jam,Dilarang bawa hewan,Lawan jenis dilarang ke kamar,Maks. 2 orang/ kamar","AC,Bantal,Cermin,Guling,Kasur,Kursi,Lemari Baju,Meja,TV","Dapur,Dispenser,K. Mandi Luar,Kulkas,Penjaga Kos,R. Cuci,R. Tamu,TV,WiFi","Parkir Mobil,Parkir Motor & Sepeda,Parkir Sepeda",ya,ya,tidak,Universitas Teknologi Yogyakarta:3116
https://mamikos.com/room/kost-sleman-kost-putri-murah-kost-apik-roemah-aisyah-tipe-a-yogyakarta-2?redirection_source=list%20kos%20result%20boundary,Kost Apik Roemah Aisyah Tipe A Yogyakarta,625000,"Ada jam malam untuk tamu,Akses 24 Jam,Denda kerusakan barang kos,Dilarang bawa hewan,Dilarang merokok di kamar,Lawan jenis dilarang ke kamar,Maks. 2 orang/ kamar,Tamu menginap dikenakan biaya,Tidak boleh bawa anak,Tidak untuk pasutri,Wajib ikut piket","Bantal,Cermin,Guling,Jendela,Kasur,Kipas Angin,Lemari Baju,Ventilasi","Dapur,Jemuran,K. Mandi Luar,Penjaga Kos,R. Jemur,R. Tamu,WiFi",Parkir Motor & Sepeda,tidak,tidak,ya,Sekolah Tinggi Ilmu Kesehatan Aisyiyah Yogyakarta:745
https://mamikos.com/room/kost-kabupaten-sleman-kost-putri-eksklusif-kost-singgahsini-putri-maoni-tipe-c-gejayan-yogyakarta?redirection_source=list%20kos%20result%20boundary,Kost Singgahsini Putri Maoni Tipe C Gejayan Yogyakarta,1845000,"Akses 24 Jam,Dilarang bawa hewan,Lawan jenis dilarang ke kamar,Maks. 2 orang/ kamar,Tamu boleh menginap","AC,Bantal,Cleaning service,Guling,Kasur,Kursi,Lemari Baju,Meja,Sofa,TV","Dapur,Dispenser,Penjaga Kos,R. Jemur,R. Keluarga,R. Santai,R. Tamu,Rice Cooker,WiFi","Parkir Mobil,Parkir Sepeda",ya,ya,tidak,Universitas Negeri Yogyakarta:1008
https://mamikos.com/room/kost-kabupaten-sleman-kost-campur-eksklusif-kost-singgahsini-dcherry-pakuwon-mall-tipe-b-yogyakarta-2?redirection_source=list%20kos%20result%20boundary,Kost Singgahsini DCherry Pakuwon Mall Tipe B Yogyakarta,2125000,"Ada jam malam untuk tamu,Akses 24 Jam,Boleh pasutri,Denda kerusakan barang kos,Dilarang bawa hewan,Dilarang merokok di kamar,Lawan jenis dilarang ke kamar,Maks. 2 orang/ kamar,Tamu menginap dikenakan biaya,Tidak boleh bawa anak","AC,Jendela,Kasur,Kulkas,Kursi,Lemari Baju,Meja,TV","CCTV,Kulkas,Penjaga Kos,R. Tamu,TV,WiFi","Parkir Mobil,Parkir Motor & Sepeda",ya,ya,tidak,Universitas Amikom Yogyakarta:1485
https://mamikos.com/room/kost-sleman-kost-putra-eksklusif-kost-singgahsini-samara-tipe-b-yogyakarta-2?redirection_source=list%20kos%20result%20boundary,Kost Singgahsini Samara Tipe B Yogyakarta,1125000,"Akses 24 Jam,Denda kerusakan barang kos,Dilarang bawa hewan,Dilarang merokok di kamar,Lawan jenis dilarang ke kamar,Maks. 2 orang/ kamar,Tamu bebas berkunjung,Tamu boleh menginap,Tamu menginap dikenakan biaya,Tidak boleh bawa anak,Tidak untuk pasutri","AC,Jendela,Kasur,Lemari Baju","CCTV,Dapur,Kulkas,Penjaga Kos,R. Jemur,TV,WiFi","Parkir Mobil,Parkir Motor & Sepeda",ya,ya,tidak,Universitas Atma Jaya Yogyakarta:2463
https://mamikos.com/room/kost-sleman-kost-putra-murah-kost-mondokaki-jl-gejayan-depok-sleman?redirection_source=list%20kos%20result%20boundary,Kost Mondokaki Jl Gejayan Depok Sleman,458333,Tidak untuk pasutri,Jendela,"Balcon,Dapur,Jemuran,K. Mandi Luar,R. Jemur,R. Santai,R. Tamu,WiFi",Parkir Motor,ya,tidak,ya,Universitas Negeri Yogyakarta:1334
https://mamikos.com/room/kost-kabupaten-sleman-kost-putri-eksklusif-kost-singgahsini-aira-amikom-tipe-b-wedomartani-yogyakarta?redirection_source=list%20kos%20result%20boundary,Kost Singgahsini Aira AMIKOM Tipe B Wedomartani Yogyakarta,1075000,"Ada jam malam,Ada jam malam untuk tamu,Denda kerusakan barang kos,Dilarang bawa hewan,Dilarang merokok di kamar,Lawan jenis dilarang ke kamar,Tamu menginap dikenakan biaya,Wajib ikut piket","AC,Bantal,Cermin,Jendela,Kasur,Lemari Baju,Meja","R. Jemur,WiFi","Parkir Mobil,Parkir Sepeda",ya,ya,tidak,Universitas Amikom Yogyakarta:2059
https://mamikos.com/room/kost-kabupaten-sleman-kost-putra-eksklusif-kost-singgahsini-pramesthi-upn-tipe-a-yogyakarta?redirection_source=list%20kos%20result%20boundary,Kost Singgahsini Pramesthi UPN Tipe A Yogyakarta,1525000,"Ada jam malam untuk tamu,Akses 24 Jam,Denda kerusakan barang kos,Dilarang bawa hewan,Wajib ikut piket","AC,Bantal,Guling,Jendela,Kasur,Kulkas,Lemari Baju,Meja,TV,Ventilasi","CCTV,Dapur,Kulkas,Mesin Cuci,Penjaga Kos,R. Jemur,R. Makan,R. Tamu,TV,WiFi","Parkir Mobil,Parkir Sepeda",ya,tidak,ya,Universitas Negeri Yogyakarta:1671
https://mamikos.com/room/kost-sleman-kost-campur-eksklusif-kost-singgahsini-rumah-eyang-tipe-a-gejayan-yogyakarta-2?redirection_source=list%20kos%20result%20boundary,Kost Singgahsini Rumah Eyang Tipe A Gejayan Yogyakarta,1525000,"Ada jam malam,Ada jam malam untuk tamu,Boleh pasutri,Denda kerusakan barang kos,Dilarang bawa hewan,Dilarang merokok di kamar,Lawan jenis dilarang ke kamar,Maks. 2 orang/ kamar,Tamu boleh menginap,Tamu menginap dikenakan biaya,Tidak boleh bawa anak","AC,Bantal,Cermin,Guling,Jendela,Kasur,Kursi,Lemari Baju,Meja","Penjaga Kos,R. Tamu,WiFi","Parkir Mobil,Parkir Motor & Sepeda",ya,ya,tidak,Universitas Negeri Yogyakarta:1738
https://mamikos.com/room/kost-sleman-kost-putri-eksklusif-kost-singgahsini-omah-anggur-tipe-c-seturan-yogyakarta-1?redirection_source=list%20kos%20result%20boundary,Kost Singgahsini Omah Anggur Tipe C Seturan Yogyakarta,1825000,"Ada jam malam untuk tamu,Akses 24 Jam,Denda kerusakan barang kos,Dilarang merokok di kamar,Lawan jenis dilarang ke kamar,Maks. 2 orang/ kamar,Tamu menginap dikenakan biaya","AC,Bantal,Jendela,Kasur,Kursi,Lemari Baju,Meja,Ventilasi","Dapur,R. Tamu,WiFi","Parkir Mobil,Parkir Sepeda",ya,ya,tidak,Universitas Atma Jaya Yogyakarta:1131
https://mamikos.com/room/kost-kabupaten-sleman-kost-campur-murah-kost-carolus-ngaglik-sleman?redirection_source=list%20kos%20result%20boundary,Kost Carolus Ngaglik Sleman,750000,"Ada jam malam untuk tamu,Denda kerusakan barang kos,Dilarang bawa hewan,Kamar hanya bagi penyewa,Kriteria umum,Lawan jenis dilarang ke kamar,Maks. 1 orang/ kamar,Menunjukan bukti (-) Swab saat check-in,Tambah biaya untuk alat elektronik,Tamu dilarang menginap,Tidak bisa DP (sewa harian),Tidak boleh bawa anak,Tidak untuk pasutri","Kasur,Lemari Baju,Meja,Ventilasi","Jemuran,R. Jemur,R. Tamu,WiFi","Parkir Mobil,Parkir Motor,Parkir Motor & Sepeda,Parkir Sepeda",tidak,tidak,tidak,Sekolah Tinggi Ilmu Manajemen Ykpn:1962
https://mamikos.com/room/kost-kabupaten-sleman-kost-putra-murah-kost-singgahsini-cozy-sawitsari-6-tipe-a-condongcatur-yogyakarta-2?redirection_source=list%20kos%20result%20boundary,Kost Singgahsini Cozy Sawitsari 6 Tipe A Condongcatur Yogyakarta,900000,"Ada jam malam untuk tamu,Akses 24 Jam,Denda kerusakan barang kos,Dilarang bawa hewan,Dilarang merokok di kamar,Lawan jenis dilarang ke kamar,Maks. 2 orang/ kamar,Tambah biaya untuk alat elektronik,Tamu menginap dikenakan biaya,Wajib ikut piket","Bantal,Cermin,Jendela,Kasur,Lemari Baju","K. Mandi Luar,R. Tamu,WiFi",Parkir Mobil,ya,tidak,ya,Universitas Gadjah Mada:2030
https://mamikos.com/room/kost-kabupaten-sleman-kost-putri-eksklusif-kost-livingkoost-depok-sleman?redirection_source=list%20kos%20result%20boundary,Kost Livingkoost Depok Sleman,1900000,,"AC,Bantal,Cleaning service,Guling,Jendela,Kasur,Kursi,Ventilasi","Balcon,CCTV,Dapur,Dispenser,Jemuran,Kulkas,Penjaga Kos,R. Cuci,R. Jemur,R. Santai,R. Tamu,WiFi","Parkir Mobil,Parkir Motor,Parkir Motor & Sepeda,Parkir Sepeda",ya,ya,tidak,Universitas Gadjah Mada:1272
https://mamikos.com/room/kost-sleman-kost-campur-eksklusif-kost-singgahsini-rien-house-tipe-a-condongcatur-yogyakarta?redirection_source=list%20kos%20result%20boundary,Kost Singgahsini Rien House Tipe A Condongcatur Yogyakarta,1725000,"Akses 24 Jam,Boleh pasutri,Dilarang bawa hewan,Lawan jenis dilarang ke kamar,Maks. 2 orang/ kamar","AC,Cleaning service,Kasur,Kursi,Lemari Baju,Meja,TV","Dapur,Penjaga Kos,R. Keluarga,R. Santai,R. Tamu,Taman,WiFi",Parkir Mobil,ya,ya,tidak,Universitas Amikom Yogyakarta:680
https://mamikos.com/room/kost-sleman-kost-putra-murah-kost-mondokaki-jl-gejayan-depok-sleman?redirection_source=list%20kos%20result%20boundary,Kost Mondokaki Jl Gejayan Depok Sleman,458333,Tidak untuk pasutri,Jendela,"Balcon,Dapur,Jemuran,K. Mandi Luar,R. Jemur,R. Santai,R. Tamu,WiFi",Parkir Motor,ya,tidak,ya,Universitas Negeri Yogyakarta:1334
https://mamikos.com/room/kost-kabupaten-sleman-kost-putri-eksklusif-kost-singgahsini-aira-amikom-tipe-b-wedomartani-yogyakarta?redirection_source=list%20kos%20result%20boundary,Kost Singgahsini Aira AMIKOM Tipe B Wedomartani Yogyakarta,1075000,"Ada jam malam,Ada jam malam untuk tamu,Denda kerusakan barang kos,Dilarang bawa hewan,Dilarang merokok di kamar,Lawan jenis dilarang ke kamar,Tamu menginap dikenakan biaya,Wajib ikut piket","AC,Bantal,Cermin,Jendela,Kasur,Lemari Baju,Meja","R. Jemur,WiFi","Parkir Mobil,Parkir Sepeda",ya,ya,tidak,Universitas Amikom Yogyakarta:2059
https://mamikos.com/room/kost-kabupaten-sleman-kost-putra-eksklusif-kost-singgahsini-pramesthi-upn-tipe-a-yogyakarta?redirection_source=list%20kos%20result%20boundary,Kost Singgahsini Pramesthi UPN Tipe A Yogyakarta,1525000,"Ada jam malam untuk tamu,Akses 24 Jam,Denda kerusakan barang kos,Dilarang bawa hewan,Wajib ikut piket","AC,Bantal,Guling,Jendela,Kasur,Kulkas,Lemari Baju,Meja,TV,Ventilasi","CCTV,Dapur,Kulkas,Mesin Cuci,Penjaga Kos,R. Jemur,R. Makan,R. Tamu,TV,WiFi","Parkir Mobil,Parkir Sepeda",ya,tidak,ya,Universitas Negeri Yogyakarta:1671
https://mamikos.com/room/kost-sleman-kost-campur-eksklusif-kost-singgahsini-rumah-eyang-tipe-a-gejayan-yogyakarta-2?redirection_source=list%20kos%20result%20boundary,Kost Singgahsini Rumah Eyang Tipe A Gejayan Yogyakarta,1525000,"Ada jam malam,Ada jam malam untuk tamu,Boleh pasutri,Denda kerusakan barang kos,Dilarang bawa hewan,Dilarang merokok di kamar,Lawan jenis dilarang ke kamar,Maks. 2 orang/ kamar,Tamu boleh menginap,Tamu menginap dikenakan biaya,Tidak boleh bawa anak","AC,Bantal,Cermin,Guling,Jendela,Kasur,Kursi,Lemari Baju,Meja","Penjaga Kos,R. Tamu,WiFi","Parkir Mobil,Parkir Motor & Sepeda",ya,ya,tidak,Universitas Negeri Yogyakarta:1738
https://mamikos.com/room/kost-sleman-kost-putri-eksklusif-kost-singgahsini-omah-anggur-tipe-c-seturan-yogyakarta-1?redirection_source=list%20kos%20result%20boundary,Kost Singgahsini Omah Anggur Tipe C Seturan Yogyakarta,1825000,"Ada jam malam untuk tamu,Akses 24 Jam,Denda kerusakan barang kos,Dilarang merokok di kamar,Lawan jenis dilarang ke kamar,Maks. 2 orang/ kamar,Tamu menginap dikenakan biaya","AC,Bantal,Jendela,Kasur,Kursi,Lemari Baju,Meja,Ventilasi","Dapur,R. Tamu,WiFi","Parkir Mobil,Parkir Sepeda",ya,ya,tidak,Universitas Atma Jaya Yogyakarta:1131
https://mamikos.com/room/kost-kabupaten-sleman-kost-campur-murah-kost-carolus-ngaglik-sleman?redirection_source=list%20kos%20result%20boundary,Kost Carolus Ngaglik Sleman,750000,"Ada jam malam untuk tamu,Denda kerusakan barang kos,Dilarang bawa hewan,Kamar hanya bagi penyewa,Kriteria umum,Lawan jenis dilarang ke kamar,Maks. 1 orang/ kamar,Menunjukan bukti (-) Swab saat check-in,Tambah biaya untuk alat elektronik,Tamu dilarang menginap,Tidak bisa DP (sewa harian),Tidak boleh bawa anak,Tidak untuk pasutri","Kasur,Lemari Baju,Meja,Ventilasi","Jemuran,R. Jemur,R. Tamu,WiFi","Parkir Mobil,Parkir Motor,Parkir Motor & Sepeda,Parkir Sepeda",tidak,tidak,tidak,Sekolah Tinggi Ilmu Manajemen Ykpn:1962
https://mamikos.com/room/kost-sleman-kost-putra-eksklusif-kost-singgahsini-samara-tipe-b-yogyakarta-2?redirection_source=list%20kos%20result%20boundary,Kost Singgahsini Samara Tipe B Yogyakarta,1125000,"Akses 24 Jam,Denda kerusakan barang kos,Dilarang bawa hewan,Dilarang merokok di kamar,Lawan jenis dilarang ke kamar,Maks. 2 orang/ kamar,Tamu bebas berkunjung,Tamu boleh menginap,Tamu menginap dikenakan biaya,Tidak boleh bawa anak,Tidak untuk pasutri","AC,Jendela,Kasur,Lemari Baju","CCTV,Dapur,Kulkas,Penjaga Kos,R. Jemur,TV,WiFi","Parkir Mobil,Parkir Motor & Sepeda",ya,ya,tidak,Universitas Atma Jaya Yogyakarta:2463
https://mamikos.com/room/kost-kabupaten-sleman-kost-putri-murah-kost-pojokan-tipe-a-depok-sleman?redirection_source=list%20kos%20result%20boundary,Kost Pojokan Tipe A Depok Sleman,700000,"Ada jam malam untuk tamu,Akses 24 Jam,Harga termasuk listrik (sewa harian),Kamar hanya bagi penyewa,Kriteria umum,Lawan jenis dilarang ke kamar,Maks. 1 orang/ kamar,Tamu bebas berkunjung","Jendela,Kasur,Lemari Baju,Ventilasi","Balcon,Dapur,Jemuran,R. Jemur,R. Tamu,WiFi","Parkir Motor,Parkir Motor & Sepeda",tidak,ya,ya,Universitas Amikom Yogyakarta:1922
https://mamikos.com/room/kost-kabupaten-sleman-kost-putri-eksklusif-kost-syariah-griya-almira-1-ngaglik-sleman-2?redirection_source=list%20kos%20result%20boundary,Kost Syariah Griya Almira 1 Ngaglik Sleman,1350000,"Ada jam malam,Ada jam malam untuk tamu,Dilarang bawa hewan,Dilarang merokok di kamar,Khusus Mahasiswa,Lawan jenis dilarang ke kamar,Maks. 1 orang/ kamar","AC,Bantal,Cermin,Guling,Jendela,Kasur,Kulkas,Kursi,Lemari Baju,Meja,TV,Ventilasi,Wastafel","Balcon,CCTV,Dapur,Jemuran,Jual Makanan,Kulkas,Mesin Cuci,Pengurus Kos,Penjaga Kos,R. Cuci,R. Jemur,R. Makan,R. Santai,R. Tamu,TV,WiFi","Parkir Mobil,Parkir Motor,Parkir Sepeda",ya,ya,tidak,Universitas Islam Indonesia:2102
https://mamikos.com/room/kost-kabupaten-sleman-kost-putri-eksklusif-kost-singgahsini-rumah-putih-tipe-b-mlati-yogyakarta?redirection_source=list%20kos%20result%20boundary,Kost Singgahsini Rumah Putih Tipe B Mlati Yogyakarta,1375000,"Akses 24 Jam,Dilarang bawa hewan,Lawan jenis dilarang ke kamar,Maks. 2 orang/ kamar","AC,Bantal,Cermin,Guling,Kasur,Kursi,Lemari Baju,Meja,TV","Dapur,Dispenser,K. Mandi Luar,Kulkas,Penjaga Kos,R. Cuci,R. Tamu,TV,WiFi","Parkir Mobil,Parkir Motor & Sepeda,Parkir Sepeda",ya,ya,tidak,Universitas Teknologi Yogyakarta:3116
https://mamikos.com/room/kost-sleman-kost-putri-murah-kost-apik-roemah-aisyah-tipe-a-yogyakarta-2?redirection_source=list%20kos%20result%20boundary,Kost Apik Roemah Aisyah Tipe A Yogyakarta,625000,"Ada jam malam untuk tamu,Akses 24 Jam,Denda kerusakan barang kos,Dilarang bawa hewan,Dilarang merokok di kamar,Lawan jenis dilarang ke kamar,Maks. 2 orang/ kamar,Tamu menginap dikenakan biaya,Tidak boleh bawa anak,Tidak untuk pasutri,Wajib ikut piket","Bantal,Cermin,Guling,Jendela,Kasur,Kipas Angin,Lemari Baju,Ventilasi","Dapur,Jemuran,K. Mandi Luar,Penjaga Kos,R. Jemur,R. Tamu,WiFi",Parkir Motor & Sepeda,tidak,tidak,ya,Sekolah Tinggi Ilmu Kesehatan Aisyiyah Yogyakarta:745
https://mamikos.com/room/kost-kabupaten-sleman-kost-putri-eksklusif-kost-livingkoost-depok-sleman?redirection_source=list%20kos%20result%20boundary,Kost Livingkoost Depok Sleman,1900000,,"AC,Bantal,Cleaning service,Guling,Jendela,Kasur,Kursi,Ventilasi","Balcon,CCTV,Dapur,Dispenser,Jemuran,Kulkas,Penjaga Kos,R. Cuci,R. Jemur,R. Santai,R. Tamu,WiFi","Parkir Mobil,Parkir Motor,Parkir Motor & Sepeda,Parkir Sepeda",ya,ya,tidak,Universitas Gadjah Mada:1272
https://mamikos.com/room/kost-sleman-kost-campur-eksklusif-kost-singgahsini-rien-house-tipe-a-condongcatur-yogyakarta?redirection_source=list%20kos%20result%20boundary,Kost Singgahsini Rien House Tipe A Condongcatur Yogyakarta,1725000,"Akses 24 Jam,Boleh pasutri,Dilarang bawa hewan,Lawan jenis dilarang ke kamar,Maks. 2 orang/ kamar","AC,Cleaning service,Kasur,Kursi,Lemari Baju,Meja,TV","Dapur,Penjaga Kos,R. Keluarga,R. Santai,R. Tamu,Taman,WiFi",Parkir Mobil,ya,ya,tidak,Universitas Amikom Yogyakarta:680
https://mamikos.com/room/kost-kabupaten-sleman-kost-putri-murah-kost-pojokan-tipe-a-depok-sleman?redirection_source=list%20kos%20result%20boundary,Kost Pojokan Tipe A Depok Sleman,700000,"Ada jam malam untuk tamu,Akses 24 Jam,Harga termasuk listrik (sewa harian),Kamar hanya bagi penyewa,Kriteria umum,Lawan jenis dilarang ke kamar,Maks. 1 orang/ kamar,Tamu bebas berkunjung","Jendela,Kasur,Lemari Baju,Ventilasi","Balcon,Dapur,Jemuran,R. Jemur,R. Tamu,WiFi","Parkir Motor,Parkir Motor & Sepeda",tidak,ya,ya,Universitas Amikom Yogyakarta:1922
https://mamikos.com/room/kost-kabupaten-sleman-kost-putri-eksklusif-kost-syariah-griya-almira-1-ngaglik-sleman-2?redirection_source=list%20kos%20result%20boundary,Kost Syariah Griya Almira 1 Ngaglik Sleman,1350000,"Ada jam malam,Ada jam malam untuk tamu,Dilarang bawa hewan,Dilarang merokok di kamar,Khusus Mahasiswa,Lawan jenis dilarang ke kamar,Maks. 1 orang/ kamar","AC,Bantal,Cermin,Guling,Jendela,Kasur,Kulkas,Kursi,Lemari Baju,Meja,TV,Ventilasi,Wastafel","Balcon,CCTV,Dapur,Jemuran,Jual Makanan,Kulkas,Mesin Cuci,Pengurus Kos,Penjaga Kos,R. Cuci,R. Jemur,R. Makan,R. Santai,R. Tamu,TV,WiFi","Parkir Mobil,Parkir Motor,Parkir Sepeda",ya,ya,tidak,Universitas Islam Indonesia:2102
https://mamikos.com/room/kost-kabupaten-sleman-kost-putri-eksklusif-kost-singgahsini-rumah-putih-tipe-b-mlati-yogyakarta?redirection_source=list%20kos%20result%20boundary,Kost Singgahsini Rumah Putih Tipe B Mlati Yogyakarta,1375000,"Akses 24 Jam,Dilarang bawa hewan,Lawan jenis dilarang ke kamar,Maks. 2 orang/ kamar","AC,Bantal,Cermin,Guling,Kasur,Kursi,Lemari Baju,Meja,TV","Dapur,Dispenser,K. Mandi Luar,Kulkas,Penjaga Kos,R. Cuci,R. Tamu,TV,WiFi","Parkir Mobil,Parkir Motor & Sepeda,Parkir Sepeda",ya,ya,tidak,Universitas Teknologi Yogyakarta:3116
https://mamikos.com/room/kost-sleman-kost-putri-murah-kost-apik-roemah-aisyah-tipe-a-yogyakarta-2?redirection_source=list%20kos%20result%20boundary,Kost Apik Roemah Aisyah Tipe A Yogyakarta,625000,"Ada jam malam untuk tamu,Akses 24 Jam,Denda kerusakan barang kos,Dilarang bawa hewan,Dilarang merokok di kamar,Lawan jenis dilarang ke kamar,Maks. 2 orang/ kamar,Tamu menginap dikenakan biaya,Tidak boleh bawa anak,Tidak untuk pasutri,Wajib ikut piket","Bantal,Cermin,Guling,Jendela,Kasur,Kipas Angin,Lemari Baju,Ventilasi","Dapur,Jemuran,K. Mandi Luar,Penjaga Kos,R. Jemur,R. Tamu,WiFi",Parkir Motor & Sepeda,tidak,tidak,ya,Sekolah Tinggi Ilmu Kesehatan Aisyiyah Yogyakarta:745
https://mamikos.com/room/kost-kabupaten-sleman-kost-putri-eksklusif-kost-singgahsini-putri-maoni-tipe-c-gejayan-yogyakarta?redirection_source=list%20kos%20result%20boundary,Kost Singgahsini Putri Maoni Tipe C Gejayan Yogyakarta,1845000,"Akses 24 Jam,Dilarang bawa hewan,Lawan jenis dilarang ke kamar,Maks. 2 orang/ kamar,Tamu boleh menginap","AC,Bantal,Cleaning service,Guling,Kasur,Kursi,Lemari Baju,Meja,Sofa,TV","Dapur,Dispenser,Penjaga Kos,R. Jemur,R. Keluarga,R. Santai,R. Tamu,Rice Cooker,WiFi","Parkir Mobil,Parkir Sepeda",ya,ya,tidak,Universitas Negeri Yogyakarta:1008
https://mamikos.com/room/kost-kabupaten-sleman-kost-campur-eksklusif-kost-singgahsini-dcherry-pakuwon-mall-tipe-b-yogyakarta-2?redirection_source=list%20kos%20result%20boundary,Kost Singgahsini DCherry Pakuwon Mall Tipe B Yogyakarta,2125000,"Ada jam malam untuk tamu,Akses 24 Jam,Boleh pasutri,Denda kerusakan barang kos,Dilarang bawa hewan,Dilarang merokok di kamar,Lawan jenis dilarang ke kamar,Maks. 2 orang/ kamar,Tamu menginap dikenakan biaya,Tidak boleh bawa anak","AC,Jendela,Kasur,Kulkas,Kursi,Lemari Baju,Meja,TV","CCTV,Kulkas,Penjaga Kos,R. Tamu,TV,WiFi","Parkir Mobil,Parkir Motor & Sepeda",ya,ya,tidak,Universitas Amikom Yogyakarta:1485
https://mamikos.com/room/kost-sleman-kost-putra-eksklusif-kost-singgahsini-samara-tipe-b-yogyakarta-2?redirection_source=list%20kos%20result%20boundary,Kost Singgahsini Samara Tipe B Yogyakarta,1125000,"Akses 24 Jam,Denda kerusakan barang kos,Dilarang bawa hewan,Dilarang merokok di kamar,Lawan jenis dilarang ke kamar,Maks. 2 orang/ kamar,Tamu bebas berkunjung,Tamu boleh menginap,Tamu menginap dikenakan biaya,Tidak boleh bawa anak,Tidak untuk pasutri","AC,Jendela,Kasur,Lemari Baju","CCTV,Dapur,Kulkas,Penjaga Kos,R. Jemur,TV,WiFi","Parkir Mobil,Parkir Motor & Sepeda",ya,ya,tidak,Universitas Atma Jaya Yogyakarta:2463
https://mamikos.com/room/kost-kabupaten-sleman-kost-putra-murah-kost-singgahsini-cozy-sawitsari-6-tipe-a-condongcatur-yogyakarta-2?redirection_source=list%20kos%20result%20boundary,Kost Singgahsini Cozy Sawitsari 6 Tipe A Condongcatur Yogyakarta,900000,"Ada jam malam untuk tamu,Akses 24 Jam,Denda kerusakan barang kos,Dilarang bawa hewan,Dilarang merokok di kamar,Lawan jenis dilarang ke kamar,Maks. 2 orang/ kamar,Tambah biaya untuk alat elektronik,Tamu menginap dikenakan biaya,Wajib ikut piket","Bantal,Cermin,Jendela,Kasur,Lemari Baju","K. Mandi Luar,R. Tamu,WiFi",Parkir Mobil,ya,tidak,ya,Universitas Gadjah Mada:2030
https://mamikos.com/room/kost-kabupaten-sleman-kost-putri-eksklusif-kost-livingkoost-depok-sleman?redirection_source=list%20kos%20result%20boundary,Kost Livingkoost Depok Sleman,1900000,,"AC,Bantal,Cleaning service,Guling,Jendela,Kasur,Kursi,Ventilasi","Balcon,CCTV,Dapur,Dispenser,Jemuran,Kulkas,Penjaga Kos,R. Cuci,R. Jemur,R. Santai,R. Tamu,WiFi","Parkir Mobil,Parkir Motor,Parkir Motor & Sepeda,Parkir Sepeda",ya,ya,tidak,Universitas Gadjah Mada:1272
https://mamikos.com/room/kost-sleman-kost-campur-eksklusif-kost-singgahsini-rien-house-tipe-a-condongcatur-yogyakarta?redirection_source=list%20kos%20result%20boundary,Kost Singgahsini Rien House Tipe A Condongcatur Yogyakarta,1725000,"Akses 24 Jam,Boleh pasutri,Dilarang bawa hewan,Lawan jenis dilarang ke kamar,Maks. 2 orang/ kamar","AC,Cleaning service,Kasur,Kursi,Lemari Baju,Meja,TV","Dapur,Penjaga Kos,R. Keluarga,R. Santai,R. Tamu,Taman,WiFi",Parkir Mobil,ya,ya,tidak,Universitas Amikom Yogyakarta:680
https://mamikos.com/room/kost-kabupaten-sleman-kost-putri-murah-kost-pojokan-tipe-a-depok-sleman?redirection_source=list%20kos%20result%20boundary,Kost Pojokan Tipe A Depok Sleman,700000,"Ada jam malam untuk tamu,Akses 24 Jam,Harga termasuk listrik (sewa harian),Kamar hanya bagi penyewa,Kriteria umum,Lawan jenis dilarang ke kamar,Maks. 1 orang/ kamar,Tamu bebas berkunjung","Jendela,Kasur,Lemari Baju,Ventilasi","Balcon,Dapur,Jemuran,R. Jemur,R. Tamu,WiFi","Parkir Motor,Parkir Motor & Sepeda",tidak,ya,ya,Universitas Amikom Yogyakarta:1922
https://mamikos.com/room/kost-kabupaten-sleman-kost-putri-eksklusif-kost-syariah-griya-almira-1-ngaglik-sleman-2?redirection_source=list%20kos%20result%20boundary,Kost Syariah Griya Almira 1 Ngaglik Sleman,1350000,"Ada jam malam,Ada jam malam untuk tamu,Dilarang bawa hewan,Dilarang merokok di kamar,Khusus Mahasiswa,Lawan jenis dilarang ke kamar,Maks. 1 orang/ kamar","AC,Bantal,Cermin,Guling,Jendela,Kasur,Kulkas,Kursi,Lemari Baju,Meja,TV,Ventilasi,Wastafel","Balcon,CCTV,Dapur,Jemuran,Jual Makanan,Kulkas,Mesin Cuci,Pengurus Kos,Penjaga Kos,R. Cuci,R. Jemur,R. Makan,R. Santai,R. Tamu,TV,WiFi","Parkir Mobil,Parkir Motor,Parkir Sepeda",ya,ya,tidak,Universitas Islam Indonesia:2102
https://mamikos.com/room/kost-kabupaten-sleman-kost-putri-eksklusif-kost-singgahsini-rumah-putih-tipe-b-mlati-yogyakarta?redirection_source=list%20kos%20result%20boundary,Kost Singgahsini Rumah Putih Tipe B Mlati Yogyakarta,1375000,"Akses 24 Jam,Dilarang bawa hewan,Lawan jenis dilarang ke kamar,Maks. 2 orang/ kamar","AC,Bantal,Cermin,Guling,Kasur,Kursi,Lemari Baju,Meja,TV","Dapur,Dispenser,K. Mandi Luar,Kulkas,Penjaga Kos,R. Cuci,R. Tamu,TV,WiFi","Parkir Mobil,Parkir Motor & Sepeda,Parkir Sepeda",ya,ya,tidak,Universitas Teknologi Yogyakarta:3116
https://mamikos.com/room/kost-sleman-kost-putri-murah-kost-apik-roemah-aisyah-tipe-a-yogyakarta-2?redirection_source=list%20kos%20result%20boundary,Kost Apik Roemah Aisyah Tipe A Yogyakarta,625000,"Ada jam malam untuk tamu,Akses 24 Jam,Denda kerusakan barang kos,Dilarang bawa hewan,Dilarang merokok di kamar,Lawan jenis dilarang ke kamar,Maks. 2 orang/ kamar,Tamu menginap dikenakan biaya,Tidak boleh bawa anak,Tidak untuk pasutri,Wajib ikut piket","Bantal,Cermin,Guling,Jendela,Kasur,Kipas Angin,Lemari Baju,Ventilasi","Dapur,Jemuran,K. Mandi Luar,Penjaga Kos,R. Jemur,R. Tamu,WiFi",Parkir Motor & Sepeda,tidak,tidak,ya,Sekolah Tinggi Ilmu Kesehatan Aisyiyah Yogyakarta:745
https://mamikos.com/room/kost-kabupaten-sleman-kost-putri-eksklusif-kost-singgahsini-putri-maoni-tipe-c-gejayan-yogyakarta?redirection_source=list%20kos%20result%20boundary,Kost Singgahsini Putri Maoni Tipe C Gejayan Yogyakarta,1845000,"Akses 24 Jam,Dilarang bawa hewan,Lawan jenis dilarang ke kamar,Maks. 2 orang/ kamar,Tamu boleh menginap","AC,Bantal,Cleaning service,Guling,Kasur,Kursi,Lemari Baju,Meja,Sofa,TV","Dapur,Dispenser,Penjaga Kos,R. Jemur,R. Keluarga,R. Santai,R. Tamu,Rice Cooker,WiFi","Parkir Mobil,Parkir Sepeda",ya,ya,tidak,Universitas Negeri Yogyakarta:1008
https://mamikos.com/room/kost-kabupaten-sleman-kost-campur-eksklusif-kost-singgahsini-dcherry-pakuwon-mall-tipe-b-yogyakarta-2?redirection_source=list%20kos%20result%20boundary,Kost Singgahsini DCherry Pakuwon Mall Tipe B Yogyakarta,2125000,"Ada jam malam untuk tamu,Akses 24 Jam,Boleh pasutri,Denda kerusakan barang kos,Dilarang bawa hewan,Dilarang merokok di kamar,Lawan jenis dilarang ke kamar,Maks. 2 orang/ kamar,Tamu menginap dikenakan biaya,Tidak boleh bawa anak","AC,Jendela,Kasur,Kulkas,Kursi,Lemari Baju,Meja,TV","CCTV,Kulkas,Penjaga Kos,R. Tamu,TV,WiFi","Parkir Mobil,Parkir Motor & Sepeda",ya,ya,tidak,Universitas Amikom Yogyakarta:1485
https://mamikos.com/room/kost-sleman-kost-putra-eksklusif-kost-singgahsini-samara-tipe-b-yogyakarta-2?redirection_source=list%20kos%20result%20boundary,Kost Singgahsini Samara Tipe B Yogyakarta,1125000,"Akses 24 Jam,Denda kerusakan barang kos,Dilarang bawa hewan,Dilarang merokok di kamar,Lawan jenis dilarang ke kamar,Maks. 2 orang/ kamar,Tamu bebas berkunjung,Tamu boleh menginap,Tamu menginap dikenakan biaya,Tidak boleh bawa anak,Tidak untuk pasutri","AC,Jendela,Kasur,Lemari Baju","CCTV,Dapur,Kulkas,Penjaga Kos,R. Jemur,TV,WiFi","Parkir Mobil,Parkir Motor & Sepeda",ya,ya,tidak,Universitas Atma Jaya Yogyakarta:2463
https://mamikos.com/room/kost-kabupaten-sleman-kost-campur-eksklusif-kost-singgahsini-dcherry-pakuwon-mall-tipe-b-yogyakarta-2?redirection_source=list%20kos%20result%20boundary,Kost Singgahsini DCherry Pakuwon Mall Tipe B Yogyakarta,2125000,"Ada jam malam untuk tamu,Akses 24 Jam,Boleh pasutri,Denda kerusakan barang kos,Dilarang bawa hewan,Dilarang merokok di kamar,Lawan jenis dilarang ke kamar,Maks. 2 orang/ kamar,Tamu menginap dikenakan biaya,Tidak boleh bawa anak","AC,Jendela,Kasur,Kulkas,Kursi,Lemari Baju,Meja,TV","CCTV,Kulkas,Penjaga Kos,R. Tamu,TV,WiFi","Parkir Mobil,Parkir Motor & Sepeda",ya,ya,tidak,Universitas Amikom Yogyakarta:1485
https://mamikos.com/room/kost-sleman-kost-putra-eksklusif-kost-singgahsini-samara-tipe-b-yogyakarta-2?redirection_source=list%20kos%20result%20boundary,Kost Singgahsini Samara Tipe B Yogyakarta,1125000,"Akses 24 Jam,Denda kerusakan barang kos,Dilarang bawa hewan,Dilarang merokok di kamar,Lawan jenis dilarang ke kamar,Maks. 2 orang/ kamar,Tamu bebas berkunjung,Tamu boleh menginap,Tamu menginap dikenakan biaya,Tidak boleh bawa anak,Tidak untuk pasutri","AC,Jendela,Kasur,Lemari Baju","CCTV,Dapur,Kulkas,Penjaga Kos,R. Jemur,TV,WiFi","Parkir Mobil,Parkir Motor & Sepeda",ya,ya,tidak,Universitas Atma Jaya Yogyakarta:2463
https://mamikos.com/room/kost-sleman-kost-putra-murah-kost-mondokaki-jl-gejayan-depok-sleman?redirection_source=list%20kos%20result%20boundary,Kost Mondokaki Jl Gejayan Depok Sleman,458333,Tidak untuk pasutri,Jendela,"Balcon,Dapur,Jemuran,K. Mandi Luar,R. Jemur,R. Santai,R. Tamu,WiFi",Parkir Motor,ya,tidak,ya,Universitas Negeri Yogyakarta:1334
https://mamikos.com/room/kost-kabupaten-sleman-kost-putri-eksklusif-kost-singgahsini-aira-amikom-tipe-b-wedomartani-yogyakarta?redirection_source=list%20kos%20result%20boundary,Kost Singgahsini Aira AMIKOM Tipe B Wedomartani Yogyakarta,1075000,"Ada jam malam,Ada jam malam untuk tamu,Denda kerusakan barang kos,Dilarang bawa hewan,Dilarang merokok di kamar,Lawan jenis dilarang ke kamar,Tamu menginap dikenakan biaya,Wajib ikut piket","AC,Bantal,Cermin,Jendela,Kasur,Lemari Baju,Meja","R. Jemur,WiFi","Parkir Mobil,Parkir Sepeda",ya,ya,tidak,Universitas Amikom Yogyakarta:2059
https://mamikos.com/room/kost-kabupaten-sleman-kost-putra-eksklusif-kost-singgahsini-pramesthi-upn-tipe-a-yogyakarta?redirection_source=list%20kos%20result%20boundary,Kost Singgahsini Pramesthi UPN Tipe A Yogyakarta,1525000,"Ada jam malam untuk tamu,Akses 24 Jam,Denda kerusakan barang kos,Dilarang bawa hewan,Wajib ikut piket","AC,Bantal,Guling,Jendela,Kasur,Kulkas,Lemari Baju,Meja,TV,Ventilasi","CCTV,Dapur,Kulkas,Mesin Cuci,Penjaga Kos,R. Jemur,R. Makan,R. Tamu,TV,WiFi","Parkir Mobil,Parkir Sepeda",ya,tidak,ya,Universitas Negeri Yogyakarta:1671
https://mamikos.com/room/kost-kabupaten-sleman-kost-campur-eksklusif-kost-singgahsini-dcherry-pakuwon-mall-tipe-b-yogyakarta-2?redirection_source=list%20kos%20result%20boundary,Kost Singgahsini DCherry Pakuwon Mall Tipe B Yogyakarta,2125000,"Ada jam malam untuk tamu,Akses 24 Jam,Boleh pasutri,Denda kerusakan barang kos,Dilarang bawa hewan,Dilarang merokok di kamar,Lawan jenis dilarang ke kamar,Maks. 2 orang/ kamar,Tamu menginap dikenakan biaya,Tidak boleh bawa anak","AC,Jendela,Kasur,Kulkas,Kursi,Lemari Baju,Meja,TV","CCTV,Kulkas,Penjaga Kos,R. Tamu,TV,WiFi","Parkir Mobil,Parkir Motor & Sepeda",ya,ya,tidak,Universitas Amikom Yogyakarta:1485
https://mamikos.com/room/kost-sleman-kost-putra-eksklusif-kost-singgahsini-samara-tipe-b-yogyakarta-2?redirection_source=list%20kos%20result%20boundary,Kost Singgahsini Samara Tipe B Yogyakarta,1125000,"Akses 24 Jam,Denda kerusakan barang kos,Dilarang bawa hewan,Dilarang merokok di kamar,Lawan jenis dilarang ke kamar,Maks. 2 orang/ kamar,Tamu bebas berkunjung,Tamu boleh menginap,Tamu menginap dikenakan biaya,Tidak boleh bawa anak,Tidak untuk pasutri","AC,Jendela,Kasur,Lemari Baju","CCTV,Dapur,Kulkas,Penjaga Kos,R. Jemur,TV,WiFi","Parkir Mobil,Parkir Motor & Sepeda",ya,ya,tidak,Universitas Atma Jaya Yogyakarta:2463
https://mamikos.com/room/kost-sleman-kost-putra-murah-kost-mondokaki-jl-gejayan-depok-sleman?redirection_source=list%20kos%20result%20boundary,Kost Mondokaki Jl Gejayan Depok Sleman,458333,Tidak untuk pasutri,Jendela,"Balcon,Dapur,Jemuran,K. Mandi Luar,R. Jemur,R. Santai,R. Tamu,WiFi",Parkir Motor,ya,tidak,ya,Universitas Negeri Yogyakarta:1334
https://mamikos.com/room/kost-kabupaten-sleman-kost-putri-eksklusif-kost-singgahsini-aira-amikom-tipe-b-wedomartani-yogyakarta?redirection_source=list%20kos%20result%20boundary,Kost Singgahsini Aira AMIKOM Tipe B Wedomartani Yogyakarta,1075000,"Ada jam malam,Ada jam malam untuk tamu,Denda kerusakan barang kos,Dilarang bawa hewan,Dilarang merokok di kamar,Lawan jenis dilarang ke kamar,Tamu menginap dikenakan biaya,Wajib ikut piket","AC,Bantal,Cermin,Jendela,Kasur,Lemari Baju,Meja","R. Jemur,WiFi","Parkir Mobil,Parkir Sepeda",ya,ya,tidak,Universitas Amikom Yogyakarta:2059
https://mamikos.com/room/kost-kabupaten-sleman-kost-putra-eksklusif-kost-singgahsini-pramesthi-upn-tipe-a-yogyakarta?redirection_source=list%20kos%20result%20boundary,Kost Singgahsini Pramesthi UPN Tipe A Yogyakarta,1525000,"Ada jam malam untuk tamu,Akses 24 Jam,Denda kerusakan barang kos,Dilarang bawa hewan,Wajib ikut piket","AC,Bantal,Guling,Jendela,Kasur,Kulkas,Lemari Baju,Meja,TV,Ventilasi","CCTV,Dapur,Kulkas,Mesin Cuci,Penjaga Kos,R. Jemur,R. Makan,R. Tamu,TV,WiFi","Parkir Mobil,Parkir Sepeda",ya,tidak,ya,Universitas Negeri Yogyakarta:1671
https://mamikos.com/room/kost-sleman-kost-campur-eksklusif-kost-singgahsini-rumah-eyang-tipe-a-gejayan-yogyakarta-2?redirection_source=list%20kos%20result%20boundary,Kost Singgahsini Rumah Eyang Tipe A Gejayan Yogyakarta,1525000,"Ada jam malam,Ada jam malam untuk tamu,Boleh pasutri,Denda kerusakan barang kos,Dilarang bawa hewan,Dilarang merokok di kamar,Lawan jenis dilarang ke kamar,Maks. 2 orang/ kamar,Tamu boleh menginap,Tamu menginap dikenakan biaya,Tidak boleh bawa anak","AC,Bantal,Cermin,Guling,Jendela,Kasur,Kursi,Lemari Baju,Meja","Penjaga Kos,R. Tamu,WiFi","Parkir Mobil,Parkir Motor & Sepeda",ya,ya,tidak,Universitas Negeri Yogyakarta:1738
https://mamikos.com/room/kost-sleman-kost-putri-eksklusif-kost-singgahsini-omah-anggur-tipe-c-seturan-yogyakarta-1?redirection_source=list%20kos%20result%20boundary,Kost Singgahsini Omah Anggur Tipe C Seturan Yogyakarta,1825000,"Ada jam malam untuk tamu,Akses 24 Jam,Denda kerusakan barang kos,Dilarang merokok di kamar,Lawan jenis dilarang ke kamar,Maks. 2 orang/ kamar,Tamu menginap dikenakan biaya","AC,Bantal,Jendela,Kasur,Kursi,Lemari Baju,Meja,Ventilasi","Dapur,R. Tamu,WiFi","Parkir Mobil,Parkir Sepeda",ya,ya,tidak,Universitas Atma Jaya Yogyakarta:1131
https://mamikos.com/room/kost-sleman-kost-campur-eksklusif-kost-singgahsini-rumah-eyang-tipe-a-gejayan-yogyakarta-2?redirection_source=list%20kos%20result%20boundary,Kost Singgahsini Rumah Eyang Tipe A Gejayan Yogyakarta,1525000,"Ada jam malam,Ada jam malam untuk tamu,Boleh pasutri,Denda kerusakan barang kos,Dilarang bawa hewan,Dilarang merokok di kamar,Lawan jenis dilarang ke kamar,Maks. 2 orang/ kamar,Tamu boleh menginap,Tamu menginap dikenakan biaya,Tidak boleh bawa anak","AC,Bantal,Cermin,Guling,Jendela,Kasur,Kursi,Lemari Baju,Meja","Penjaga Kos,R. Tamu,WiFi","Parkir Mobil,Parkir Motor & Sepeda",ya,ya,tidak,Universitas Negeri Yogyakarta:1738
https://mamikos.com/room/kost-sleman-kost-putri-eksklusif-kost-singgahsini-omah-anggur-tipe-c-seturan-yogyakarta-1?redirection_source=list%20kos%20result%20boundary,Kost Singgahsini Omah Anggur Tipe C Seturan Yogyakarta,1825000,"Ada jam malam untuk tamu,Akses 24 Jam,Denda kerusakan barang kos,Dilarang merokok di kamar,Lawan jenis dilarang ke kamar,Maks. 2 orang/ kamar,Tamu menginap dikenakan biaya","AC,Bantal,Jendela,Kasur,Kursi,Lemari Baju,Meja,Ventilasi","Dapur,R. Tamu,WiFi","Parkir Mobil,Parkir Sepeda",ya,ya,tidak,Universitas Atma Jaya Yogyakarta:1131
https://mamikos.com/room/kost-kabupaten-sleman-kost-campur-murah-kost-carolus-ngaglik-sleman?redirection_source=list%20kos%20result%20boundary,Kost Carolus Ngaglik Sleman,750000,"Ada jam malam untuk tamu,Denda kerusakan barang kos,Dilarang bawa hewan,Kamar hanya bagi penyewa,Kriteria umum,Lawan jenis dilarang ke kamar,Maks. 1 orang/ kamar,Menunjukan bukti (-) Swab saat check-in,Tambah biaya untuk alat elektronik,Tamu dilarang menginap,Tidak bisa DP (sewa harian),Tidak boleh bawa anak,Tidak untuk pasutri","Kasur,Lemari Baju,Meja,Ventilasi","Jemuran,R. Jemur,R. Tamu,WiFi","Parkir Mobil,Parkir Motor,Parkir Motor & Sepeda,Parkir Sepeda",tidak,tidak,tidak,Sekolah Tinggi Ilmu Manajemen Ykpn:1962
https://mamikos.com/room/kost-kabupaten-sleman-kost-putra-eksklusif-kost-singgahsini-cozy-sawitsari-6-tipe-d-condongcatur-yogyakarta?redirection_source=list%20kos%20result%20boundary,Kost Singgahsini Cozy Sawitsari 6 Tipe D Condongcatur Yogyakarta,1425000,"Ada jam malam untuk tamu,Akses 24 Jam,Denda kerusakan barang kos,Dilarang bawa hewan,Dilarang merokok di kamar,Lawan jenis dilarang ke kamar,Maks. 2 orang/ kamar,Tambah biaya untuk alat elektronik,Tamu menginap dikenakan biaya,Wajib ikut piket","AC,Bantal,Cermin,Jendela,Kasur,Lemari Baju,Ventilasi","K. Mandi Luar,R. Tamu,WiFi",Parkir Mobil,ya,tidak,ya,Universitas Gadjah Mada:2035
https://mamikos.com/room/kost-kabupaten-sleman-kost-campur-eksklusif-kost-waringin-eksekutif-depok-sleman?redirection_source=list%20kos%20result%20boundary,Kost Waringin Eksekutif Depok Sleman,1300000,"Ada jam malam untuk tamu,Akses 24 Jam,Boleh pasutri,Dilarang bawa hewan,Kamar hanya bagi penyewa,Maks. 2 orang/ kamar,Tamu dilarang menginap","AC,Bantal,Cermin,Guling,Jendela,Kasur,Kursi,Lemari Baju,Meja,Ventilasi","Balcon,CCTV,Dapur,Jemuran,K. Mandi Luar,R. Makan,R. Santai,WiFi","Parkir Mobil,Parkir Motor,Parkir Motor & Sepeda,Parkir Sepeda",ya,tidak,tidak,Universitas Atma Jaya Yogyakarta:1792
https://mamikos.com/room/kost-sleman-kost-campur-eksklusif-kost-eksklusif-omah-adhem-tipe-b-sambilegi-yogyakarta-1?redirection_source=list%20kos%20result%20boundary,Kost Eksklusif Omah Adhem Tipe B Sambilegi Maguwoharjo Depok Sleman Yogyakarta,1450000,"Akses 24 Jam,Maks. 2 orang/ kamar","AC,Bantal,Cermin,Cleaning service,Dispenser,Guling,Jendela,Kasur,Kulkas,Kursi,Lemari Baju,Meja,Meja Rias,TV,Wastafel","Balcon,CCTV,Dapur,Dispenser,Kulkas,Laundry,Locker,Mesin Cuci,Mushola,Pengurus Kos,Penjaga Kos,R. Cuci,R. Jemur,R. Makan,R. Santai,R. Tamu,TV,WiFi","Parkir Mobil,Parkir Motor,Parkir Sepeda",ya,ya,tidak,Universitas Atma Jaya Yogyakarta:2344
https://mamikos.com/room/kost-kabupaten-sleman-kost-putra-eksklusif-kost-singgahsini-kledokan-seturan-tipe-b-yogyakarta?redirection_source=list%20kos%20result%20boundary,Kost Singgahsini Kledokan Seturan Tipe B Yogyakarta,1775000,"Ada jam malam untuk tamu,Akses 24 Jam,Denda kerusakan barang kos,Dilarang bawa hewan,Dilarang merokok di kamar,Kriteria umum,Lawan jenis dilarang ke kamar,Maks. 2 orang/ kamar,Tamu menginap dikenakan biaya","AC,Bantal,Guling,Kasur,Kursi,Lemari Baju,Meja,TV","CCTV,Dapur,Kulkas,R. Jemur,R. Tamu,WiFi","Parkir Mobil,Parkir Sepeda",ya,ya,tidak,Universitas Pembangunan Nasional Veteran Yogyakarta:694
https://mamikos.com/room/kost-kabupaten-sleman-kost-putra-murah-kost-singgahsini-cozy-sawitsari-6-tipe-a-condongcatur-yogyakarta-2?redirection_source=list%20kos%20result%20boundary,Kost Singgahsini Cozy Sawitsari 6 Tipe A Condongcatur Yogyakarta,900000,"Ada jam malam untuk tamu,Akses 24 Jam,Denda kerusakan barang kos,Dilarang bawa hewan,Dilarang merokok di kamar,Lawan jenis dilarang ke kamar,Maks. 2 orang/ kamar,Tambah biaya untuk alat elektronik,Tamu menginap dikenakan biaya,Wajib ikut piket","Bantal,Cermin,Jendela,Kasur,Lemari Baju","K. Mandi Luar,R. Tamu,WiFi",Parkir Mobil,ya,tidak,ya,Universitas Gadjah Mada:2030
https://mamikos.com/room/kost-kabupaten-sleman-kost-putri-eksklusif-kost-livingkoost-depok-sleman?redirection_source=list%20kos%20result%20boundary,Kost Livingkoost Depok Sleman,1900000,,"AC,Bantal,Cleaning service,Guling,Jendela,Kasur,Kursi,Ventilasi","Balcon,CCTV,Dapur,Dispenser,Jemuran,Kulkas,Penjaga Kos,R. Cuci,R. Jemur,R. Santai,R. Tamu,WiFi","Parkir Mobil,Parkir Motor,Parkir Motor & Sepeda,Parkir Sepeda",ya,ya,tidak,Universitas Gadjah Mada:1272
https://mamikos.com/room/kost-sleman-kost-campur-eksklusif-kost-singgahsini-rumah-eyang-tipe-a-gejayan-yogyakarta-2?redirection_source=list%20kos%20result%20boundary,Kost Singgahsini Rumah Eyang Tipe A Gejayan Yogyakarta,1525000,"Ada jam malam,Ada jam malam untuk tamu,Boleh pasutri,Denda kerusakan barang kos,Dilarang bawa hewan,Dilarang merokok di kamar,Lawan jenis dilarang ke kamar,Maks. 2 orang/ kamar,Tamu boleh menginap,Tamu menginap dikenakan biaya,Tidak boleh bawa anak","AC,Bantal,Cermin,Guling,Jendela,Kasur,Kursi,Lemari Baju,Meja","Penjaga Kos,R. Tamu,WiFi","Parkir Mobil,Parkir Motor & Sepeda",ya,ya,tidak,Universitas Negeri Yogyakarta:1738
https://mamikos.com/room/kost-sleman-kost-putri-eksklusif-kost-singgahsini-omah-anggur-tipe-c-seturan-yogyakarta-1?redirection_source=list%20kos%20result%20boundary,Kost Singgahsini Omah Anggur Tipe C Seturan Yogyakarta,1825000,"Ada jam malam untuk tamu,Akses 24 Jam,Denda kerusakan barang kos,Dilarang merokok di kamar,Lawan jenis dilarang ke kamar,Maks. 2 orang/ kamar,Tamu menginap dikenakan biaya","AC,Bantal,Jendela,Kasur,Kursi,Lemari Baju,Meja,Ventilasi","Dapur,R. Tamu,WiFi","Parkir Mobil,Parkir Sepeda",ya,ya,tidak,Universitas Atma Jaya Yogyakarta:1131
https://mamikos.com/room/kost-sleman-kost-campur-eksklusif-kost-eksklusif-omah-adhem-tipe-b-sambilegi-yogyakarta-1?redirection_source=list%20kos%20result%20boundary,Kost Eksklusif Omah Adhem Tipe B Sambilegi Maguwoharjo Depok Sleman Yogyakarta,1450000,"Akses 24 Jam,Maks. 2 orang/ kamar","AC,Bantal,Cermin,Cleaning service,Dispenser,Guling,Jendela,Kasur,Kulkas,Kursi,Lemari Baju,Meja,Meja Rias,TV,Wastafel","Balcon,CCTV,Dapur,Dispenser,Kulkas,Laundry,Locker,Mesin Cuci,Mushola,Pengurus Kos,Penjaga Kos,R. Cuci,R. Jemur,R. Makan,R. Santai,R. Tamu,TV,WiFi","Parkir Mobil,Parkir Motor,Parkir Sepeda",ya,ya,tidak,Universitas Atma Jaya Yogyakarta:2344
https://mamikos.com/room/kost-kabupaten-sleman-kost-putra-eksklusif-kost-singgahsini-kledokan-seturan-tipe-b-yogyakarta?redirection_source=list%20kos%20result%20boundary,Kost Singgahsini Kledokan Seturan Tipe B Yogyakarta,1775000,"Ada jam malam untuk tamu,Akses 24 Jam,Denda kerusakan barang kos,Dilarang bawa hewan,Dilarang merokok di kamar,Kriteria umum,Lawan jenis dilarang ke kamar,Maks. 2 orang/ kamar,Tamu menginap dikenakan biaya","AC,Bantal,Guling,Kasur,Kursi,Lemari Baju,Meja,TV","CCTV,Dapur,Kulkas,R. Jemur,R. Tamu,WiFi","Parkir Mobil,Parkir Sepeda",ya,ya,tidak,Universitas Pembangunan Nasional Veteran Yogyakarta:694
https://mamikos.com/room/kost-kabupaten-sleman-kost-putra-murah-kost-singgahsini-cozy-sawitsari-6-tipe-a-condongcatur-yogyakarta-2?redirection_source=list%20kos%20result%20boundary,Kost Singgahsini Cozy Sawitsari 6 Tipe A Condongcatur Yogyakarta,900000,"Ada jam malam untuk tamu,Akses 24 Jam,Denda kerusakan barang kos,Dilarang bawa hewan,Dilarang merokok di kamar,Lawan jenis dilarang ke kamar,Maks. 2 orang/ kamar,Tambah biaya untuk alat elektronik,Tamu menginap dikenakan biaya,Wajib ikut piket","Bantal,Cermin,Jendela,Kasur,Lemari Baju","K. Mandi Luar,R. Tamu,WiFi",Parkir Mobil,ya,tidak,ya,Universitas Gadjah Mada:2030
https://mamikos.com/room/kost-kabupaten-sleman-kost-putri-eksklusif-kost-livingkoost-depok-sleman?redirection_source=list%20kos%20result%20boundary,Kost Livingkoost Depok Sleman,1900000,,"AC,Bantal,Cleaning service,Guling,Jendela,Kasur,Kursi,Ventilasi","Balcon,CCTV,Dapur,Dispenser,Jemuran,Kulkas,Penjaga Kos,R. Cuci,R. Jemur,R. Santai,R. Tamu,WiFi","Parkir Mobil,Parkir Motor,Parkir Motor & Sepeda,Parkir Sepeda",ya,ya,tidak,Universitas Gadjah Mada:1272
https://mamikos.com/room/kost-sleman-kost-campur-eksklusif-kost-singgahsini-rien-house-tipe-a-condongcatur-yogyakarta?redirection_source=list%20kos%20result%20boundary,Kost Singgahsini Rien House Tipe A Condongcatur Yogyakarta,1725000,"Akses 24 Jam,Boleh pasutri,Dilarang bawa hewan,Lawan jenis dilarang ke kamar,Maks. 2 orang/ kamar","AC,Cleaning service,Kasur,Kursi,Lemari Baju,Meja,TV","Dapur,Penjaga Kos,R. Keluarga,R. Santai,R. Tamu,Taman,WiFi",Parkir Mobil,ya,ya,tidak,Universitas Amikom Yogyakarta:680
https://mamikos.com/room/kost-kabupaten-sleman-kost-putri-murah-kost-pojokan-tipe-a-depok-sleman?redirection_source=list%20kos%20result%20boundary,Kost Pojokan Tipe A Depok Sleman,700000,"Ada jam malam untuk tamu,Akses 24 Jam,Harga termasuk listrik (sewa harian),Kamar hanya bagi penyewa,Kriteria umum,Lawan jenis dilarang ke kamar,Maks. 1 orang/ kamar,Tamu bebas berkunjung","Jendela,Kasur,Lemari Baju,Ventilasi","Balcon,Dapur,Jemuran,R. Jemur,R. Tamu,WiFi","Parkir Motor,Parkir Motor & Sepeda",tidak,ya,ya,Universitas Amikom Yogyakarta:1922
https://mamikos.com/room/kost-kabupaten-sleman-kost-putri-eksklusif-kost-syariah-griya-almira-1-ngaglik-sleman-2?redirection_source=list%20kos%20result%20boundary,Kost Syariah Griya Almira 1 Ngaglik Sleman,1350000,"Ada jam malam,Ada jam malam untuk tamu,Dilarang bawa hewan,Dilarang merokok di kamar,Khusus Mahasiswa,Lawan jenis dilarang ke kamar,Maks. 1 orang/ kamar","AC,Bantal,Cermin,Guling,Jendela,Kasur,Kulkas,Kursi,Lemari Baju,Meja,TV,Ventilasi,Wastafel","Balcon,CCTV,Dapur,Jemuran,Jual Makanan,Kulkas,Mesin Cuci,Pengurus Kos,Penjaga Kos,R. Cuci,R. Jemur,R. Makan,R. Santai,R. Tamu,TV,WiFi","Parkir Mobil,Parkir Motor,Parkir Sepeda",ya,ya,tidak,Universitas Islam Indonesia:2102
https://mamikos.com/room/kost-kabupaten-sleman-kost-putri-eksklusif-kost-singgahsini-rumah-putih-tipe-b-mlati-yogyakarta?redirection_source=list%20kos%20result%20boundary,Kost Singgahsini Rumah Putih Tipe B Mlati Yogyakarta,1375000,"Akses 24 Jam,Dilarang bawa hewan,Lawan jenis dilarang ke kamar,Maks. 2 orang/ kamar","AC,Bantal,Cermin,Guling,Kasur,Kursi,Lemari Baju,Meja,TV","Dapur,Dispenser,K. Mandi Luar,Kulkas,Penjaga Kos,R. Cuci,R. Tamu,TV,WiFi","Parkir Mobil,Parkir Motor & Sepeda,Parkir Sepeda",ya,ya,tidak,Universitas Teknologi Yogyakarta:3116
https://mamikos.com/room/kost-sleman-kost-putri-murah-kost-apik-roemah-aisyah-tipe-a-yogyakarta-2?redirection_source=list%20kos%20result%20boundary,Kost Apik Roemah Aisyah Tipe A Yogyakarta,625000,"Ada jam malam untuk tamu,Akses 24 Jam,Denda kerusakan barang kos,Dilarang bawa hewan,Dilarang merokok di kamar,Lawan jenis dilarang ke kamar,Maks. 2 orang/ kamar,Tamu menginap dikenakan biaya,Tidak boleh bawa anak,Tidak untuk pasutri,Wajib ikut piket","Bantal,Cermin,Guling,Jendela,Kasur,Kipas Angin,Lemari Baju,Ventilasi","Dapur,Jemuran,K. Mandi Luar,Penjaga Kos,R. Jemur,R. Tamu,WiFi",Parkir Motor & Sepeda,tidak,tidak,ya,Sekolah Tinggi Ilmu Kesehatan Aisyiyah Yogyakarta:745
https://mamikos.com/room/kost-kabupaten-sleman-kost-putri-eksklusif-kost-singgahsini-putri-maoni-tipe-c-gejayan-yogyakarta?redirection_source=list%20kos%20result%20boundary,Kost Singgahsini Putri Maoni Tipe C Gejayan Yogyakarta,1845000,"Akses 24 Jam,Dilarang bawa hewan,Lawan jenis dilarang ke kamar,Maks. 2 orang/ kamar,Tamu boleh menginap","AC,Bantal,Cleaning service,Guling,Kasur,Kursi,Lemari Baju,Meja,Sofa,TV","Dapur,Dispenser,Penjaga Kos,R. Jemur,R. Keluarga,R. Santai,R. Tamu,Rice Cooker,WiFi","Parkir Mobil,Parkir Sepeda",ya,ya,tidak,Universitas Negeri Yogyakarta:1008
https://mamikos.com/room/kost-kabupaten-sleman-kost-putra-eksklusif-kost-singgahsini-cozy-sawitsari-6-tipe-d-condongcatur-yogyakarta?redirection_source=list%20kos%20result%20boundary,Kost Singgahsini Cozy Sawitsari 6 Tipe D Condongcatur Yogyakarta,1425000,"Ada jam malam untuk tamu,Akses 24 Jam,Denda kerusakan barang kos,Dilarang bawa hewan,Dilarang merokok di kamar,Lawan jenis dilarang ke kamar,Maks. 2 orang/ kamar,Tambah biaya untuk alat elektronik,Tamu menginap dikenakan biaya,Wajib ikut piket","AC,Bantal,Cermin,Jendela,Kasur,Lemari Baju,Ventilasi","K. Mandi Luar,R. Tamu,WiFi",Parkir Mobil,ya,tidak,ya,Universitas Gadjah Mada:2035
https://mamikos.com/room/kost-kabupaten-sleman-kost-campur-eksklusif-kost-waringin-eksekutif-depok-sleman?redirection_source=list%20kos%20result%20boundary,Kost Waringin Eksekutif Depok Sleman,1300000,"Ada jam malam untuk tamu,Akses 24 Jam,Boleh pasutri,Dilarang bawa hewan,Kamar hanya bagi penyewa,Maks. 2 orang/ kamar,Tamu dilarang menginap","AC,Bantal,Cermin,Guling,Jendela,Kasur,Kursi,Lemari Baju,Meja,Ventilasi","Balcon,CCTV,Dapur,Jemuran,K. Mandi Luar,R. Makan,R. Santai,WiFi","Parkir Mobil,Parkir Motor,Parkir Motor & Sepeda,Parkir Sepeda",ya,tidak,tidak,Universitas Atma Jaya Yogyakarta:1792
https://mamikos.com/room/kost-sleman-kost-campur-eksklusif-kost-eksklusif-omah-adhem-tipe-b-sambilegi-yogyakarta-1?redirection_source=list%20kos%20result%20boundary,Kost Eksklusif Omah Adhem Tipe B Sambilegi Maguwoharjo Depok Sleman Yogyakarta,1450000,"Akses 24 Jam,Maks. 2 orang/ kamar","AC,Bantal,Cermin,Cleaning service,Dispenser,Guling,Jendela,Kasur,Kulkas,Kursi,Lemari Baju,Meja,Meja Rias,TV,Wastafel","Balcon,CCTV,Dapur,Dispenser,Kulkas,Laundry,Locker,Mesin Cuci,Mushola,Pengurus Kos,Penjaga Kos,R. Cuci,R. Jemur,R. Makan,R. Santai,R. Tamu,TV,WiFi","Parkir Mobil,Parkir Motor,Parkir Sepeda",ya,ya,tidak,Universitas Atma Jaya Yogyakarta:2344
https://mamikos.com/room/kost-kabupaten-sleman-kost-putra-eksklusif-kost-singgahsini-kledokan-seturan-tipe-b-yogyakarta?redirection_source=list%20kos%20result%20boundary,Kost Singgahsini Kledokan Seturan Tipe B Yogyakarta,1775000,"Ada jam malam untuk tamu,Akses 24 Jam,Denda kerusakan barang kos,Dilarang bawa hewan,Dilarang merokok di kamar,Kriteria umum,Lawan jenis dilarang ke kamar,Maks. 2 orang/ kamar,Tamu menginap dikenakan biaya","AC,Bantal,Guling,Kasur,Kursi,Lemari Baju,Meja,TV","CCTV,Dapur,Kulkas,R. Jemur,R. Tamu,WiFi","Parkir Mobil,Parkir Sepeda",ya,ya,tidak,Universitas Pembangunan Nasional Veteran Yogyakarta:694
https://mamikos.com/room/kost-kabupaten-sleman-kost-putra-murah-kost-singgahsini-cozy-sawitsari-6-tipe-a-condongcatur-yogyakarta-2?redirection_source=list%20kos%20result%20boundary,Kost Singgahsini Cozy Sawitsari 6 Tipe A Condongcatur Yogyakarta,900000,"Ada jam malam untuk tamu,Akses 24 Jam,Denda kerusakan barang kos,Dilarang bawa hewan,Dilarang merokok di kamar,Lawan jenis dilarang ke kamar,Maks. 2 orang/ kamar,Tambah biaya untuk alat elektronik,Tamu menginap dikenakan biaya,Wajib ikut piket","Bantal,Cermin,Jendela,Kasur,Lemari Baju","K. Mandi Luar,R. Tamu,WiFi",Parkir Mobil,ya,tidak,ya,Universitas Gadjah Mada:2030
https://mamikos.com/room/kost-kabupaten-sleman-kost-putri-eksklusif-kost-livingkoost-depok-sleman?redirection_source=list%20kos%20result%20boundary,Kost Livingkoost Depok Sleman,1900000,,"AC,Bantal,Cleaning service,Guling,Jendela,Kasur,Kursi,Ventilasi","Balcon,CCTV,Dapur,Dispenser,Jemuran,Kulkas,Penjaga Kos,R. Cuci,R. Jemur,R. Santai,R. Tamu,WiFi","Parkir Mobil,Parkir Motor,Parkir Motor & Sepeda,Parkir Sepeda",ya,ya,tidak,Universitas Gadjah Mada:1272
https://mamikos.com/room/kost-sleman-kost-campur-eksklusif-kost-singgahsini-rien-house-tipe-a-condongcatur-yogyakarta?redirection_source=list%20kos%20result%20boundary,Kost Singgahsini Rien House Tipe A Condongcatur Yogyakarta,1725000,"Akses 24 Jam,Boleh pasutri,Dilarang bawa hewan,Lawan jenis dilarang ke kamar,Maks. 2 orang/ kamar","AC,Cleaning service,Kasur,Kursi,Lemari Baju,Meja,TV","Dapur,Penjaga Kos,R. Keluarga,R. Santai,R. Tamu,Taman,WiFi",Parkir Mobil,ya,ya,tidak,Universitas Amikom Yogyakarta:680
https://mamikos.com/room/kost-kabupaten-sleman-kost-putri-murah-kost-pojokan-tipe-a-depok-sleman?redirection_source=list%20kos%20result%20boundary,Kost Pojokan Tipe A Depok Sleman,700000,"Ada jam malam untuk tamu,Akses 24 Jam,Harga termasuk listrik (sewa harian),Kamar hanya bagi penyewa,Kriteria umum,Lawan jenis dilarang ke kamar,Maks. 1 orang/ kamar,Tamu bebas berkunjung","Jendela,Kasur,Lemari Baju,Ventilasi","Balcon,Dapur,Jemuran,R. Jemur,R. Tamu,WiFi","Parkir Motor,Parkir Motor & Sepeda",tidak,ya,ya,Universitas Amikom Yogyakarta:1922
https://mamikos.com/room/kost-kabupaten-sleman-kost-putri-eksklusif-kost-syariah-griya-almira-1-ngaglik-sleman-2?redirection_source=list%20kos%20result%20boundary,Kost Syariah Griya Almira 1 Ngaglik Sleman,1350000,"Ada jam malam,Ada jam malam untuk tamu,Dilarang bawa hewan,Dilarang merokok di kamar,Khusus Mahasiswa,Lawan jenis dilarang ke kamar,Maks. 1 orang/ kamar","AC,Bantal,Cermin,Guling,Jendela,Kasur,Kulkas,Kursi,Lemari Baju,Meja,TV,Ventilasi,Wastafel","Balcon,CCTV,Dapur,Jemuran,Jual Makanan,Kulkas,Mesin Cuci,Pengurus Kos,Penjaga Kos,R. Cuci,R. Jemur,R. Makan,R. Santai,R. Tamu,TV,WiFi","Parkir Mobil,Parkir Motor,Parkir Sepeda",ya,ya,tidak,Universitas Islam Indonesia:2102
https://mamikos.com/room/kost-kabupaten-sleman-kost-putri-eksklusif-kost-singgahsini-rumah-putih-tipe-b-mlati-yogyakarta?redirection_source=list%20kos%20result%20boundary,Kost Singgahsini Rumah Putih Tipe B Mlati Yogyakarta,1375000,"Akses 24 Jam,Dilarang bawa hewan,Lawan jenis dilarang ke kamar,Maks. 2 orang/ kamar","AC,Bantal,Cermin,Guling,Kasur,Kursi,Lemari Baju,Meja,TV","Dapur,Dispenser,K. Mandi Luar,Kulkas,Penjaga Kos,R. Cuci,R. Tamu,TV,WiFi","Parkir Mobil,Parkir Motor & Sepeda,Parkir Sepeda",ya,ya,tidak,Universitas Teknologi Yogyakarta:3116
https://mamikos.com/room/kost-sleman-kost-putri-murah-kost-apik-roemah-aisyah-tipe-a-yogyakarta-2?redirection_source=list%20kos%20result%20boundary,Kost Apik Roemah Aisyah Tipe A Yogyakarta,625000,"Ada jam malam untuk tamu,Akses 24 Jam,Denda kerusakan barang kos,Dilarang bawa hewan,Dilarang merokok di kamar,Lawan jenis dilarang ke kamar,Maks. 2 orang/ kamar,Tamu menginap dikenakan biaya,Tidak boleh bawa anak,Tidak untuk pasutri,Wajib ikut piket","Bantal,Cermin,Guling,Jendela,Kasur,Kipas Angin,Lemari Baju,Ventilasi","Dapur,Jemuran,K. Mandi Luar,Penjaga Kos,R. Jemur,R. Tamu,WiFi",Parkir Motor & Sepeda,tidak,tidak,ya,Sekolah Tinggi Ilmu Kesehatan Aisyiyah Yogyakarta:745
https://mamikos.com/room/kost-kabupaten-sleman-kost-putri-eksklusif-kost-singgahsini-putri-maoni-tipe-c-gejayan-yogyakarta?redirection_source=list%20kos%20result%20boundary,Kost Singgahsini Putri Maoni Tipe C Gejayan Yogyakarta,1845000,"Akses 24 Jam,Dilarang bawa hewan,Lawan jenis dilarang ke kamar,Maks. 2 orang/ kamar,Tamu boleh menginap","AC,Bantal,Cleaning service,Guling,Kasur,Kursi,Lemari Baju,Meja,Sofa,TV","Dapur,Dispenser,Penjaga Kos,R. Jemur,R. Keluarga,R. Santai,R. Tamu,Rice Cooker,WiFi","Parkir Mobil,Parkir Sepeda",ya,ya,tidak,Universitas Negeri Yogyakarta:1008
https://mamikos.com/room/kost-kabupaten-sleman-kost-campur-eksklusif-kost-singgahsini-dcherry-pakuwon-mall-tipe-b-yogyakarta-2?redirection_source=list%20kos%20result%20boundary,Kost Singgahsini DCherry Pakuwon Mall Tipe B Yogyakarta,2125000,"Ada jam malam untuk tamu,Akses 24 Jam,Boleh pasutri,Denda kerusakan barang kos,Dilarang bawa hewan,Dilarang merokok di kamar,Lawan jenis dilarang ke kamar,Maks. 2 orang/ kamar,Tamu menginap dikenakan biaya,Tidak boleh bawa anak","AC,Jendela,Kasur,Kulkas,Kursi,Lemari Baju,Meja,TV","CCTV,Kulkas,Penjaga Kos,R. Tamu,TV,WiFi","Parkir Mobil,Parkir Motor & Sepeda",ya,ya,tidak,Universitas Amikom Yogyakarta:1485
https://mamikos.com/room/kost-sleman-kost-putra-eksklusif-kost-singgahsini-samara-tipe-b-yogyakarta-2?redirection_source=list%20kos%20result%20boundary,Kost Singgahsini Samara Tipe B Yogyakarta,1125000,"Akses 24 Jam,Denda kerusakan barang kos,Dilarang bawa hewan,Dilarang merokok di kamar,Lawan jenis dilarang ke kamar,Maks. 2 orang/ kamar,Tamu bebas berkunjung,Tamu boleh menginap,Tamu menginap dikenakan biaya,Tidak boleh bawa anak,Tidak untuk pasutri","AC,Jendela,Kasur,Lemari Baju","CCTV,Dapur,Kulkas,Penjaga Kos,R. Jemur,TV,WiFi","Parkir Mobil,Parkir Motor & Sepeda",ya,ya,tidak,Universitas Atma Jaya Yogyakarta:2463
https://mamikos.com/room/kost-kabupaten-sleman-kost-campur-murah-kost-carolus-ngaglik-sleman?redirection_source=list%20kos%20result%20boundary,Kost Carolus Ngaglik Sleman,750000,"Ada jam malam untuk tamu,Denda kerusakan barang kos,Dilarang bawa hewan,Kamar hanya bagi penyewa,Kriteria umum,Lawan jenis dilarang ke kamar,Maks. 1 orang/ kamar,Menunjukan bukti (-) Swab saat check-in,Tambah biaya untuk alat elektronik,Tamu dilarang menginap,Tidak bisa DP (sewa harian),Tidak boleh bawa anak,Tidak untuk pasutri","Kasur,Lemari Baju,Meja,Ventilasi","Jemuran,R. Jemur,R. Tamu,WiFi","Parkir Mobil,Parkir Motor,Parkir Motor & Sepeda,Parkir Sepeda",tidak,tidak,tidak,Sekolah Tinggi Ilmu Manajemen Ykpn:1962
https://mamikos.com/room/kost-kabupaten-sleman-kost-putra-eksklusif-kost-singgahsini-cozy-sawitsari-6-tipe-d-condongcatur-yogyakarta?redirection_source=list%20kos%20result%20boundary,Kost Singgahsini Cozy Sawitsari 6 Tipe D Condongcatur Yogyakarta,1425000,"Ada jam malam untuk tamu,Akses 24 Jam,Denda kerusakan barang kos,Dilarang bawa hewan,Dilarang merokok di kamar,Lawan jenis dilarang ke kamar,Maks. 2 orang/ kamar,Tambah biaya untuk alat elektronik,Tamu menginap dikenakan biaya,Wajib ikut piket","AC,Bantal,Cermin,Jendela,Kasur,Lemari Baju,Ventilasi","K. Mandi Luar,R. Tamu,WiFi",Parkir Mobil,ya,tidak,ya,Universitas Gadjah Mada:2035
https://mamikos.com/room/kost-kabupaten-sleman-kost-campur-eksklusif-kost-waringin-eksekutif-depok-sleman?redirection_source=list%20kos%20result%20boundary,Kost Waringin Eksekutif Depok Sleman,1300000,"Ada jam malam untuk tamu,Akses 24 Jam,Boleh pasutri,Dilarang bawa hewan,Kamar hanya bagi penyewa,Maks. 2 orang/ kamar,Tamu dilarang menginap","AC,Bantal,Cermin,Guling,Jendela,Kasur,Kursi,Lemari Baju,Meja,Ventilasi","Balcon,CCTV,Dapur,Jemuran,K. Mandi Luar,R. Makan,R. Santai,WiFi","Parkir Mobil,Parkir Motor,Parkir Motor & Sepeda,Parkir Sepeda",ya,tidak,tidak,Universitas Atma Jaya Yogyakarta:1792
https://mamikos.com/room/kost-sleman-kost-campur-eksklusif-kost-eksklusif-omah-adhem-tipe-b-sambilegi-yogyakarta-1?redirection_source=list%20kos%20result%20boundary,Kost Eksklusif Omah Adhem Tipe B Sambilegi Maguwoharjo Depok Sleman Yogyakarta,1450000,"Akses 24 Jam,Maks. 2 orang/ kamar","AC,Bantal,Cermin,Cleaning service,Dispenser,Guling,Jendela,Kasur,Kulkas,Kursi,Lemari Baju,Meja,Meja Rias,TV,Wastafel","Balcon,CCTV,Dapur,Dispenser,Kulkas,Laundry,Locker,Mesin Cuci,Mushola,Pengurus Kos,Penjaga Kos,R. Cuci,R. Jemur,R. Makan,R. Santai,R. Tamu,TV,WiFi","Parkir Mobil,Parkir Motor,Parkir Sepeda",ya,ya,tidak,Universitas Atma Jaya Yogyakarta:2344
https://mamikos.com/room/kost-kabupaten-sleman-kost-putra-eksklusif-kost-singgahsini-kledokan-seturan-tipe-b-yogyakarta?redirection_source=list%20kos%20result%20boundary,Kost Singgahsini Kledokan Seturan Tipe B Yogyakarta,1775000,"Ada jam malam untuk tamu,Akses 24 Jam,Denda kerusakan barang kos,Dilarang bawa hewan,Dilarang merokok di kamar,Kriteria umum,Lawan jenis dilarang ke kamar,Maks. 2 orang/ kamar,Tamu menginap dikenakan biaya","AC,Bantal,Guling,Kasur,Kursi,Lemari Baju,Meja,TV","CCTV,Dapur,Kulkas,R. Jemur,R. Tamu,WiFi","Parkir Mobil,Parkir Sepeda",ya,ya,tidak,Universitas Pembangunan Nasional Veteran Yogyakarta:694
https://mamikos.com/room/kost-kabupaten-sleman-kost-putra-murah-kost-singgahsini-cozy-sawitsari-6-tipe-a-condongcatur-yogyakarta-2?redirection_source=list%20kos%20result%20boundary,Kost Singgahsini Cozy Sawitsari 6 Tipe A Condongcatur Yogyakarta,900000,"Ada jam malam untuk tamu,Akses 24 Jam,Denda kerusakan barang kos,Dilarang bawa hewan,Dilarang merokok di kamar,Lawan jenis dilarang ke kamar,Maks. 2 orang/ kamar,Tambah biaya untuk alat elektronik,Tamu menginap dikenakan biaya,Wajib ikut piket","Bantal,Cermin,Jendela,Kasur,Lemari Baju","K. Mandi Luar,R. Tamu,WiFi",Parkir Mobil,ya,tidak,ya,Universitas Gadjah Mada:2030
https://mamikos.com/room/kost-kabupaten-sleman-kost-putri-eksklusif-kost-livingkoost-depok-sleman?redirection_source=list%20kos%20result%20boundary,Kost Livingkoost Depok Sleman,1900000,,"AC,Bantal,Cleaning service,Guling,Jendela,Kasur,Kursi,Ventilasi","Balcon,CCTV,Dapur,Dispenser,Jemuran,Kulkas,Penjaga Kos,R. Cuci,R. Jemur,R. Santai,R. Tamu,WiFi","Parkir Mobil,Parkir Motor,Parkir Motor & Sepeda,Parkir Sepeda",ya,ya,tidak,Universitas Gadjah Mada:1272
https://mamikos.com/room/kost-sleman-kost-campur-eksklusif-kost-singgahsini-rien-house-tipe-a-condongcatur-yogyakarta?redirection_source=list%20kos%20result%20boundary,Kost Singgahsini Rien House Tipe A Condongcatur Yogyakarta,1725000,"Akses 24 Jam,Boleh pasutri,Dilarang bawa hewan,Lawan jenis dilarang ke kamar,Maks. 2 orang/ kamar","AC,Cleaning service,Kasur,Kursi,Lemari Baju,Meja,TV","Dapur,Penjaga Kos,R. Keluarga,R. Santai,R. Tamu,Taman,WiFi",Parkir Mobil,ya,ya,tidak,Universitas Amikom Yogyakarta:680
https://mamikos.com/room/kost-kabupaten-sleman-kost-putri-murah-kost-pojokan-tipe-a-depok-sleman?redirection_source=list%20kos%20result%20boundary,Kost Pojokan Tipe A Depok Sleman,700000,"Ada jam malam untuk tamu,Akses 24 Jam,Harga termasuk listrik (sewa harian),Kamar hanya bagi penyewa,Kriteria umum,Lawan jenis dilarang ke kamar,Maks. 1 orang/ kamar,Tamu bebas berkunjung","Jendela,Kasur,Lemari Baju,Ventilasi","Balcon,Dapur,Jemuran,R. Jemur,R. Tamu,WiFi","Parkir Motor,Parkir Motor & Sepeda",tidak,ya,ya,Universitas Amikom Yogyakarta:1922
https://mamikos.com/room/kost-kabupaten-sleman-kost-putri-eksklusif-kost-syariah-griya-almira-1-ngaglik-sleman-2?redirection_source=list%20kos%20result%20boundary,Kost Syariah Griya Almira 1 Ngaglik Sleman,1350000,"Ada jam malam,Ada jam malam untuk tamu,Dilarang bawa hewan,Dilarang merokok di kamar,Khusus Mahasiswa,Lawan jenis dilarang ke kamar,Maks. 1 orang/ kamar","AC,Bantal,Cermin,Guling,Jendela,Kasur,Kulkas,Kursi,Lemari Baju,Meja,TV,Ventilasi,Wastafel","Balcon,CCTV,Dapur,Jemuran,Jual Makanan,Kulkas,Mesin Cuci,Pengurus Kos,Penjaga Kos,R. Cuci,R. Jemur,R. Makan,R. Santai,R. Tamu,TV,WiFi","Parkir Mobil,Parkir Motor,Parkir Sepeda",ya,ya,tidak,Universitas Islam Indonesia:2102
https://mamikos.com/room/kost-kabupaten-sleman-kost-putri-eksklusif-kost-singgahsini-rumah-putih-tipe-b-mlati-yogyakarta?redirection_source=list%20kos%20result%20boundary,Kost Singgahsini Rumah Putih Tipe B Mlati Yogyakarta,1375000,"Akses 24 Jam,Dilarang bawa hewan,Lawan jenis dilarang ke kamar,Maks. 2 orang/ kamar","AC,Bantal,Cermin,Guling,Kasur,Kursi,Lemari Baju,Meja,TV","Dapur,Dispenser,K. Mandi Luar,Kulkas,Penjaga Kos,R. Cuci,R. Tamu,TV,WiFi","Parkir Mobil,Parkir Motor & Sepeda,Parkir Sepeda",ya,ya,tidak,Universitas Teknologi Yogyakarta:3116
https://mamikos.com/room/kost-sleman-kost-putri-murah-kost-apik-roemah-aisyah-tipe-a-yogyakarta-2?redirection_source=list%20kos%20result%20boundary,Kost Apik Roemah Aisyah Tipe A Yogyakarta,625000,"Ada jam malam untuk tamu,Akses 24 Jam,Denda kerusakan barang kos,Dilarang bawa hewan,Dilarang merokok di kamar,Lawan jenis dilarang ke kamar,Maks. 2 orang/ kamar,Tamu menginap dikenakan biaya,Tidak boleh bawa anak,Tidak untuk pasutri,Wajib ikut piket","Bantal,Cermin,Guling,Jendela,Kasur,Kipas Angin,Lemari Baju,Ventilasi","Dapur,Jemuran,K. Mandi Luar,Penjaga Kos,R. Jemur,R. Tamu,WiFi",Parkir Motor & Sepeda,tidak,tidak,ya,Sekolah Tinggi Ilmu Kesehatan Aisyiyah Yogyakarta:745
https://mamikos.com/room/kost-kabupaten-sleman-kost-putri-eksklusif-kost-singgahsini-putri-maoni-tipe-c-gejayan-yogyakarta?redirection_source=list%20kos%20result%20boundary,Kost Singgahsini Putri Maoni Tipe C Gejayan Yogyakarta,1845000,"Akses 24 Jam,Dilarang bawa hewan,Lawan jenis dilarang ke kamar,Maks. 2 orang/ kamar,Tamu boleh menginap","AC,Bantal,Cleaning service,Guling,Kasur,Kursi,Lemari Baju,Meja,Sofa,TV","Dapur,Dispenser,Penjaga Kos,R. Jemur,R. Keluarga,R. Santai,R. Tamu,Rice Cooker,WiFi","Parkir Mobil,Parkir Sepeda",ya,ya,tidak,Universitas Negeri Yogyakarta:1008
https://mamikos.com/room/kost-sleman-kost-campur-eksklusif-kost-eksklusif-omah-adhem-tipe-b-sambilegi-yogyakarta-1?redirection_source=list%20kos%20result%20boundary,Kost Eksklusif Omah Adhem Tipe B Sambilegi Maguwoharjo Depok Sleman Yogyakarta,1450000,"Akses 24 Jam,Maks. 2 orang/ kamar","AC,Bantal,Cermin,Cleaning service,Dispenser,Guling,Jendela,Kasur,Kulkas,Kursi,Lemari Baju,Meja,Meja Rias,TV,Wastafel","Balcon,CCTV,Dapur,Dispenser,Kulkas,Laundry,Locker,Mesin Cuci,Mushola,Pengurus Kos,Penjaga Kos,R. Cuci,R. Jemur,R. Makan,R. Santai,R. Tamu,TV,WiFi","Parkir Mobil,Parkir Motor,Parkir Sepeda",ya,ya,tidak,Universitas Atma Jaya Yogyakarta:2344
https://mamikos.com/room/kost-kabupaten-sleman-kost-putra-eksklusif-kost-singgahsini-kledokan-seturan-tipe-b-yogyakarta?redirection_source=list%20kos%20result%20boundary,Kost Singgahsini Kledokan Seturan Tipe B Yogyakarta,1775000,"Ada jam malam untuk tamu,Akses 24 Jam,Denda kerusakan barang kos,Dilarang bawa hewan,Dilarang merokok di kamar,Kriteria umum,Lawan jenis dilarang ke kamar,Maks. 2 orang/ kamar,Tamu menginap dikenakan biaya","AC,Bantal,Guling,Kasur,Kursi,Lemari Baju,Meja,TV","CCTV,Dapur,Kulkas,R. Jemur,R. Tamu,WiFi","Parkir Mobil,Parkir Sepeda",ya,ya,tidak,Universitas Pembangunan Nasional Veteran Yogyakarta:694
https://mamikos.com/room/kost-kabupaten-sleman-kost-putra-murah-kost-singgahsini-cozy-sawitsari-6-tipe-a-condongcatur-yogyakarta-2?redirection_source=list%20kos%20result%20boundary,Kost Singgahsini Cozy Sawitsari 6 Tipe A Condongcatur Yogyakarta,900000,"Ada jam malam untuk tamu,Akses 24 Jam,Denda kerusakan barang kos,Dilarang bawa hewan,Dilarang merokok di kamar,Lawan jenis dilarang ke kamar,Maks. 2 orang/ kamar,Tambah biaya untuk alat elektronik,Tamu menginap dikenakan biaya,Wajib ikut piket","Bantal,Cermin,Jendela,Kasur,Lemari Baju","K. Mandi Luar,R. Tamu,WiFi",Parkir Mobil,ya,tidak,ya,Universitas Gadjah Mada:2030
https://mamikos.com/room/kost-kabupaten-sleman-kost-putri-eksklusif-kost-livingkoost-depok-sleman?redirection_source=list%20kos%20result%20boundary,Kost Livingkoost Depok Sleman,1900000,,"AC,Bantal,Cleaning service,Guling,Jendela,Kasur,Kursi,Ventilasi","Balcon,CCTV,Dapur,Dispenser,Jemuran,Kulkas,Penjaga Kos,R. Cuci,R. Jemur,R. Santai,R. Tamu,WiFi","Parkir Mobil,Parkir Motor,Parkir Motor & Sepeda,Parkir Sepeda",ya,ya,tidak,Universitas Gadjah Mada:1272
https://mamikos.com/room/kost-sleman-kost-campur-eksklusif-kost-singgahsini-rien-house-tipe-a-condongcatur-yogyakarta?redirection_source=list%20kos%20result%20boundary,Kost Singgahsini Rien House Tipe A Condongcatur Yogyakarta,1725000,"Akses 24 Jam,Boleh pasutri,Dilarang bawa hewan,Lawan jenis dilarang ke kamar,Maks. 2 orang/ kamar","AC,Cleaning service,Kasur,Kursi,Lemari Baju,Meja,TV","Dapur,Penjaga Kos,R. Keluarga,R. Santai,R. Tamu,Taman,WiFi",Parkir Mobil,ya,ya,tidak,Universitas Amikom Yogyakarta:680
https://mamikos.com/room/kost-kabupaten-sleman-kost-putri-murah-kost-pojokan-tipe-a-depok-sleman?redirection_source=list%20kos%20result%20boundary,Kost Pojokan Tipe A Depok Sleman,700000,"Ada jam malam untuk tamu,Akses 24 Jam,Harga termasuk listrik (sewa harian),Kamar hanya bagi penyewa,Kriteria umum,Lawan jenis dilarang ke kamar,Maks. 1 orang/ kamar,Tamu bebas berkunjung","Jendela,Kasur,Lemari Baju,Ventilasi","Balcon,Dapur,Jemuran,R. Jemur,R. Tamu,WiFi","Parkir Motor,Parkir Motor & Sepeda",tidak,ya,ya,Universitas Amikom Yogyakarta:1922
https://mamikos.com/room/kost-kabupaten-sleman-kost-putri-eksklusif-kost-syariah-griya-almira-1-ngaglik-sleman-2?redirection_source=list%20kos%20result%20boundary,Kost Syariah Griya Almira 1 Ngaglik Sleman,1350000,"Ada jam malam,Ada jam malam untuk tamu,Dilarang bawa hewan,Dilarang merokok di kamar,Khusus Mahasiswa,Lawan jenis dilarang ke kamar,Maks. 1 orang/ kamar","AC,Bantal,Cermin,Guling,Jendela,Kasur,Kulkas,Kursi,Lemari Baju,Meja,TV,Ventilasi,Wastafel","Balcon,CCTV,Dapur,Jemuran,Jual Makanan,Kulkas,Mesin Cuci,Pengurus Kos,Penjaga Kos,R. Cuci,R. Jemur,R. Makan,R. Santai,R. Tamu,TV,WiFi","Parkir Mobil,Parkir Motor,Parkir Sepeda",ya,ya,tidak,Universitas Islam Indonesia:2102
https://mamikos.com/room/kost-kabupaten-sleman-kost-putri-eksklusif-kost-singgahsini-rumah-putih-tipe-b-mlati-yogyakarta?redirection_source=list%20kos%20result%20boundary,Kost Singgahsini Rumah Putih Tipe B Mlati Yogyakarta,1375000,"Akses 24 Jam,Dilarang bawa hewan,Lawan jenis dilarang ke kamar,Maks. 2 orang/ kamar","AC,Bantal,Cermin,Guling,Kasur,Kursi,Lemari Baju,Meja,TV","Dapur,Dispenser,K. Mandi Luar,Kulkas,Penjaga Kos,R. Cuci,R. Tamu,TV,WiFi","Parkir Mobil,Parkir Motor & Sepeda,Parkir Sepeda",ya,ya,tidak,Universitas Teknologi Yogyakarta:3116
https://mamikos.com/room/kost-sleman-kost-putri-murah-kost-apik-roemah-aisyah-tipe-a-yogyakarta-2?redirection_source=list%20kos%20result%20boundary,Kost Apik Roemah Aisyah Tipe A Yogyakarta,625000,"Ada jam malam untuk tamu,Akses 24 Jam,Denda kerusakan barang kos,Dilarang bawa hewan,Dilarang merokok di kamar,Lawan jenis dilarang ke kamar,Maks. 2 orang/ kamar,Tamu menginap dikenakan biaya,Tidak boleh bawa anak,Tidak untuk pasutri,Wajib ikut piket","Bantal,Cermin,Guling,Jendela,Kasur,Kipas Angin,Lemari Baju,Ventilasi","Dapur,Jemuran,K. Mandi Luar,Penjaga Kos,R. Jemur,R. Tamu,WiFi",Parkir Motor & Sepeda,tidak,tidak,ya,Sekolah Tinggi Ilmu Kesehatan Aisyiyah Yogyakarta:745
https://mamikos.com/room/kost-kabupaten-sleman-kost-putri-eksklusif-kost-singgahsini-putri-maoni-tipe-c-gejayan-yogyakarta?redirection_source=list%20kos%20result%20boundary,Kost Singgahsini Putri Maoni Tipe C Gejayan Yogyakarta,1845000,"Akses 24 Jam,Dilarang bawa hewan,Lawan jenis dilarang ke kamar,Maks. 2 orang/ kamar,Tamu boleh menginap","AC,Bantal,Cleaning service,Guling,Kasur,Kursi,Lemari Baju,Meja,Sofa,TV","Dapur,Dispenser,Penjaga Kos,R. Jemur,R. Keluarga,R. Santai,R. Tamu,Rice Cooker,WiFi","Parkir Mobil,Parkir Sepeda",ya,ya,tidak,Universitas Negeri Yogyakarta:1008
https://mamikos.com/room/kost-kabupaten-sleman-kost-campur-eksklusif-kost-singgahsini-dcherry-pakuwon-mall-tipe-b-yogyakarta-2?redirection_source=list%20kos%20result%20boundary,Kost Singgahsini DCherry Pakuwon Mall Tipe B Yogyakarta,2125000,"Ada jam malam untuk tamu,Akses 24 Jam,Boleh pasutri,Denda kerusakan barang kos,Dilarang bawa hewan,Dilarang merokok di kamar,Lawan jenis dilarang ke kamar,Maks. 2 orang/ kamar,Tamu menginap dikenakan biaya,Tidak boleh bawa anak","AC,Jendela,Kasur,Kulkas,Kursi,Lemari Baju,Meja,TV","CCTV,Kulkas,Penjaga Kos,R. Tamu,TV,WiFi","Parkir Mobil,Parkir Motor & Sepeda",ya,ya,tidak,Universitas Amikom Yogyakarta:1485
https://mamikos.com/room/kost-sleman-kost-putra-eksklusif-kost-singgahsini-samara-tipe-b-yogyakarta-2?redirection_source=list%20kos%20result%20boundary,Kost Singgahsini Samara Tipe B Yogyakarta,1125000,"Akses 24 Jam,Denda kerusakan barang kos,Dilarang bawa hewan,Dilarang merokok di kamar,Lawan jenis dilarang ke kamar,Maks. 2 orang/ kamar,Tamu bebas berkunjung,Tamu boleh menginap,Tamu menginap dikenakan biaya,Tidak boleh bawa anak,Tidak untuk pasutri","AC,Jendela,Kasur,Lemari Baju","CCTV,Dapur,Kulkas,Penjaga Kos,R. Jemur,TV,WiFi","Parkir Mobil,Parkir Motor & Sepeda",ya,ya,tidak,Universitas Atma Jaya Yogyakarta:2463
https://mamikos.com/room/kost-kabupaten-sleman-kost-putri-murah-kost-apik-pondok-trio-tipe-c-maguwoharjo-yogyakarta--1?redirection_source=list%20kos%20result%20boundary,Kost Apik Pondok Trio Tipe C Maguwoharjo Yogyakarta,875000,"Ada jam malam,Dilarang bawa hewan,Lawan jenis dilarang ke kamar,Maks. 2 orang/ kamar,Tamu menginap dikenakan biaya","Bantal,Jendela,Kasur,Lemari Baju","Dapur,K. Mandi Luar,Penjaga Kos,R. Cuci,R. Tamu,WiFi","Parkir Mobil,Parkir Motor & Sepeda,Parkir Sepeda",tidak,ya,tidak,Universitas Pembangunan Nasional Veteran Yogyakarta:1562
https://mamikos.com/room/kost-sleman-kost-putri-eksklusif-kost-singgahsini-zazafifa-tipe-a-maguwoharjo-yogyakarta-2?redirection_source=list%20kos%20result%20boundary,Kost Singgahsini Zazafifa Tipe A Maguwoharjo Yogyakarta,1210000,"Ada jam malam untuk tamu,Akses 24 Jam,Denda kerusakan barang kos,Dilarang bawa hewan,Dilarang merokok di kamar,Lawan jenis dilarang ke kamar,Tamu dilarang menginap,Tidak boleh bawa anak,Tidak untuk pasutri","AC,Bantal,Cermin,Guling,Jendela,Kasur,Kursi,Lemari Baju,Meja,Wastafel","CCTV,Dapur,Jemuran,Penjaga Kos,R. Jemur,R. Tamu,WiFi",Parkir Motor & Sepeda,ya,ya,tidak,Universitas Pembangunan Nasional Veteran Yogyakarta:1571
https://mamikos.com/room/kost-kabupaten-sleman-kost-putra-eksklusif-kost-singgahsini-pramesthi-upn-tipe-a-yogyakarta?redirection_source=list%20kos%20result%20boundary,Kost Singgahsini Pramesthi UPN Tipe A Yogyakarta,1525000,"Ada jam malam untuk tamu,Akses 24 Jam,Denda kerusakan barang kos,Dilarang bawa hewan,Wajib ikut piket","AC,Bantal,Guling,Jendela,Kasur,Kulkas,Lemari Baju,Meja,TV,Ventilasi","CCTV,Dapur,Kulkas,Mesin Cuci,Penjaga Kos,R. Jemur,R. Makan,R. Tamu,TV,WiFi","Parkir Mobil,Parkir Sepeda",ya,tidak,ya,Universitas Negeri Yogyakarta:1671
https://mamikos.com/room/kost-sleman-kost-putri-eksklusif-kost-singgahsini-zazafifa-tipe-a-maguwoharjo-yogyakarta-2?redirection_source=list%20kos%20result%20boundary,Kost Singgahsini Zazafifa Tipe A Maguwoharjo Yogyakarta,1210000,"Ada jam malam untuk tamu,Akses 24 Jam,Denda kerusakan barang kos,Dilarang bawa hewan,Dilarang merokok di kamar,Lawan jenis dilarang ke kamar,Tamu dilarang menginap,Tidak boleh bawa anak,Tidak untuk pasutri","AC,Bantal,Cermin,Guling,Jendela,Kasur,Kursi,Lemari Baju,Meja,Wastafel","CCTV,Dapur,Jemuran,Penjaga Kos,R. Jemur,R. Tamu,WiFi",Parkir Motor & Sepeda,ya,ya,tidak,Universitas Pembangunan Nasional Veteran Yogyakarta:1571
https://mamikos.com/room/kost-kabupaten-sleman-kost-putra-eksklusif-kost-singgahsini-pramesthi-upn-tipe-a-yogyakarta?redirection_source=list%20kos%20result%20boundary,Kost Singgahsini Pramesthi UPN Tipe A Yogyakarta,1525000,"Ada jam malam untuk tamu,Akses 24 Jam,Denda kerusakan barang kos,Dilarang bawa hewan,Wajib ikut piket","AC,Bantal,Guling,Jendela,Kasur,Kulkas,Lemari Baju,Meja,TV,Ventilasi","CCTV,Dapur,Kulkas,Mesin Cuci,Penjaga Kos,R. Jemur,R. Makan,R. Tamu,TV,WiFi","Parkir Mobil,Parkir Sepeda",ya,tidak,ya,Universitas Negeri Yogyakarta:1671
https://mamikos.com/room/kost-sleman-kost-campur-eksklusif-kost-singgahsini-rumah-eyang-tipe-a-gejayan-yogyakarta-2?redirection_source=list%20kos%20result%20boundary,Kost Singgahsini Rumah Eyang Tipe A Gejayan Yogyakarta,1525000,"Ada jam malam,Ada jam malam untuk tamu,Boleh pasutri,Denda kerusakan barang kos,Dilarang bawa hewan,Dilarang merokok di kamar,Lawan jenis dilarang ke kamar,Maks. 2 orang/ kamar,Tamu boleh menginap,Tamu menginap dikenakan biaya,Tidak boleh bawa anak","AC,Bantal,Cermin,Guling,Jendela,Kasur,Kursi,Lemari Baju,Meja","Penjaga Kos,R. Tamu,WiFi","Parkir Mobil,Parkir Motor & Sepeda",ya,ya,tidak,Universitas Negeri Yogyakarta:1738
https://mamikos.com/room/kost-sleman-kost-putri-eksklusif-kost-singgahsini-omah-anggur-tipe-c-seturan-yogyakarta-1?redirection_source=list%20kos%20result%20boundary,Kost Singgahsini Omah Anggur Tipe C Seturan Yogyakarta,1825000,"Ada jam malam untuk tamu,Akses 24 Jam,Denda kerusakan barang kos,Dilarang merokok di kamar,Lawan jenis dilarang ke kamar,Maks. 2 orang/ kamar,Tamu menginap dikenakan biaya","AC,Bantal,Jendela,Kasur,Kursi,Lemari Baju,Meja,Ventilasi","Dapur,R. Tamu,WiFi","Parkir Mobil,Parkir Sepeda",ya,ya,tidak,Universitas Atma Jaya Yogyakarta:1131
https://mamikos.com/room/kost-sleman-kost-campur-eksklusif-kost-singgahsini-rien-house-tipe-a-condongcatur-yogyakarta?redirection_source=list%20kos%20result%20boundary,Kost Singgahsini Rien House Tipe A Condongcatur Yogyakarta,1725000,"Akses 24 Jam,Boleh pasutri,Dilarang bawa hewan,Lawan jenis dilarang ke kamar,Maks. 2 orang/ kamar","AC,Cleaning service,Kasur,Kursi,Lemari Baju,Meja,TV","Dapur,Penjaga Kos,R. Keluarga,R. Santai,R. Tamu,Taman,WiFi",Parkir Mobil,ya,ya,tidak,Universitas Amikom Yogyakarta:680
https://mamikos.com/room/kost-kabupaten-sleman-kost-putri-murah-kost-pojokan-tipe-a-depok-sleman?redirection_source=list%20kos%20result%20boundary,Kost Pojokan Tipe A Depok Sleman,700000,"Ada jam malam untuk tamu,Akses 24 Jam,Harga termasuk listrik (sewa harian),Kamar hanya bagi penyewa,Kriteria umum,Lawan jenis dilarang ke kamar,Maks. 1 orang/ kamar,Tamu bebas berkunjung","Jendela,Kasur,Lemari Baju,Ventilasi","Balcon,Dapur,Jemuran,R. Jemur,R. Tamu,WiFi","Parkir Motor,Parkir Motor & Sepeda",tidak,ya,ya,Universitas Amikom Yogyakarta:1922
https://mamikos.com/room/kost-kabupaten-sleman-kost-putri-eksklusif-kost-syariah-griya-almira-1-ngaglik-sleman-2?redirection_source=list%20kos%20result%20boundary,Kost Syariah Griya Almira 1 Ngaglik Sleman,1350000,"Ada jam malam,Ada jam malam untuk tamu,Dilarang bawa hewan,Dilarang merokok di kamar,Khusus Mahasiswa,Lawan jenis dilarang ke kamar,Maks. 1 orang/ kamar","AC,Bantal,Cermin,Guling,Jendela,Kasur,Kulkas,Kursi,Lemari Baju,Meja,TV,Ventilasi,Wastafel","Balcon,CCTV,Dapur,Jemuran,Jual Makanan,Kulkas,Mesin Cuci,Pengurus Kos,Penjaga Kos,R. Cuci,R. Jemur,R. Makan,R. Santai,R. Tamu,TV,WiFi","Parkir Mobil,Parkir Motor,Parkir Sepeda",ya,ya,tidak,Universitas Islam Indonesia:2102
https://mamikos.com/room/kost-kabupaten-sleman-kost-putri-eksklusif-kost-singgahsini-rumah-putih-tipe-b-mlati-yogyakarta?redirection_source=list%20kos%20result%20boundary,Kost Singgahsini Rumah Putih Tipe B Mlati Yogyakarta,1375000,"Akses 24 Jam,Dilarang bawa hewan,Lawan jenis dilarang ke kamar,Maks. 2 orang/ kamar","AC,Bantal,Cermin,Guling,Kasur,Kursi,Lemari Baju,Meja,TV","Dapur,Dispenser,K. Mandi Luar,Kulkas,Penjaga Kos,R. Cuci,R. Tamu,TV,WiFi","Parkir Mobil,Parkir Motor & Sepeda,Parkir Sepeda",ya,ya,tidak,Universitas Teknologi Yogyakarta:3116
https://mamikos.com/room/kost-sleman-kost-putri-murah-kost-apik-roemah-aisyah-tipe-a-yogyakarta-2?redirection_source=list%20kos%20result%20boundary,Kost Apik Roemah Aisyah Tipe A Yogyakarta,625000,"Ada jam malam untuk tamu,Akses 24 Jam,Denda kerusakan barang kos,Dilarang bawa hewan,Dilarang merokok di kamar,Lawan jenis dilarang ke kamar,Maks. 2 orang/ kamar,Tamu menginap dikenakan biaya,Tidak boleh bawa anak,Tidak untuk pasutri,Wajib ikut piket","Bantal,Cermin,Guling,Jendela,Kasur,Kipas Angin,Lemari Baju,Ventilasi","Dapur,Jemuran,K. Mandi Luar,Penjaga Kos,R. Jemur,R. Tamu,WiFi",Parkir Motor & Sepeda,tidak,tidak,ya,Sekolah Tinggi Ilmu Kesehatan Aisyiyah Yogyakarta:745
https://mamikos.com/room/kost-kabupaten-sleman-kost-putri-eksklusif-kost-singgahsini-putri-maoni-tipe-c-gejayan-yogyakarta?redirection_source=list%20kos%20result%20boundary,Kost Singgahsini Putri Maoni Tipe C Gejayan Yogyakarta,1845000,"Akses 24 Jam,Dilarang bawa hewan,Lawan jenis dilarang ke kamar,Maks. 2 orang/ kamar,Tamu boleh menginap","AC,Bantal,Cleaning service,Guling,Kasur,Kursi,Lemari Baju,Meja,Sofa,TV","Dapur,Dispenser,Penjaga Kos,R. Jemur,R. Keluarga,R. Santai,R. Tamu,Rice Cooker,WiFi","Parkir Mobil,Parkir Sepeda",ya,ya,tidak,Universitas Negeri Yogyakarta:1008
https://mamikos.com/room/kost-sleman-kost-putri-eksklusif-kost-singgahsini-omah-anggur-tipe-c-seturan-yogyakarta-1?redirection_source=list%20kos%20result%20boundary,Kost Singgahsini Omah Anggur Tipe C Seturan Yogyakarta,1825000,"Ada jam malam untuk tamu,Akses 24 Jam,Denda kerusakan barang kos,Dilarang merokok di kamar,Lawan jenis dilarang ke kamar,Maks. 2 orang/ kamar,Tamu menginap dikenakan biaya","AC,Bantal,Jendela,Kasur,Kursi,Lemari Baju,Meja,Ventilasi","Dapur,R. Tamu,WiFi","Parkir Mobil,Parkir Sepeda",ya,ya,tidak,Universitas Atma Jaya Yogyakarta:1131
https://mamikos.com/room/kost-kabupaten-sleman-kost-campur-murah-kost-carolus-ngaglik-sleman?redirection_source=list%20kos%20result%20boundary,Kost Carolus Ngaglik Sleman,750000,"Ada jam malam untuk tamu,Denda kerusakan barang kos,Dilarang bawa hewan,Kamar hanya bagi penyewa,Kriteria umum,Lawan jenis dilarang ke kamar,Maks. 1 orang/ kamar,Menunjukan bukti (-) Swab saat check-in,Tambah biaya untuk alat elektronik,Tamu dilarang menginap,Tidak bisa DP (sewa harian),Tidak boleh bawa anak,Tidak untuk pasutri","Kasur,Lemari Baju,Meja,Ventilasi","Jemuran,R. Jemur,R. Tamu,WiFi","Parkir Mobil,Parkir Motor,Parkir Motor & Sepeda,Parkir Sepeda",tidak,tidak,tidak,Sekolah Tinggi Ilmu Manajemen Ykpn:1962
https://mamikos.com/room/kost-kabupaten-sleman-kost-putra-eksklusif-kost-singgahsini-cozy-sawitsari-6-tipe-d-condongcatur-yogyakarta?redirection_source=list%20kos%20result%20boundary,Kost Singgahsini Cozy Sawitsari 6 Tipe D Condongcatur Yogyakarta,1425000,"Ada jam malam untuk tamu,Akses 24 Jam,Denda kerusakan barang kos,Dilarang bawa hewan,Dilarang merokok di kamar,Lawan jenis dilarang ke kamar,Maks. 2 orang/ kamar,Tambah biaya untuk alat elektronik,Tamu menginap dikenakan biaya,Wajib ikut piket","AC,Bantal,Cermin,Jendela,Kasur,Lemari Baju,Ventilasi","K. Mandi Luar,R. Tamu,WiFi",Parkir Mobil,ya,tidak,ya,Universitas Gadjah Mada:2035
https://mamikos.com/room/kost-kabupaten-sleman-kost-campur-eksklusif-kost-waringin-eksekutif-depok-sleman?redirection_source=list%20kos%20result%20boundary,Kost Waringin Eksekutif Depok Sleman,1300000,"Ada jam malam untuk tamu,Akses 24 Jam,Boleh pasutri,Dilarang bawa hewan,Kamar hanya bagi penyewa,Maks. 2 orang/ kamar,Tamu dilarang menginap","AC,Bantal,Cermin,Guling,Jendela,Kasur,Kursi,Lemari Baju,Meja,Ventilasi","Balcon,CCTV,Dapur,Jemuran,K. Mandi Luar,R. Makan,R. Santai,WiFi","Parkir Mobil,Parkir Motor,Parkir Motor & Sepeda,Parkir Sepeda",ya,tidak,tidak,Universitas Atma Jaya Yogyakarta:1792
https://mamikos.com/room/kost-sleman-kost-campur-eksklusif-kost-eksklusif-omah-adhem-tipe-b-sambilegi-yogyakarta-1?redirection_source=list%20kos%20result%20boundary,Kost Eksklusif Omah Adhem Tipe B Sambilegi Maguwoharjo Depok Sleman Yogyakarta,1450000,"Akses 24 Jam,Maks. 2 orang/ kamar","AC,Bantal,Cermin,Cleaning service,Dispenser,Guling,Jendela,Kasur,Kulkas,Kursi,Lemari Baju,Meja,Meja Rias,TV,Wastafel","Balcon,CCTV,Dapur,Dispenser,Kulkas,Laundry,Locker,Mesin Cuci,Mushola,Pengurus Kos,Penjaga Kos,R. Cuci,R. Jemur,R. Makan,R. Santai,R. Tamu,TV,WiFi","Parkir Mobil,Parkir Motor,Parkir Sepeda",ya,ya,tidak,Universitas Atma Jaya Yogyakarta:2344
https://mamikos.com/room/kost-kabupaten-sleman-kost-putra-eksklusif-kost-singgahsini-kledokan-seturan-tipe-b-yogyakarta?redirection_source=list%20kos%20result%20boundary,Kost Singgahsini Kledokan Seturan Tipe B Yogyakarta,1775000,"Ada jam malam untuk tamu,Akses 24 Jam,Denda kerusakan barang kos,Dilarang bawa hewan,Dilarang merokok di kamar,Kriteria umum,Lawan jenis dilarang ke kamar,Maks. 2 orang/ kamar,Tamu menginap dikenakan biaya","AC,Bantal,Guling,Kasur,Kursi,Lemari Baju,Meja,TV","CCTV,Dapur,Kulkas,R. Jemur,R. Tamu,WiFi","Parkir Mobil,Parkir Sepeda",ya,ya,tidak,Universitas Pembangunan Nasional Veteran Yogyakarta:694
https://mamikos.com/room/kost-kabupaten-sleman-kost-putra-murah-kost-singgahsini-cozy-sawitsari-6-tipe-a-condongcatur-yogyakarta-2?redirection_source=list%20kos%20result%20boundary,Kost Singgahsini Cozy Sawitsari 6 Tipe A Condongcatur Yogyakarta,900000,"Ada jam malam untuk tamu,Akses 24 Jam,Denda kerusakan barang kos,Dilarang bawa hewan,Dilarang merokok di kamar,Lawan jenis dilarang ke kamar,Maks. 2 orang/ kamar,Tambah biaya untuk alat elektronik,Tamu menginap dikenakan biaya,Wajib ikut piket","Bantal,Cermin,Jendela,Kasur,Lemari Baju","K. Mandi Luar,R. Tamu,WiFi",Parkir Mobil,ya,tidak,ya,Universitas Gadjah Mada:2030
https://mamikos.com/room/kost-sleman-kost-putra-eksklusif-kost-singgahsini-samara-tipe-b-yogyakarta-2?redirection_source=list%20kos%20result%20boundary,Kost Singgahsini Samara Tipe B Yogyakarta,1125000,"Akses 24 Jam,Denda kerusakan barang kos,Dilarang bawa hewan,Dilarang merokok di kamar,Lawan jenis dilarang ke kamar,Maks. 2 orang/ kamar,Tamu bebas berkunjung,Tamu boleh menginap,Tamu menginap dikenakan biaya,Tidak boleh bawa anak,Tidak untuk pasutri","AC,Jendela,Kasur,Lemari Baju","CCTV,Dapur,Kulkas,Penjaga Kos,R. Jemur,TV,WiFi","Parkir Mobil,Parkir Motor & Sepeda",ya,ya,tidak,Universitas Atma Jaya Yogyakarta:2463
https://mamikos.com/room/kost-kabupaten-sleman-kost-putri-murah-kost-apik-pondok-trio-tipe-c-maguwoharjo-yogyakarta--1?redirection_source=list%20kos%20result%20boundary,Kost Apik Pondok Trio Tipe C Maguwoharjo Yogyakarta,875000,"Ada jam malam,Dilarang bawa hewan,Lawan jenis dilarang ke kamar,Maks. 2 orang/ kamar,Tamu menginap dikenakan biaya","Bantal,Jendela,Kasur,Lemari Baju","Dapur,K. Mandi Luar,Penjaga Kos,R. Cuci,R. Tamu,WiFi","Parkir Mobil,Parkir Motor & Sepeda,Parkir Sepeda",tidak,ya,tidak,Universitas Pembangunan Nasional Veteran Yogyakarta:1562
https://mamikos.com/room/kost-sleman-kost-putri-eksklusif-kost-singgahsini-zazafifa-tipe-a-maguwoharjo-yogyakarta-2?redirection_source=list%20kos%20result%20boundary,Kost Singgahsini Zazafifa Tipe A Maguwoharjo Yogyakarta,1210000,"Ada jam malam untuk tamu,Akses 24 Jam,Denda kerusakan barang kos,Dilarang bawa hewan,Dilarang merokok di kamar,Lawan jenis dilarang ke kamar,Tamu dilarang menginap,Tidak boleh bawa anak,Tidak untuk pasutri","AC,Bantal,Cermin,Guling,Jendela,Kasur,Kursi,Lemari Baju,Meja,Wastafel","CCTV,Dapur,Jemuran,Penjaga Kos,R. Jemur,R. Tamu,WiFi",Parkir Motor & Sepeda,ya,ya,tidak,Universitas Pembangunan Nasional Veteran Yogyakarta:1571
https://mamikos.com/room/kost-kabupaten-sleman-kost-putra-eksklusif-kost-singgahsini-pramesthi-upn-tipe-a-yogyakarta?redirection_source=list%20kos%20result%20boundary,Kost Singgahsini Pramesthi UPN Tipe A Yogyakarta,1525000,"Ada jam malam untuk tamu,Akses 24 Jam,Denda kerusakan barang kos,Dilarang bawa hewan,Wajib ikut piket","AC,Bantal,Guling,Jendela,Kasur,Kulkas,Lemari Baju,Meja,TV,Ventilasi","CCTV,Dapur,Kulkas,Mesin Cuci,Penjaga Kos,R. Jemur,R. Makan,R. Tamu,TV,WiFi","Parkir Mobil,Parkir Sepeda",ya,tidak,ya,Universitas Negeri Yogyakarta:1671
https://mamikos.com/room/kost-kabupaten-sleman-kost-putra-eksklusif-kost-singgahsini-kledokan-seturan-tipe-b-yogyakarta?redirection_source=list%20kos%20result%20boundary,Kost Singgahsini Kledokan Seturan Tipe B Yogyakarta,1775000,"Ada jam malam untuk tamu,Akses 24 Jam,Denda kerusakan barang kos,Dilarang bawa hewan,Dilarang merokok di kamar,Kriteria umum,Lawan jenis dilarang ke kamar,Maks. 2 orang/ kamar,Tamu menginap dikenakan biaya","AC,Bantal,Guling,Kasur,Kursi,Lemari Baju,Meja,TV","CCTV,Dapur,Kulkas,R. Jemur,R. Tamu,WiFi","Parkir Mobil,Parkir Sepeda",ya,ya,tidak,Universitas Pembangunan Nasional Veteran Yogyakarta:694
https://mamikos.com/room/kost-kabupaten-sleman-kost-putra-murah-kost-singgahsini-cozy-sawitsari-6-tipe-a-condongcatur-yogyakarta-2?redirection_source=list%20kos%20result%20boundary,Kost Singgahsini Cozy Sawitsari 6 Tipe A Condongcatur Yogyakarta,900000,"Ada jam malam untuk tamu,Akses 24 Jam,Denda kerusakan barang kos,Dilarang bawa hewan,Dilarang merokok di kamar,Lawan jenis dilarang ke kamar,Maks. 2 orang/ kamar,Tambah biaya untuk alat elektronik,Tamu menginap dikenakan biaya,Wajib ikut piket","Bantal,Cermin,Jendela,Kasur,Lemari Baju","K. Mandi Luar,R. Tamu,WiFi",Parkir Mobil,ya,tidak,ya,Universitas Gadjah Mada:2030
https://mamikos.com/room/kost-kabupaten-sleman-kost-putri-eksklusif-kost-livingkoost-depok-sleman?redirection_source=list%20kos%20result%20boundary,Kost Livingkoost Depok Sleman,1900000,,"AC,Bantal,Cleaning service,Guling,Jendela,Kasur,Kursi,Ventilasi","Balcon,CCTV,Dapur,Dispenser,Jemuran,Kulkas,Penjaga Kos,R. Cuci,R. Jemur,R. Santai,R. Tamu,WiFi","Parkir Mobil,Parkir Motor,Parkir Motor & Sepeda,Parkir Sepeda",ya,ya,tidak,Universitas Gadjah Mada:1272
https://mamikos.com/room/kost-sleman-kost-campur-eksklusif-kost-singgahsini-rien-house-tipe-a-condongcatur-yogyakarta?redirection_source=list%20kos%20result%20boundary,Kost Singgahsini Rien House Tipe A Condongcatur Yogyakarta,1725000,"Akses 24 Jam,Boleh pasutri,Dilarang bawa hewan,Lawan jenis dilarang ke kamar,Maks. 2 orang/ kamar","AC,Cleaning service,Kasur,Kursi,Lemari Baju,Meja,TV","Dapur,Penjaga Kos,R. Keluarga,R. Santai,R. Tamu,Taman,WiFi",Parkir Mobil,ya,ya,tidak,Universitas Amikom Yogyakarta:680
https://mamikos.com/room/kost-kabupaten-sleman-kost-putri-murah-kost-pojokan-tipe-a-depok-sleman?redirection_source=list%20kos%20result%20boundary,Kost Pojokan Tipe A Depok Sleman,700000,"Ada jam malam untuk tamu,Akses 24 Jam,Harga termasuk listrik (sewa harian),Kamar hanya bagi penyewa,Kriteria umum,Lawan jenis dilarang ke kamar,Maks. 1 orang/ kamar,Tamu bebas berkunjung","Jendela,Kasur,Lemari Baju,Ventilasi","Balcon,Dapur,Jemuran,R. Jemur,R. Tamu,WiFi","Parkir Motor,Parkir Motor & Sepeda",tidak,ya,ya,Universitas Amikom Yogyakarta:1922
https://mamikos.com/room/kost-kabupaten-sleman-kost-putri-eksklusif-kost-syariah-griya-almira-1-ngaglik-sleman-2?redirection_source=list%20kos%20result%20boundary,Kost Syariah Griya Almira 1 Ngaglik Sleman,1350000,"Ada jam malam,Ada jam malam untuk tamu,Dilarang bawa hewan,Dilarang merokok di kamar,Khusus Mahasiswa,Lawan jenis dilarang ke kamar,Maks. 1 orang/ kamar","AC,Bantal,Cermin,Guling,Jendela,Kasur,Kulkas,Kursi,Lemari Baju,Meja,TV,Ventilasi,Wastafel","Balcon,CCTV,Dapur,Jemuran,Jual Makanan,Kulkas,Mesin Cuci,Pengurus Kos,Penjaga Kos,R. Cuci,R. Jemur,R. Makan,R. Santai,R. Tamu,TV,WiFi","Parkir Mobil,Parkir Motor,Parkir Sepeda",ya,ya,tidak,Universitas Islam Indonesia:2102
https://mamikos.com/room/kost-kabupaten-sleman-kost-putri-eksklusif-kost-singgahsini-rumah-putih-tipe-b-mlati-yogyakarta?redirection_source=list%20kos%20result%20boundary,Kost Singgahsini Rumah Putih Tipe B Mlati Yogyakarta,1375000,"Akses 24 Jam,Dilarang bawa hewan,Lawan jenis dilarang ke kamar,Maks. 2 orang/ kamar","AC,Bantal,Cermin,Guling,Kasur,Kursi,Lemari Baju,Meja,TV","Dapur,Dispenser,K. Mandi Luar,Kulkas,Penjaga Kos,R. Cuci,R. Tamu,TV,WiFi","Parkir Mobil,Parkir Motor & Sepeda,Parkir Sepeda",ya,ya,tidak,Universitas Teknologi Yogyakarta:3116
https://mamikos.com/room/kost-sleman-kost-putri-murah-kost-apik-roemah-aisyah-tipe-a-yogyakarta-2?redirection_source=list%20kos%20result%20boundary,Kost Apik Roemah Aisyah Tipe A Yogyakarta,625000,"Ada jam malam untuk tamu,Akses 24 Jam,Denda kerusakan barang kos,Dilarang bawa hewan,Dilarang merokok di kamar,Lawan jenis dilarang ke kamar,Maks. 2 orang/ kamar,Tamu menginap dikenakan biaya,Tidak boleh bawa anak,Tidak untuk pasutri,Wajib ikut piket","Bantal,Cermin,Guling,Jendela,Kasur,Kipas Angin,Lemari Baju,Ventilasi","Dapur,Jemuran,K. Mandi Luar,Penjaga Kos,R. Jemur,R. Tamu,WiFi",Parkir Motor & Sepeda,tidak,tidak,ya,Sekolah Tinggi Ilmu Kesehatan Aisyiyah Yogyakarta:745
https://mamikos.com/room/kost-kabupaten-sleman-kost-putri-eksklusif-kost-singgahsini-putri-maoni-tipe-c-gejayan-yogyakarta?redirection_source=list%20kos%20result%20boundary,Kost Singgahsini Putri Maoni Tipe C Gejayan Yogyakarta,1845000,"Akses 24 Jam,Dilarang bawa hewan,Lawan jenis dilarang ke kamar,Maks. 2 orang/ kamar,Tamu boleh menginap","AC,Bantal,Cleaning service,Guling,Kasur,Kursi,Lemari Baju,Meja,Sofa,TV","Dapur,Dispenser,Penjaga Kos,R. Jemur,R. Keluarga,R. Santai,R. Tamu,Rice Cooker,WiFi","Parkir Mobil,Parkir Sepeda",ya,ya,tidak,Universitas Negeri Yogyakarta:1008
https://mamikos.com/room/kost-kabupaten-sleman-kost-campur-eksklusif-kost-singgahsini-dcherry-pakuwon-mall-tipe-b-yogyakarta-2?redirection_source=list%20kos%20result%20boundary,Kost Singgahsini DCherry Pakuwon Mall Tipe B Yogyakarta,2125000,"Ada jam malam untuk tamu,Akses 24 Jam,Boleh pasutri,Denda kerusakan barang kos,Dilarang bawa hewan,Dilarang merokok di kamar,Lawan jenis dilarang ke kamar,Maks. 2 orang/ kamar,Tamu menginap dikenakan biaya,Tidak boleh bawa anak","AC,Jendela,Kasur,Kulkas,Kursi,Lemari Baju,Meja,TV","CCTV,Kulkas,Penjaga Kos,R. Tamu,TV,WiFi","Parkir Mobil,Parkir Motor & Sepeda",ya,ya,tidak,Universitas Amikom Yogyakarta:1485
https://mamikos.com/room/kost-sleman-kost-putra-eksklusif-kost-singgahsini-samara-tipe-b-yogyakarta-2?redirection_source=list%20kos%20result%20boundary,Kost Singgahsini Samara Tipe B Yogyakarta,1125000,"Akses 24 Jam,Denda kerusakan barang kos,Dilarang bawa hewan,Dilarang merokok di kamar,Lawan jenis dilarang ke kamar,Maks. 2 orang/ kamar,Tamu bebas berkunjung,Tamu boleh menginap,Tamu menginap dikenakan biaya,Tidak boleh bawa anak,Tidak untuk pasutri","AC,Jendela,Kasur,Lemari Baju","CCTV,Dapur,Kulkas,Penjaga Kos,R. Jemur,TV,WiFi","Parkir Mobil,Parkir Motor & Sepeda",ya,ya,tidak,Universitas Atma Jaya Yogyakarta:2463
https://mamikos.com/room/kost-kabupaten-sleman-kost-putri-murah-kost-apik-pondok-trio-tipe-c-maguwoharjo-yogyakarta--1?redirection_source=list%20kos%20result%20boundary,Kost Apik Pondok Trio Tipe C Maguwoharjo Yogyakarta,875000,"Ada jam malam,Dilarang bawa hewan,Lawan jenis dilarang ke kamar,Maks. 2 orang/ kamar,Tamu menginap dikenakan biaya","Bantal,Jendela,Kasur,Lemari Baju","Dapur,K. Mandi Luar,Penjaga Kos,R. Cuci,R. Tamu,WiFi","Parkir Mobil,Parkir Motor & Sepeda,Parkir Sepeda",tidak,ya,tidak,Universitas Pembangunan Nasional Veteran Yogyakarta:1562
https://mamikos.com/room/kost-sleman-kost-putri-eksklusif-kost-singgahsini-zazafifa-tipe-a-maguwoharjo-yogyakarta-2?redirection_source=list%20kos%20result%20boundary,Kost Singgahsini Zazafifa Tipe A Maguwoharjo Yogyakarta,1210000,"Ada jam malam untuk tamu,Akses 24 Jam,Denda kerusakan barang kos,Dilarang bawa hewan,Dilarang merokok di kamar,Lawan jenis dilarang ke kamar,Tamu dilarang menginap,Tidak boleh bawa anak,Tidak untuk pasutri","AC,Bantal,Cermin,Guling,Jendela,Kasur,Kursi,Lemari Baju,Meja,Wastafel","CCTV,Dapur,Jemuran,Penjaga Kos,R. Jemur,R. Tamu,WiFi",Parkir Motor & Sepeda,ya,ya,tidak,Universitas Pembangunan Nasional Veteran Yogyakarta:1571
https://mamikos.com/room/kost-kabupaten-sleman-kost-putra-eksklusif-kost-singgahsini-pramesthi-upn-tipe-a-yogyakarta?redirection_source=list%20kos%20result%20boundary,Kost Singgahsini Pramesthi UPN Tipe A Yogyakarta,1525000,"Ada jam malam untuk tamu,Akses 24 Jam,Denda kerusakan barang kos,Dilarang bawa hewan,Wajib ikut piket","AC,Bantal,Guling,Jendela,Kasur,Kulkas,Lemari Baju,Meja,TV,Ventilasi",,"Parkir Mobil,Parkir Sepeda",ya,,,Universitas Negeri Yogyakarta:1671
https://mamikos.com/room/kost-kabupaten-sleman-kost-campur-murah-kost-carolus-ngaglik-sleman?redirection_source=list%20kos%20result%20boundary,Kost Carolus Ngaglik Sleman,750000,"Ada jam malam untuk tamu,Denda kerusakan barang kos,Dilarang bawa hewan,Kamar hanya bagi penyewa,Kriteria umum,Lawan jenis dilarang ke kamar,Maks. 1 orang/ kamar,Menunjukan bukti (-) Swab saat check-in,Tambah biaya untuk alat elektronik,Tamu dilarang menginap,Tidak bisa DP (sewa harian),Tidak boleh bawa anak,Tidak untuk pasutri","Kasur,Lemari Baju,Meja,Ventilasi","Jemuran,R. Jemur,R. Tamu,WiFi","Parkir Mobil,Parkir Motor,Parkir Motor & Sepeda,Parkir Sepeda",tidak,tidak,tidak,Sekolah Tinggi Ilmu Manajemen Ykpn:1962
https://mamikos.com/room/kost-kabupaten-sleman-kost-putra-eksklusif-kost-singgahsini-cozy-sawitsari-6-tipe-d-condongcatur-yogyakarta?redirection_source=list%20kos%20result%20boundary,Kost Singgahsini Cozy Sawitsari 6 Tipe D Condongcatur Yogyakarta,1425000,"Ada jam malam untuk tamu,Akses 24 Jam,Denda kerusakan barang kos,Dilarang bawa hewan,Dilarang merokok di kamar,Lawan jenis dilarang ke kamar,Maks. 2 orang/ kamar,Tambah biaya untuk alat elektronik,Tamu menginap dikenakan biaya,Wajib ikut piket","AC,Bantal,Cermin,Jendela,Kasur,Lemari Baju,Ventilasi","K. Mandi Luar,R. Tamu,WiFi",Parkir Mobil,ya,tidak,ya,Universitas Gadjah Mada:2035
https://mamikos.com/room/kost-kabupaten-sleman-kost-campur-eksklusif-kost-waringin-eksekutif-depok-sleman?redirection_source=list%20kos%20result%20boundary,Kost Waringin Eksekutif Depok Sleman,1300000,"Ada jam malam untuk tamu,Akses 24 Jam,Boleh pasutri,Dilarang bawa hewan,Kamar hanya bagi penyewa,Maks. 2 orang/ kamar,Tamu dilarang menginap","AC,Bantal,Cermin,Guling,Jendela,Kasur,Kursi,Lemari Baju,Meja,Ventilasi","Balcon,CCTV,Dapur,Jemuran,K. Mandi Luar,R. Makan,R. Santai,WiFi","Parkir Mobil,Parkir Motor,Parkir Motor & Sepeda,Parkir Sepeda",ya,tidak,tidak,Universitas Atma Jaya Yogyakarta:1792
https://mamikos.com/room/kost-sleman-kost-campur-eksklusif-kost-eksklusif-omah-adhem-tipe-b-sambilegi-yogyakarta-1?redirection_source=list%20kos%20result%20boundary,Kost Eksklusif Omah Adhem Tipe B Sambilegi Maguwoharjo Depok Sleman Yogyakarta,1450000,"Akses 24 Jam,Maks. 2 orang/ kamar","AC,Bantal,Cermin,Cleaning service,Dispenser,Guling,Jendela,Kasur,Kulkas,Kursi,Lemari Baju,Meja,Meja Rias,TV,Wastafel","Balcon,CCTV,Dapur,Dispenser,Kulkas,Laundry,Locker,Mesin Cuci,Mushola,Pengurus Kos,Penjaga Kos,R. Cuci,R. Jemur,R. Makan,R. Santai,R. Tamu,TV,WiFi","Parkir Mobil,Parkir Motor,Parkir Sepeda",ya,ya,tidak,Universitas Atma Jaya Yogyakarta:2344
https://mamikos.com/room/kost-kabupaten-sleman-kost-putra-eksklusif-kost-singgahsini-kledokan-seturan-tipe-b-yogyakarta?redirection_source=list%20kos%20result%20boundary,Kost Singgahsini Kledokan Seturan Tipe B Yogyakarta,1775000,"Ada jam malam untuk tamu,Akses 24 Jam,Denda kerusakan barang kos,Dilarang bawa hewan,Dilarang merokok di kamar,Kriteria umum,Lawan jenis dilarang ke kamar,Maks. 2 orang/ kamar,Tamu menginap dikenakan biaya","AC,Bantal,Guling,Kasur,Kursi,Lemari Baju,Meja,TV","CCTV,Dapur,Kulkas,R. Jemur,R. Tamu,WiFi","Parkir Mobil,Parkir Sepeda",ya,ya,tidak,Universitas Pembangunan Nasional Veteran Yogyakarta:694
https://mamikos.com/room/kost-kabupaten-sleman-kost-putra-murah-kost-singgahsini-cozy-sawitsari-6-tipe-a-condongcatur-yogyakarta-2?redirection_source=list%20kos%20result%20boundary,Kost Singgahsini Cozy Sawitsari 6 Tipe A Condongcatur Yogyakarta,900000,"Ada jam malam untuk tamu,Akses 24 Jam,Denda kerusakan barang kos,Dilarang bawa hewan,Dilarang merokok di kamar,Lawan jenis dilarang ke kamar,Maks. 2 orang/ kamar,Tambah biaya untuk alat elektronik,Tamu menginap dikenakan biaya,Wajib ikut piket","Bantal,Cermin,Jendela,Kasur,Lemari Baju","K. Mandi Luar,R. Tamu,WiFi",Parkir Mobil,ya,tidak,ya,Universitas Gadjah Mada:2030
https://mamikos.com/room/kost-kabupaten-sleman-kost-putri-eksklusif-kost-livingkoost-depok-sleman?redirection_source=list%20kos%20result%20boundary,Kost Livingkoost Depok Sleman,1900000,,"AC,Bantal,Cleaning service,Guling,Jendela,Kasur,Kursi,Ventilasi","Balcon,CCTV,Dapur,Dispenser,Jemuran,Kulkas,Penjaga Kos,R. Cuci,R. Jemur,R. Santai,R. Tamu,WiFi","Parkir Mobil,Parkir Motor,Parkir Motor & Sepeda,Parkir Sepeda",ya,ya,tidak,Universitas Gadjah Mada:1272
https://mamikos.com/room/kost-sleman-kost-campur-eksklusif-kost-singgahsini-rien-house-tipe-a-condongcatur-yogyakarta?redirection_source=list%20kos%20result%20boundary,Kost Singgahsini Rien House Tipe A Condongcatur Yogyakarta,1725000,"Akses 24 Jam,Boleh pasutri,Dilarang bawa hewan,Lawan jenis dilarang ke kamar,Maks. 2 orang/ kamar","AC,Cleaning service,Kasur,Kursi,Lemari Baju,Meja,TV","Dapur,Penjaga Kos,R. Keluarga,R. Santai,R. Tamu,Taman,WiFi",Parkir Mobil,ya,ya,tidak,Universitas Amikom Yogyakarta:680
https://mamikos.com/room/kost-kabupaten-sleman-kost-putri-murah-kost-pojokan-tipe-a-depok-sleman?redirection_source=list%20kos%20result%20boundary,Kost Pojokan Tipe A Depok Sleman,700000,"Ada jam malam untuk tamu,Akses 24 Jam,Harga termasuk listrik (sewa harian),Kamar hanya bagi penyewa,Kriteria umum,Lawan jenis dilarang ke kamar,Maks. 1 orang/ kamar,Tamu bebas berkunjung","Jendela,Kasur,Lemari Baju,Ventilasi","Balcon,Dapur,Jemuran,R. Jemur,R. Tamu,WiFi","Parkir Motor,Parkir Motor & Sepeda",tidak,ya,ya,Universitas Amikom Yogyakarta:1922
https://mamikos.com/room/kost-kabupaten-sleman-kost-putri-eksklusif-kost-syariah-griya-almira-1-ngaglik-sleman-2?redirection_source=list%20kos%20result%20boundary,Kost Syariah Griya Almira 1 Ngaglik Sleman,1350000,"Ada jam malam,Ada jam malam untuk tamu,Dilarang bawa hewan,Dilarang merokok di kamar,Khusus Mahasiswa,Lawan jenis dilarang ke kamar,Maks. 1 orang/ kamar","AC,Bantal,Cermin,Guling,Jendela,Kasur,Kulkas,Kursi,Lemari Baju,Meja,TV,Ventilasi,Wastafel","Balcon,CCTV,Dapur,Jemuran,Jual Makanan,Kulkas,Mesin Cuci,Pengurus Kos,Penjaga Kos,R. Cuci,R. Jemur,R. Makan,R. Santai,R. Tamu,TV,WiFi","Parkir Mobil,Parkir Motor,Parkir Sepeda",ya,ya,tidak,Universitas Islam Indonesia:2102
https://mamikos.com/room/kost-kabupaten-sleman-kost-putri-eksklusif-kost-singgahsini-rumah-putih-tipe-b-mlati-yogyakarta?redirection_source=list%20kos%20result%20boundary,Kost Singgahsini Rumah Putih Tipe B Mlati Yogyakarta,1375000,"Akses 24 Jam,Dilarang bawa hewan,Lawan jenis dilarang ke kamar,Maks. 2 orang/ kamar","AC,Bantal,Cermin,Guling,Kasur,Kursi,Lemari Baju,Meja,TV","Dapur,Dispenser,K. Mandi Luar,Kulkas,Penjaga Kos,R. Cuci,R. Tamu,TV,WiFi","Parkir Mobil,Parkir Motor & Sepeda,Parkir Sepeda",ya,ya,tidak,Universitas Teknologi Yogyakarta:3116
https://mamikos.com/room/kost-sleman-kost-putri-murah-kost-apik-roemah-aisyah-tipe-a-yogyakarta-2?redirection_source=list%20kos%20result%20boundary,Kost Apik Roemah Aisyah Tipe A Yogyakarta,625000,"Ada jam malam untuk tamu,Akses 24 Jam,Denda kerusakan barang kos,Dilarang bawa hewan,Dilarang merokok di kamar,Lawan jenis dilarang ke kamar,Maks. 2 orang/ kamar,Tamu menginap dikenakan biaya,Tidak boleh bawa anak,Tidak untuk pasutri,Wajib ikut piket","Bantal,Cermin,Guling,Jendela,Kasur,Kipas Angin,Lemari Baju,Ventilasi","Dapur,Jemuran,K. Mandi Luar,Penjaga Kos,R. Jemur,R. Tamu,WiFi",Parkir Motor & Sepeda,tidak,tidak,ya,Sekolah Tinggi Ilmu Kesehatan Aisyiyah Yogyakarta:745
https://mamikos.com/room/kost-kabupaten-sleman-kost-putri-eksklusif-kost-singgahsini-putri-maoni-tipe-c-gejayan-yogyakarta?redirection_source=list%20kos%20result%20boundary,Kost Singgahsini Putri Maoni Tipe C Gejayan Yogyakarta,1845000,"Akses 24 Jam,Dilarang bawa hewan,Lawan jenis dilarang ke kamar,Maks. 2 orang/ kamar,Tamu boleh menginap","AC,Bantal,Cleaning service,Guling,Kasur,Kursi,Lemari Baju,Meja,Sofa,TV","Dapur,Dispenser,Penjaga Kos,R. Jemur,R. Keluarga,R. Santai,R. Tamu,Rice Cooker,WiFi","Parkir Mobil,Parkir Sepeda",ya,ya,tidak,Universitas Negeri Yogyakarta:1008
https://mamikos.com/room/kost-kabupaten-sleman-kost-campur-eksklusif-kost-singgahsini-dcherry-pakuwon-mall-tipe-b-yogyakarta-2?redirection_source=list%20kos%20result%20boundary,Kost Singgahsini DCherry Pakuwon Mall Tipe B Yogyakarta,2125000,"Ada jam malam untuk tamu,Akses 24 Jam,Boleh pasutri,Denda kerusakan barang kos,Dilarang bawa hewan,Dilarang merokok di kamar,Lawan jenis dilarang ke kamar,Maks. 2 orang/ kamar,Tamu menginap dikenakan biaya,Tidak boleh bawa anak","AC,Jendela,Kasur,Kulkas,Kursi,Lemari Baju,Meja,TV","CCTV,Kulkas,Penjaga Kos,R. Tamu,TV,WiFi","Parkir Mobil,Parkir Motor & Sepeda",ya,ya,tidak,Universitas Amikom Yogyakarta:1485
https://mamikos.com/room/kost-sleman-kost-putri-eksklusif-kost-singgahsini-omah-anggur-tipe-c-seturan-yogyakarta-1?redirection_source=list%20kos%20result%20boundary,Kost Singgahsini Omah Anggur Tipe C Seturan Yogyakarta,1825000,"Ada jam malam untuk tamu,Akses 24 Jam,Denda kerusakan barang kos,Dilarang merokok di kamar,Lawan jenis dilarang ke kamar,Maks. 2 orang/ kamar,Tamu menginap dikenakan biaya","AC,Bantal,Jendela,Kasur,Kursi,Lemari Baju,Meja,Ventilasi","Dapur,R. Tamu,WiFi","Parkir Mobil,Parkir Sepeda",ya,ya,tidak,Universitas Atma Jaya Yogyakarta:1131
https://mamikos.com/room/kost-kabupaten-sleman-kost-campur-murah-kost-carolus-ngaglik-sleman?redirection_source=list%20kos%20result%20boundary,Kost Carolus Ngaglik Sleman,750000,"Ada jam malam untuk tamu,Denda kerusakan barang kos,Dilarang bawa hewan,Kamar hanya bagi penyewa,Kriteria umum,Lawan jenis dilarang ke kamar,Maks. 1 orang/ kamar,Menunjukan bukti (-) Swab saat check-in,Tambah biaya untuk alat elektronik,Tamu dilarang menginap,Tidak bisa DP (sewa harian),Tidak boleh bawa anak,Tidak untuk pasutri","Kasur,Lemari Baju,Meja,Ventilasi","Jemuran,R. Jemur,R. Tamu,WiFi","Parkir Mobil,Parkir Motor,Parkir Motor & Sepeda,Parkir Sepeda",tidak,tidak,tidak,Sekolah Tinggi Ilmu Manajemen Ykpn:1962
https://mamikos.com/room/kost-kabupaten-sleman-kost-putra-eksklusif-kost-singgahsini-cozy-sawitsari-6-tipe-d-condongcatur-yogyakarta?redirection_source=list%20kos%20result%20boundary,Kost Singgahsini Cozy Sawitsari 6 Tipe D Condongcatur Yogyakarta,1425000,"Ada jam malam untuk tamu,Akses 24 Jam,Denda kerusakan barang kos,Dilarang bawa hewan,Dilarang merokok di kamar,Lawan jenis dilarang ke kamar,Maks. 2 orang/ kamar,Tambah biaya untuk alat elektronik,Tamu menginap dikenakan biaya,Wajib ikut piket","AC,Bantal,Cermin,Jendela,Kasur,Lemari Baju,Ventilasi","K. Mandi Luar,R. Tamu,WiFi",Parkir Mobil,ya,tidak,ya,Universitas Gadjah Mada:2035
https://mamikos.com/room/kost-kabupaten-sleman-kost-campur-eksklusif-kost-waringin-eksekutif-depok-sleman?redirection_source=list%20kos%20result%20boundary,Kost Waringin Eksekutif Depok Sleman,1300000,"Ada jam malam untuk tamu,Akses 24 Jam,Boleh pasutri,Dilarang bawa hewan,Kamar hanya bagi penyewa,Maks. 2 orang/ kamar,Tamu dilarang menginap","AC,Bantal,Cermin,Guling,Jendela,Kasur,Kursi,Lemari Baju,Meja,Ventilasi","Balcon,CCTV,Dapur,Jemuran,K. Mandi Luar,R. Makan,R. Santai,WiFi","Parkir Mobil,Parkir Motor,Parkir Motor & Sepeda,Parkir Sepeda",ya,tidak,tidak,Universitas Atma Jaya Yogyakarta:1792
https://mamikos.com/room/kost-sleman-kost-campur-eksklusif-kost-eksklusif-omah-adhem-tipe-b-sambilegi-yogyakarta-1?redirection_source=list%20kos%20result%20boundary,Kost Eksklusif Omah Adhem Tipe B Sambilegi Maguwoharjo Depok Sleman Yogyakarta,1450000,"Akses 24 Jam,Maks. 2 orang/ kamar","AC,Bantal,Cermin,Cleaning service,Dispenser,Guling,Jendela,Kasur,Kulkas,Kursi,Lemari Baju,Meja,Meja Rias,TV,Wastafel","Balcon,CCTV,Dapur,Dispenser,Kulkas,Laundry,Locker,Mesin Cuci,Mushola,Pengurus Kos,Penjaga Kos,R. Cuci,R. Jemur,R. Makan,R. Santai,R. Tamu,TV,WiFi","Parkir Mobil,Parkir Motor,Parkir Sepeda",ya,ya,tidak,Universitas Atma Jaya Yogyakarta:2344
https://mamikos.com/room/kost-kabupaten-sleman-kost-putra-eksklusif-kost-singgahsini-kledokan-seturan-tipe-b-yogyakarta?redirection_source=list%20kos%20result%20boundary,Kost Singgahsini Kledokan Seturan Tipe B Yogyakarta,1775000,"Ada jam malam untuk tamu,Akses 24 Jam,Denda kerusakan barang kos,Dilarang bawa hewan,Dilarang merokok di kamar,Kriteria umum,Lawan jenis dilarang ke kamar,Maks. 2 orang/ kamar,Tamu menginap dikenakan biaya","AC,Bantal,Guling,Kasur,Kursi,Lemari Baju,Meja,TV","CCTV,Dapur,Kulkas,R. Jemur,R. Tamu,WiFi","Parkir Mobil,Parkir Sepeda",ya,ya,tidak,Universitas Pembangunan Nasional Veteran Yogyakarta:694
https://mamikos.com/room/kost-kabupaten-sleman-kost-putra-murah-kost-singgahsini-cozy-sawitsari-6-tipe-a-condongcatur-yogyakarta-2?redirection_source=list%20kos%20result%20boundary,Kost Singgahsini Cozy Sawitsari 6 Tipe A Condongcatur Yogyakarta,900000,"Ada jam malam untuk tamu,Akses 24 Jam,Denda kerusakan barang kos,Dilarang bawa hewan,Dilarang merokok di kamar,Lawan jenis dilarang ke kamar,Maks. 2 orang/ kamar,Tambah biaya untuk alat elektronik,Tamu menginap dikenakan biaya,Wajib ikut piket","Bantal,Cermin,Jendela,Kasur,Lemari Baju","K. Mandi Luar,R. Tamu,WiFi",Parkir Mobil,ya,tidak,ya,Universitas Gadjah Mada:2030
https://mamikos.com/room/kost-kabupaten-sleman-kost-campur-eksklusif-kost-waringin-eksekutif-depok-sleman?redirection_source=list%20kos%20result%20boundary,Kost Waringin Eksekutif Depok Sleman,1300000,"Ada jam malam untuk tamu,Akses 24 Jam,Boleh pasutri,Dilarang bawa hewan,Kamar hanya bagi penyewa,Maks. 2 orang/ kamar,Tamu dilarang menginap","AC,Bantal,Cermin,Guling,Jendela,Kasur,Kursi,Lemari Baju,Meja,Ventilasi","Balcon,CCTV,Dapur,Jemuran,K. Mandi Luar,R. Makan,R. Santai,WiFi","Parkir Mobil,Parkir Motor,Parkir Motor & Sepeda,Parkir Sepeda",ya,tidak,tidak,Universitas Atma Jaya Yogyakarta:1792
https://mamikos.com/room/kost-sleman-kost-campur-eksklusif-kost-eksklusif-omah-adhem-tipe-b-sambilegi-yogyakarta-1?redirection_source=list%20kos%20result%20boundary,Kost Eksklusif Omah Adhem Tipe B Sambilegi Maguwoharjo Depok Sleman Yogyakarta,1450000,"Akses 24 Jam,Maks. 2 orang/ kamar","AC,Bantal,Cermin,Cleaning service,Dispenser,Guling,Jendela,Kasur,Kulkas,Kursi,Lemari Baju,Meja,Meja Rias,TV,Wastafel","Balcon,CCTV,Dapur,Dispenser,Kulkas,Laundry,Locker,Mesin Cuci,Mushola,Pengurus Kos,Penjaga Kos,R. Cuci,R. Jemur,R. Makan,R. Santai,R. Tamu,TV,WiFi","Parkir Mobil,Parkir Motor,Parkir Sepeda",ya,ya,tidak,Universitas Atma Jaya Yogyakarta:2344
https://mamikos.com/room/kost-kabupaten-sleman-kost-putra-eksklusif-kost-singgahsini-kledokan-seturan-tipe-b-yogyakarta?redirection_source=list%20kos%20result%20boundary,Kost Singgahsini Kledokan Seturan Tipe B Yogyakarta,1775000,"Ada jam malam untuk tamu,Akses 24 Jam,Denda kerusakan barang kos,Dilarang bawa hewan,Dilarang merokok di kamar,Kriteria umum,Lawan jenis dilarang ke kamar,Maks. 2 orang/ kamar,Tamu menginap dikenakan biaya","AC,Bantal,Guling,Kasur,Kursi,Lemari Baju,Meja,TV","CCTV,Dapur,Kulkas,R. Jemur,R. Tamu,WiFi","Parkir Mobil,Parkir Sepeda",ya,ya,tidak,Universitas Pembangunan Nasional Veteran Yogyakarta:694
https://mamikos.com/room/kost-kabupaten-sleman-kost-putra-murah-kost-singgahsini-cozy-sawitsari-6-tipe-a-condongcatur-yogyakarta-2?redirection_source=list%20kos%20result%20boundary,Kost Singgahsini Cozy Sawitsari 6 Tipe A Condongcatur Yogyakarta,900000,"Ada jam malam untuk tamu,Akses 24 Jam,Denda kerusakan barang kos,Dilarang bawa hewan,Dilarang merokok di kamar,Lawan jenis dilarang ke kamar,Maks. 2 orang/ kamar,Tambah biaya untuk alat elektronik,Tamu menginap dikenakan biaya,Wajib ikut piket","Bantal,Cermin,Jendela,Kasur,Lemari Baju","K. Mandi Luar,R. Tamu,WiFi",Parkir Mobil,ya,tidak,ya,Universitas Gadjah Mada:2030
https://mamikos.com/room/kost-kabupaten-sleman-kost-putri-eksklusif-kost-livingkoost-depok-sleman?redirection_source=list%20kos%20result%20boundary,Kost Livingkoost Depok Sleman,1900000,,"AC,Bantal,Cleaning service,Guling,Jendela,Kasur,Kursi,Ventilasi","Balcon,CCTV,Dapur,Dispenser,Jemuran,Kulkas,Penjaga Kos,R. Cuci,R. Jemur,R. Santai,R. Tamu,WiFi","Parkir Mobil,Parkir Motor,Parkir Motor & Sepeda,Parkir Sepeda",ya,ya,tidak,Universitas Gadjah Mada:1272
https://mamikos.com/room/kost-sleman-kost-campur-eksklusif-kost-singgahsini-rien-house-tipe-a-condongcatur-yogyakarta?redirection_source=list%20kos%20result%20boundary,Kost Singgahsini Rien House Tipe A Condongcatur Yogyakarta,1725000,"Akses 24 Jam,Boleh pasutri,Dilarang bawa hewan,Lawan jenis dilarang ke kamar,Maks. 2 orang/ kamar","AC,Cleaning service,Kasur,Kursi,Lemari Baju,Meja,TV","Dapur,Penjaga Kos,R. Keluarga,R. Santai,R. Tamu,Taman,WiFi",Parkir Mobil,ya,ya,tidak,Universitas Amikom Yogyakarta:680
https://mamikos.com/room/kost-kabupaten-sleman-kost-putri-murah-kost-pojokan-tipe-a-depok-sleman?redirection_source=list%20kos%20result%20boundary,Kost Pojokan Tipe A Depok Sleman,700000,"Ada jam malam untuk tamu,Akses 24 Jam,Harga termasuk listrik (sewa harian),Kamar hanya bagi penyewa,Kriteria umum,Lawan jenis dilarang ke kamar,Maks. 1 orang/ kamar,Tamu bebas berkunjung","Jendela,Kasur,Lemari Baju,Ventilasi","Balcon,Dapur,Jemuran,R. Jemur,R. Tamu,WiFi","Parkir Motor,Parkir Motor & Sepeda",tidak,ya,ya,Universitas Amikom Yogyakarta:1922
https://mamikos.com/room/kost-kabupaten-sleman-kost-putri-eksklusif-kost-syariah-griya-almira-1-ngaglik-sleman-2?redirection_source=list%20kos%20result%20boundary,Kost Syariah Griya Almira 1 Ngaglik Sleman,1350000,"Ada jam malam,Ada jam malam untuk tamu,Dilarang bawa hewan,Dilarang merokok di kamar,Khusus Mahasiswa,Lawan jenis dilarang ke kamar,Maks. 1 orang/ kamar","AC,Bantal,Cermin,Guling,Jendela,Kasur,Kulkas,Kursi,Lemari Baju,Meja,TV,Ventilasi,Wastafel","Balcon,CCTV,Dapur,Jemuran,Jual Makanan,Kulkas,Mesin Cuci,Pengurus Kos,Penjaga Kos,R. Cuci,R. Jemur,R. Makan,R. Santai,R. Tamu,TV,WiFi","Parkir Mobil,Parkir Motor,Parkir Sepeda",ya,ya,tidak,Universitas Islam Indonesia:2102
https://mamikos.com/room/kost-kabupaten-sleman-kost-putri-eksklusif-kost-singgahsini-rumah-putih-tipe-b-mlati-yogyakarta?redirection_source=list%20kos%20result%20boundary,Kost Singgahsini Rumah Putih Tipe B Mlati Yogyakarta,1375000,"Akses 24 Jam,Dilarang bawa hewan,Lawan jenis dilarang ke kamar,Maks. 2 orang/ kamar","AC,Bantal,Cermin,Guling,Kasur,Kursi,Lemari Baju,Meja,TV","Dapur,Dispenser,K. Mandi Luar,Kulkas,Penjaga Kos,R. Cuci,R. Tamu,TV,WiFi","Parkir Mobil,Parkir Motor & Sepeda,Parkir Sepeda",ya,ya,tidak,Universitas Teknologi Yogyakarta:3116
https://mamikos.com/room/kost-sleman-kost-putri-murah-kost-apik-roemah-aisyah-tipe-a-yogyakarta-2?redirection_source=list%20kos%20result%20boundary,Kost Apik Roemah Aisyah Tipe A Yogyakarta,625000,"Ada jam malam untuk tamu,Akses 24 Jam,Denda kerusakan barang kos,Dilarang bawa hewan,Dilarang merokok di kamar,Lawan jenis dilarang ke kamar,Maks. 2 orang/ kamar,Tamu menginap dikenakan biaya,Tidak boleh bawa anak,Tidak untuk pasutri,Wajib ikut piket","Bantal,Cermin,Guling,Jendela,Kasur,Kipas Angin,Lemari Baju,Ventilasi","Dapur,Jemuran,K. Mandi Luar,Penjaga Kos,R. Jemur,R. Tamu,WiFi",Parkir Motor & Sepeda,tidak,tidak,ya,Sekolah Tinggi Ilmu Kesehatan Aisyiyah Yogyakarta:745
https://mamikos.com/room/kost-kabupaten-sleman-kost-putri-eksklusif-kost-singgahsini-putri-maoni-tipe-c-gejayan-yogyakarta?redirection_source=list%20kos%20result%20boundary,Kost Singgahsini Putri Maoni Tipe C Gejayan Yogyakarta,1845000,"Akses 24 Jam,Dilarang bawa hewan,Lawan jenis dilarang ke kamar,Maks. 2 orang/ kamar,Tamu boleh menginap","AC,Bantal,Cleaning service,Guling,Kasur,Kursi,Lemari Baju,Meja,Sofa,TV","Dapur,Dispenser,Penjaga Kos,R. Jemur,R. Keluarga,R. Santai,R. Tamu,Rice Cooker,WiFi","Parkir Mobil,Parkir Sepeda",ya,ya,tidak,Universitas Negeri Yogyakarta:1008
https://mamikos.com/room/kost-kabupaten-sleman-kost-campur-eksklusif-kost-singgahsini-dcherry-pakuwon-mall-tipe-b-yogyakarta-2?redirection_source=list%20kos%20result%20boundary,Kost Singgahsini DCherry Pakuwon Mall Tipe B Yogyakarta,2125000,"Ada jam malam untuk tamu,Akses 24 Jam,Boleh pasutri,Denda kerusakan barang kos,Dilarang bawa hewan,Dilarang merokok di kamar,Lawan jenis dilarang ke kamar,Maks. 2 orang/ kamar,Tamu menginap dikenakan biaya,Tidak boleh bawa anak","AC,Jendela,Kasur,Kulkas,Kursi,Lemari Baju,Meja,TV","CCTV,Kulkas,Penjaga Kos,R. Tamu,TV,WiFi","Parkir Mobil,Parkir Motor & Sepeda",ya,ya,tidak,Universitas Amikom Yogyakarta:1485
https://mamikos.com/room/kost-kabupaten-sleman-kost-putri-eksklusif-kost-singgahsini-rumah-putih-tipe-b-mlati-yogyakarta?redirection_source=list%20kos%20result%20boundary,Kost Singgahsini Rumah Putih Tipe B Mlati Yogyakarta,1375000,"Akses 24 Jam,Dilarang bawa hewan,Lawan jenis dilarang ke kamar,Maks. 2 orang/ kamar","AC,Bantal,Cermin,Guling,Kasur,Kursi,Lemari Baju,Meja,TV","Dapur,Dispenser,K. Mandi Luar,Kulkas,Penjaga Kos,R. Cuci,R. Tamu,TV,WiFi","Parkir Mobil,Parkir Motor & Sepeda,Parkir Sepeda",ya,ya,tidak,Universitas Teknologi Yogyakarta:3116
https://mamikos.com/room/kost-sleman-kost-putri-murah-kost-apik-roemah-aisyah-tipe-a-yogyakarta-2?redirection_source=list%20kos%20result%20boundary,Kost Apik Roemah Aisyah Tipe A Yogyakarta,625000,"Ada jam malam untuk tamu,Akses 24 Jam,Denda kerusakan barang kos,Dilarang bawa hewan,Dilarang merokok di kamar,Lawan jenis dilarang ke kamar,Maks. 2 orang/ kamar,Tamu menginap dikenakan biaya,Tidak boleh bawa anak,Tidak untuk pasutri,Wajib ikut piket","Bantal,Cermin,Guling,Jendela,Kasur,Kipas Angin,Lemari Baju,Ventilasi","Dapur,Jemuran,K. Mandi Luar,Penjaga Kos,R. Jemur,R. Tamu,WiFi",Parkir Motor & Sepeda,tidak,tidak,ya,Sekolah Tinggi Ilmu Kesehatan Aisyiyah Yogyakarta:745
https://mamikos.com/room/kost-kabupaten-sleman-kost-putri-eksklusif-kost-singgahsini-putri-maoni-tipe-c-gejayan-yogyakarta?redirection_source=list%20kos%20result%20boundary,Kost Singgahsini Putri Maoni Tipe C Gejayan Yogyakarta,1845000,"Akses 24 Jam,Dilarang bawa hewan,Lawan jenis dilarang ke kamar,Maks. 2 orang/ kamar,Tamu boleh menginap","AC,Bantal,Cleaning service,Guling,Kasur,Kursi,Lemari Baju,Meja,Sofa,TV","Dapur,Dispenser,Penjaga Kos,R. Jemur,R. Keluarga,R. Santai,R. Tamu,Rice Cooker,WiFi","Parkir Mobil,Parkir Sepeda",ya,ya,tidak,Universitas Negeri Yogyakarta:1008
https://mamikos.com/room/kost-kabupaten-sleman-kost-campur-eksklusif-kost-singgahsini-dcherry-pakuwon-mall-tipe-b-yogyakarta-2?redirection_source=list%20kos%20result%20boundary,Kost Singgahsini DCherry Pakuwon Mall Tipe B Yogyakarta,2125000,"Ada jam malam untuk tamu,Akses 24 Jam,Boleh pasutri,Denda kerusakan barang kos,Dilarang bawa hewan,Dilarang merokok di kamar,Lawan jenis dilarang ke kamar,Maks. 2 orang/ kamar,Tamu menginap dikenakan biaya,Tidak boleh bawa anak","AC,Jendela,Kasur,Kulkas,Kursi,Lemari Baju,Meja,TV","CCTV,Kulkas,Penjaga Kos,R. Tamu,TV,WiFi","Parkir Mobil,Parkir Motor & Sepeda",ya,ya,tidak,Universitas Amikom Yogyakarta:1485
https://mamikos.com/room/kost-kabupaten-sleman-kost-putri-eksklusif-kost-singgahsini-wulandari-tipe-c-wedomartani-yogyakarta-2?redirection_source=list%20kos%20result%20boundary,Kost Singgahsini Wulandari Tipe C Wedomartani Yogyakarta,1325000,"Ada jam malam,Denda kerusakan barang kos,Dilarang bawa hewan,Dilarang menerima tamu,Dilarang merokok di kamar,Lawan jenis dilarang ke kamar,Tamu dilarang menginap,Tidak boleh bawa anak,Tidak untuk pasutri","AC,Jendela,Kasur,Kursi,Lemari Baju,Meja","CCTV,Dapur,Mushola,Penjaga Kos,R. Jemur,R. Makan,R. Tamu,Rooftop,WiFi","Parkir Mobil,Parkir Motor & Sepeda",ya,ya,tidak,Universitas Amikom Yogyakarta:1662
https://mamikos.com/room/kost-kabupaten-sleman-kost-putri-murah-kost-apik-pondok-trio-tipe-c-maguwoharjo-yogyakarta--1?redirection_source=list%20kos%20result%20boundary,Kost Apik Pondok Trio Tipe C Maguwoharjo Yogyakarta,875000,"Ada jam malam,Dilarang bawa hewan,Lawan jenis dilarang ke kamar,Maks. 2 orang/ kamar,Tamu menginap dikenakan biaya","Bantal,Jendela,Kasur,Lemari Baju","Dapur,K. Mandi Luar,Penjaga Kos,R. Cuci,R. Tamu,WiFi","Parkir Mobil,Parkir Motor & Sepeda,Parkir Sepeda",tidak,ya,tidak,Universitas Pembangunan Nasional Veteran Yogyakarta:1562
https://mamikos.com/room/kost-sleman-kost-putri-eksklusif-kost-singgahsini-zazafifa-tipe-a-maguwoharjo-yogyakarta-2?redirection_source=list%20kos%20result%20boundary,Kost Singgahsini Zazafifa Tipe A Maguwoharjo Yogyakarta,1210000,"Ada jam malam untuk tamu,Akses 24 Jam,Denda kerusakan barang kos,Dilarang bawa hewan,Dilarang merokok di kamar,Lawan jenis dilarang ke kamar,Tamu dilarang menginap,Tidak boleh bawa anak,Tidak untuk pasutri","AC,Bantal,Cermin,Guling,Jendela,Kasur,Kursi,Lemari Baju,Meja,Wastafel","CCTV,Dapur,Jemuran,Penjaga Kos,R. Jemur,R. Tamu,WiFi",Parkir Motor & Sepeda,ya,ya,tidak,Universitas Pembangunan Nasional Veteran Yogyakarta:1571
https://mamikos.com/room/kost-kabupaten-sleman-kost-putra-eksklusif-kost-singgahsini-pramesthi-upn-tipe-a-yogyakarta?redirection_source=list%20kos%20result%20boundary,Kost Singgahsini Pramesthi UPN Tipe A Yogyakarta,1525000,"Ada jam malam untuk tamu,Akses 24 Jam,Denda kerusakan barang kos,Dilarang bawa hewan,Wajib ikut piket","AC,Bantal,Guling,Jendela,Kasur,Kulkas,Lemari Baju,Meja,TV,Ventilasi","CCTV,Dapur,Kulkas,Mesin Cuci,Penjaga Kos,R. Jemur,R. Makan,R. Tamu,TV,WiFi","Parkir Mobil,Parkir Sepeda",ya,tidak,ya,Universitas Negeri Yogyakarta:1671
https://mamikos.com/room/kost-sleman-kost-campur-eksklusif-kost-singgahsini-rien-house-tipe-a-condongcatur-yogyakarta?redirection_source=list%20kos%20result%20boundary,Kost Singgahsini Rien House Tipe A Condongcatur Yogyakarta,1725000,"Akses 24 Jam,Boleh pasutri,Dilarang bawa hewan,Lawan jenis dilarang ke kamar,Maks. 2 orang/ kamar","AC,Cleaning service,Kasur,Kursi,Lemari Baju,Meja,TV","Dapur,Penjaga Kos,R. Keluarga,R. Santai,R. Tamu,Taman,WiFi",Parkir Mobil,ya,ya,tidak,Universitas Amikom Yogyakarta:680
https://mamikos.com/room/kost-kabupaten-sleman-kost-putri-murah-kost-pojokan-tipe-a-depok-sleman?redirection_source=list%20kos%20result%20boundary,Kost Pojokan Tipe A Depok Sleman,700000,"Ada jam malam untuk tamu,Akses 24 Jam,Harga termasuk listrik (sewa harian),Kamar hanya bagi penyewa,Kriteria umum,Lawan jenis dilarang ke kamar,Maks. 1 orang/ kamar,Tamu bebas berkunjung","Jendela,Kasur,Lemari Baju,Ventilasi","Balcon,Dapur,Jemuran,R. Jemur,R. Tamu,WiFi","Parkir Motor,Parkir Motor & Sepeda",tidak,ya,ya,Universitas Amikom Yogyakarta:1922
https://mamikos.com/room/kost-kabupaten-sleman-kost-putri-eksklusif-kost-syariah-griya-almira-1-ngaglik-sleman-2?redirection_source=list%20kos%20result%20boundary,Kost Syariah Griya Almira 1 Ngaglik Sleman,1350000,"Ada jam malam,Ada jam malam untuk tamu,Dilarang bawa hewan,Dilarang merokok di kamar,Khusus Mahasiswa,Lawan jenis dilarang ke kamar,Maks. 1 orang/ kamar","AC,Bantal,Cermin,Guling,Jendela,Kasur,Kulkas,Kursi,Lemari Baju,Meja,TV,Ventilasi,Wastafel","Balcon,CCTV,Dapur,Jemuran,Jual Makanan,Kulkas,Mesin Cuci,Pengurus Kos,Penjaga Kos,R. Cuci,R. Jemur,R. Makan,R. Santai,R. Tamu,TV,WiFi","Parkir Mobil,Parkir Motor,Parkir Sepeda",ya,ya,tidak,Universitas Islam Indonesia:2102
https://mamikos.com/room/kost-kabupaten-sleman-kost-putri-eksklusif-kost-singgahsini-rumah-putih-tipe-b-mlati-yogyakarta?redirection_source=list%20kos%20result%20boundary,Kost Singgahsini Rumah Putih Tipe B Mlati Yogyakarta,1375000,"Akses 24 Jam,Dilarang bawa hewan,Lawan jenis dilarang ke kamar,Maks. 2 orang/ kamar","AC,Bantal,Cermin,Guling,Kasur,Kursi,Lemari Baju,Meja,TV","Dapur,Dispenser,K. Mandi Luar,Kulkas,Penjaga Kos,R. Cuci,R. Tamu,TV,WiFi","Parkir Mobil,Parkir Motor & Sepeda,Parkir Sepeda",ya,ya,tidak,Universitas Teknologi Yogyakarta:3116
https://mamikos.com/room/kost-sleman-kost-putri-murah-kost-apik-roemah-aisyah-tipe-a-yogyakarta-2?redirection_source=list%20kos%20result%20boundary,Kost Apik Roemah Aisyah Tipe A Yogyakarta,625000,"Ada jam malam untuk tamu,Akses 24 Jam,Denda kerusakan barang kos,Dilarang bawa hewan,Dilarang merokok di kamar,Lawan jenis dilarang ke kamar,Maks. 2 orang/ kamar,Tamu menginap dikenakan biaya,Tidak boleh bawa anak,Tidak untuk pasutri,Wajib ikut piket","Bantal,Cermin,Guling,Jendela,Kasur,Kipas Angin,Lemari Baju,Ventilasi","Dapur,Jemuran,K. Mandi Luar,Penjaga Kos,R. Jemur,R. Tamu,WiFi",Parkir Motor & Sepeda,tidak,tidak,ya,Sekolah Tinggi Ilmu Kesehatan Aisyiyah Yogyakarta:745
https://mamikos.com/room/kost-kabupaten-sleman-kost-putri-eksklusif-kost-singgahsini-putri-maoni-tipe-c-gejayan-yogyakarta?redirection_source=list%20kos%20result%20boundary,Kost Singgahsini Putri Maoni Tipe C Gejayan Yogyakarta,1845000,"Akses 24 Jam,Dilarang bawa hewan,Lawan jenis dilarang ke kamar,Maks. 2 orang/ kamar,Tamu boleh menginap","AC,Bantal,Cleaning service,Guling,Kasur,Kursi,Lemari Baju,Meja,Sofa,TV","Dapur,Dispenser,Penjaga Kos,R. Jemur,R. Keluarga,R. Santai,R. Tamu,Rice Cooker,WiFi","Parkir Mobil,Parkir Sepeda",ya,ya,tidak,Universitas Negeri Yogyakarta:1008
https://mamikos.com/room/kost-kabupaten-sleman-kost-campur-eksklusif-kost-singgahsini-dcherry-pakuwon-mall-tipe-b-yogyakarta-2?redirection_source=list%20kos%20result%20boundary,Kost Singgahsini DCherry Pakuwon Mall Tipe B Yogyakarta,2125000,"Ada jam malam untuk tamu,Akses 24 Jam,Boleh pasutri,Denda kerusakan barang kos,Dilarang bawa hewan,Dilarang merokok di kamar,Lawan jenis dilarang ke kamar,Maks. 2 orang/ kamar,Tamu menginap dikenakan biaya,Tidak boleh bawa anak","AC,Jendela,Kasur,Kulkas,Kursi,Lemari Baju,Meja,TV","CCTV,Kulkas,Penjaga Kos,R. Tamu,TV,WiFi","Parkir Mobil,Parkir Motor & Sepeda",ya,ya,tidak,Universitas Amikom Yogyakarta:1485
https://mamikos.com/room/kost-kabupaten-sleman-kost-putra-eksklusif-kost-singgahsini-pramesthi-upn-tipe-a-yogyakarta?redirection_source=list%20kos%20result%20boundary,Kost Singgahsini Pramesthi UPN Tipe A Yogyakarta,1525000,"Ada jam malam untuk tamu,Akses 24 Jam,Denda kerusakan barang kos,Dilarang bawa hewan,Wajib ikut piket","AC,Bantal,Guling,Jendela,Kasur,Kulkas,Lemari Baju,Meja,TV,Ventilasi","CCTV,Dapur,Kulkas,Mesin Cuci,Penjaga Kos,R. Jemur,R. Makan,R. Tamu,TV,WiFi","Parkir Mobil,Parkir Sepeda",ya,tidak,ya,Universitas Negeri Yogyakarta:1671
https://mamikos.com/room/kost-sleman-kost-campur-eksklusif-kost-singgahsini-rumah-eyang-tipe-a-gejayan-yogyakarta-2?redirection_source=list%20kos%20result%20boundary,Kost Singgahsini Rumah Eyang Tipe A Gejayan Yogyakarta,1525000,"Ada jam malam,Ada jam malam untuk tamu,Boleh pasutri,Denda kerusakan barang kos,Dilarang bawa hewan,Dilarang merokok di kamar,Lawan jenis dilarang ke kamar,Maks. 2 orang/ kamar,Tamu boleh menginap,Tamu menginap dikenakan biaya,Tidak boleh bawa anak","AC,Bantal,Cermin,Guling,Jendela,Kasur,Kursi,Lemari Baju,Meja","Penjaga Kos,R. Tamu,WiFi","Parkir Mobil,Parkir Motor & Sepeda",ya,ya,tidak,Universitas Negeri Yogyakarta:1738
https://mamikos.com/room/kost-sleman-kost-putri-eksklusif-kost-singgahsini-omah-anggur-tipe-c-seturan-yogyakarta-1?redirection_source=list%20kos%20result%20boundary,Kost Singgahsini Omah Anggur Tipe C Seturan Yogyakarta,1825000,"Ada jam malam untuk tamu,Akses 24 Jam,Denda kerusakan barang kos,Dilarang merokok di kamar,Lawan jenis dilarang ke kamar,Maks. 2 orang/ kamar,Tamu menginap dikenakan biaya","AC,Bantal,Jendela,Kasur,Kursi,Lemari Baju,Meja,Ventilasi","Dapur,R. Tamu,WiFi","Parkir Mobil,Parkir Sepeda",ya,ya,tidak,Universitas Atma Jaya Yogyakarta:1131
https://mamikos.com/room/kost-kabupaten-sleman-kost-putri-murah-kost-apik-pondok-trio-tipe-c-maguwoharjo-yogyakarta--1?redirection_source=list%20kos%20result%20boundary,Kost Apik Pondok Trio Tipe C Maguwoharjo Yogyakarta,875000,"Ada jam malam,Dilarang bawa hewan,Lawan jenis dilarang ke kamar,Maks. 2 orang/ kamar,Tamu menginap dikenakan biaya","Bantal,Jendela,Kasur,Lemari Baju","Dapur,K. Mandi Luar,Penjaga Kos,R. Cuci,R. Tamu,WiFi","Parkir Mobil,Parkir Motor & Sepeda,Parkir Sepeda",tidak,ya,tidak,Universitas Pembangunan Nasional Veteran Yogyakarta:1562
https://mamikos.com/room/kost-sleman-kost-putri-eksklusif-kost-singgahsini-zazafifa-tipe-a-maguwoharjo-yogyakarta-2?redirection_source=list%20kos%20result%20boundary,Kost Singgahsini Zazafifa Tipe A Maguwoharjo Yogyakarta,1210000,"Ada jam malam untuk tamu,Akses 24 Jam,Denda kerusakan barang kos,Dilarang bawa hewan,Dilarang merokok di kamar,Lawan jenis dilarang ke kamar,Tamu dilarang menginap,Tidak boleh bawa anak,Tidak untuk pasutri","AC,Bantal,Cermin,Guling,Jendela,Kasur,Kursi,Lemari Baju,Meja,Wastafel","CCTV,Dapur,Jemuran,Penjaga Kos,R. Jemur,R. Tamu,WiFi",Parkir Motor & Sepeda,ya,ya,tidak,Universitas Pembangunan Nasional Veteran Yogyakarta:1571
https://mamikos.com/room/kost-kabupaten-sleman-kost-putra-eksklusif-kost-singgahsini-pramesthi-upn-tipe-a-yogyakarta?redirection_source=list%20kos%20result%20boundary,Kost Singgahsini Pramesthi UPN Tipe A Yogyakarta,1525000,"Ada jam malam untuk tamu,Akses 24 Jam,Denda kerusakan barang kos,Dilarang bawa hewan,Wajib ikut piket","AC,Bantal,Guling,Jendela,Kasur,Kulkas,Lemari Baju,Meja,TV,Ventilasi","CCTV,Dapur,Kulkas,Mesin Cuci,Penjaga Kos,R. Jemur,R. Makan,R. Tamu,TV,WiFi","Parkir Mobil,Parkir Sepeda",ya,tidak,ya,Universitas Negeri Yogyakarta:1671
https://mamikos.com/room/kost-sleman-kost-campur-eksklusif-kost-singgahsini-rumah-eyang-tipe-a-gejayan-yogyakarta-2?redirection_source=list%20kos%20result%20boundary,Kost Singgahsini Rumah Eyang Tipe A Gejayan Yogyakarta,1525000,"Ada jam malam,Ada jam malam untuk tamu,Boleh pasutri,Denda kerusakan barang kos,Dilarang bawa hewan,Dilarang merokok di kamar,Lawan jenis dilarang ke kamar,Maks. 2 orang/ kamar,Tamu boleh menginap,Tamu menginap dikenakan biaya,Tidak boleh bawa anak","AC,Bantal,Cermin,Guling,Jendela,Kasur,Kursi,Lemari Baju,Meja","Penjaga Kos,R. Tamu,WiFi","Parkir Mobil,Parkir Motor & Sepeda",ya,ya,tidak,Universitas Negeri Yogyakarta:1738
https://mamikos.com/room/kost-sleman-kost-putri-eksklusif-kost-singgahsini-omah-anggur-tipe-c-seturan-yogyakarta-1?redirection_source=list%20kos%20result%20boundary,Kost Singgahsini Omah Anggur Tipe C Seturan Yogyakarta,1825000,"Ada jam malam untuk tamu,Akses 24 Jam,Denda kerusakan barang kos,Dilarang merokok di kamar,Lawan jenis dilarang ke kamar,Maks. 2 orang/ kamar,Tamu menginap dikenakan biaya","AC,Bantal,Jendela,Kasur,Kursi,Lemari Baju,Meja,Ventilasi","Dapur,R. Tamu,WiFi","Parkir Mobil,Parkir Sepeda",ya,ya,tidak,Universitas Atma Jaya Yogyakarta:1131
https://mamikos.com/room/kost-kabupaten-sleman-kost-campur-murah-kost-carolus-ngaglik-sleman?redirection_source=list%20kos%20result%20boundary,Kost Carolus Ngaglik Sleman,750000,"Ada jam malam untuk tamu,Denda kerusakan barang kos,Dilarang bawa hewan,Kamar hanya bagi penyewa,Kriteria umum,Lawan jenis dilarang ke kamar,Maks. 1 orang/ kamar,Menunjukan bukti (-) Swab saat check-in,Tambah biaya untuk alat elektronik,Tamu dilarang menginap,Tidak bisa DP (sewa harian),Tidak boleh bawa anak,Tidak untuk pasutri","Kasur,Lemari Baju,Meja,Ventilasi","Jemuran,R. Jemur,R. Tamu,WiFi","Parkir Mobil,Parkir Motor,Parkir Motor & Sepeda,Parkir Sepeda",tidak,tidak,tidak,Sekolah Tinggi Ilmu Manajemen Ykpn:1962
https://mamikos.com/room/kost-kabupaten-sleman-kost-putri-eksklusif-kost-singgahsini-putri-maoni-tipe-c-gejayan-yogyakarta?redirection_source=list%20kos%20result%20boundary,Kost Singgahsini Putri Maoni Tipe C Gejayan Yogyakarta,1845000,"Akses 24 Jam,Dilarang bawa hewan,Lawan jenis dilarang ke kamar,Maks. 2 orang/ kamar,Tamu boleh menginap","AC,Bantal,Cleaning service,Guling,Kasur,Kursi,Lemari Baju,Meja,Sofa,TV","Dapur,Dispenser,Penjaga Kos,R. Jemur,R. Keluarga,R. Santai,R. Tamu,Rice Cooker,WiFi","Parkir Mobil,Parkir Sepeda",ya,ya,tidak,Universitas Negeri Yogyakarta:1008
https://mamikos.com/room/kost-kabupaten-sleman-kost-campur-eksklusif-kost-singgahsini-dcherry-pakuwon-mall-tipe-b-yogyakarta-2?redirection_source=list%20kos%20result%20boundary,Kost Singgahsini DCherry Pakuwon Mall Tipe B Yogyakarta,2125000,"Ada jam malam untuk tamu,Akses 24 Jam,Boleh pasutri,Denda kerusakan barang kos,Dilarang bawa hewan,Dilarang merokok di kamar,Lawan jenis dilarang ke kamar,Maks. 2 orang/ kamar,Tamu menginap dikenakan biaya,Tidak boleh bawa anak","AC,Jendela,Kasur,Kulkas,Kursi,Lemari Baju,Meja,TV","CCTV,Kulkas,Penjaga Kos,R. Tamu,TV,WiFi","Parkir Mobil,Parkir Motor & Sepeda",ya,ya,tidak,Universitas Amikom Yogyakarta:1485
https://mamikos.com/room/kost-kabupaten-sleman-kost-putri-eksklusif-kost-singgahsini-wulandari-tipe-c-wedomartani-yogyakarta-2?redirection_source=list%20kos%20result%20boundary,Kost Singgahsini Wulandari Tipe C Wedomartani Yogyakarta,1325000,"Ada jam malam,Denda kerusakan barang kos,Dilarang bawa hewan,Dilarang menerima tamu,Dilarang merokok di kamar,Lawan jenis dilarang ke kamar,Tamu dilarang menginap,Tidak boleh bawa anak,Tidak untuk pasutri","AC,Jendela,Kasur,Kursi,Lemari Baju,Meja","CCTV,Dapur,Mushola,Penjaga Kos,R. Jemur,R. Makan,R. Tamu,Rooftop,WiFi","Parkir Mobil,Parkir Motor & Sepeda",ya,ya,tidak,Universitas Amikom Yogyakarta:1662
https://mamikos.com/room/kost-kabupaten-sleman-kost-putri-murah-kost-apik-pondok-trio-tipe-c-maguwoharjo-yogyakarta--1?redirection_source=list%20kos%20result%20boundary,Kost Apik Pondok Trio Tipe C Maguwoharjo Yogyakarta,875000,"Ada jam malam,Dilarang bawa hewan,Lawan jenis dilarang ke kamar,Maks. 2 orang/ kamar,Tamu menginap dikenakan biaya","Bantal,Jendela,Kasur,Lemari Baju","Dapur,K. Mandi Luar,Penjaga Kos,R. Cuci,R. Tamu,WiFi","Parkir Mobil,Parkir Motor & Sepeda,Parkir Sepeda",tidak,ya,tidak,Universitas Pembangunan Nasional Veteran Yogyakarta:1562
https://mamikos.com/room/kost-sleman-kost-putri-eksklusif-kost-singgahsini-zazafifa-tipe-a-maguwoharjo-yogyakarta-2?redirection_source=list%20kos%20result%20boundary,Kost Singgahsini Zazafifa Tipe A Maguwoharjo Yogyakarta,1210000,"Ada jam malam untuk tamu,Akses 24 Jam,Denda kerusakan barang kos,Dilarang bawa hewan,Dilarang merokok di kamar,Lawan jenis dilarang ke kamar,Tamu dilarang menginap,Tidak boleh bawa anak,Tidak untuk pasutri","AC,Bantal,Cermin,Guling,Jendela,Kasur,Kursi,Lemari Baju,Meja,Wastafel","CCTV,Dapur,Jemuran,Penjaga Kos,R. Jemur,R. Tamu,WiFi",Parkir Motor & Sepeda,ya,ya,tidak,Universitas Pembangunan Nasional Veteran Yogyakarta:1571
https://mamikos.com/room/kost-sleman-kost-putri-eksklusif-kost-singgahsini-omah-anggur-tipe-c-seturan-yogyakarta-1?redirection_source=list%20kos%20result%20boundary,Kost Singgahsini Omah Anggur Tipe C Seturan Yogyakarta,1825000,"Ada jam malam untuk tamu,Akses 24 Jam,Denda kerusakan barang kos,Dilarang merokok di kamar,Lawan jenis dilarang ke kamar,Maks. 2 orang/ kamar,Tamu menginap dikenakan biaya","AC,Bantal,Jendela,Kasur,Kursi,Lemari Baju,Meja,Ventilasi","Dapur,R. Tamu,WiFi","Parkir Mobil,Parkir Sepeda",ya,ya,tidak,Universitas Atma Jaya Yogyakarta:1131
https://mamikos.com/room/kost-kabupaten-sleman-kost-campur-murah-kost-carolus-ngaglik-sleman?redirection_source=list%20kos%20result%20boundary,Kost Carolus Ngaglik Sleman,750000,"Ada jam malam untuk tamu,Denda kerusakan barang kos,Dilarang bawa hewan,Kamar hanya bagi penyewa,Kriteria umum,Lawan jenis dilarang ke kamar,Maks. 1 orang/ kamar,Menunjukan bukti (-) Swab saat check-in,Tambah biaya untuk alat elektronik,Tamu dilarang menginap,Tidak bisa DP (sewa harian),Tidak boleh bawa anak,Tidak untuk pasutri","Kasur,Lemari Baju,Meja,Ventilasi","Jemuran,R. Jemur,R. Tamu,WiFi","Parkir Mobil,Parkir Motor,Parkir Motor & Sepeda,Parkir Sepeda",tidak,tidak,tidak,Sekolah Tinggi Ilmu Manajemen Ykpn:1962
https://mamikos.com/room/kost-kabupaten-sleman-kost-putra-eksklusif-kost-singgahsini-cozy-sawitsari-6-tipe-d-condongcatur-yogyakarta?redirection_source=list%20kos%20result%20boundary,Kost Singgahsini Cozy Sawitsari 6 Tipe D Condongcatur Yogyakarta,1425000,"Ada jam malam untuk tamu,Akses 24 Jam,Denda kerusakan barang kos,Dilarang bawa hewan,Dilarang merokok di kamar,Lawan jenis dilarang ke kamar,Maks. 2 orang/ kamar,Tambah biaya untuk alat elektronik,Tamu menginap dikenakan biaya,Wajib ikut piket","AC,Bantal,Cermin,Jendela,Kasur,Lemari Baju,Ventilasi","K. Mandi Luar,R. Tamu,WiFi",Parkir Mobil,ya,tidak,ya,Universitas Gadjah Mada:2035
https://mamikos.com/room/kost-kabupaten-sleman-kost-campur-eksklusif-kost-waringin-eksekutif-depok-sleman?redirection_source=list%20kos%20result%20boundary,Kost Waringin Eksekutif Depok Sleman,1300000,"Ada jam malam untuk tamu,Akses 24 Jam,Boleh pasutri,Dilarang bawa hewan,Kamar hanya bagi penyewa,Maks. 2 orang/ kamar,Tamu dilarang menginap","AC,Bantal,Cermin,Guling,Jendela,Kasur,Kursi,Lemari Baju,Meja,Ventilasi","Balcon,CCTV,Dapur,Jemuran,K. Mandi Luar,R. Makan,R. Santai,WiFi","Parkir Mobil,Parkir Motor,Parkir Motor & Sepeda,Parkir Sepeda",ya,tidak,tidak,Universitas Atma Jaya Yogyakarta:1792
https://mamikos.com/room/kost-sleman-kost-campur-eksklusif-kost-eksklusif-omah-adhem-tipe-b-sambilegi-yogyakarta-1?redirection_source=list%20kos%20result%20boundary,Kost Eksklusif Omah Adhem Tipe B Sambilegi Maguwoharjo Depok Sleman Yogyakarta,1450000,"Akses 24 Jam,Maks. 2 orang/ kamar","AC,Bantal,Cermin,Cleaning service,Dispenser,Guling,Jendela,Kasur,Kulkas,Kursi,Lemari Baju,Meja,Meja Rias,TV,Wastafel","Balcon,CCTV,Dapur,Dispenser,Kulkas,Laundry,Locker,Mesin Cuci,Mushola,Pengurus Kos,Penjaga Kos,R. Cuci,R. Jemur,R. Makan,R. Santai,R. Tamu,TV,WiFi","Parkir Mobil,Parkir Motor,Parkir Sepeda",ya,ya,tidak,Universitas Atma Jaya Yogyakarta:2344
https://mamikos.com/room/kost-kabupaten-sleman-kost-putra-eksklusif-kost-singgahsini-kledokan-seturan-tipe-b-yogyakarta?redirection_source=list%20kos%20result%20boundary,Kost Singgahsini Kledokan Seturan Tipe B Yogyakarta,1775000,"Ada jam malam untuk tamu,Akses 24 Jam,Denda kerusakan barang kos,Dilarang bawa hewan,Dilarang merokok di kamar,Kriteria umum,Lawan jenis dilarang ke kamar,Maks. 2 orang/ kamar,Tamu menginap dikenakan biaya","AC,Bantal,Guling,Kasur,Kursi,Lemari Baju,Meja,TV","CCTV,Dapur,Kulkas,R. Jemur,R. Tamu,WiFi","Parkir Mobil,Parkir Sepeda",ya,ya,tidak,Universitas Pembangunan Nasional Veteran Yogyakarta:694
https://mamikos.com/room/kost-kabupaten-sleman-kost-putra-murah-kost-singgahsini-cozy-sawitsari-6-tipe-a-condongcatur-yogyakarta-2?redirection_source=list%20kos%20result%20boundary,Kost Singgahsini Cozy Sawitsari 6 Tipe A Condongcatur Yogyakarta,900000,"Ada jam malam untuk tamu,Akses 24 Jam,Denda kerusakan barang kos,Dilarang bawa hewan,Dilarang merokok di kamar,Lawan jenis dilarang ke kamar,Maks. 2 orang/ kamar,Tambah biaya untuk alat elektronik,Tamu menginap dikenakan biaya,Wajib ikut piket","Bantal,Cermin,Jendela,Kasur,Lemari Baju","K. Mandi Luar,R. Tamu,WiFi",Parkir Mobil,ya,tidak,ya,Universitas Gadjah Mada:2030
https://mamikos.com/room/kost-kabupaten-sleman-kost-putri-eksklusif-kost-livingkoost-depok-sleman?redirection_source=list%20kos%20result%20boundary,Kost Livingkoost Depok Sleman,1900000,,"AC,Bantal,Cleaning service,Guling,Jendela,Kasur,Kursi,Ventilasi","Balcon,CCTV,Dapur,Dispenser,Jemuran,Kulkas,Penjaga Kos,R. Cuci,R. Jemur,R. Santai,R. Tamu,WiFi","Parkir Mobil,Parkir Motor,Parkir Motor & Sepeda,Parkir Sepeda",ya,ya,tidak,Universitas Gadjah Mada:1272
https://mamikos.com/room/kost-kabupaten-sleman-kost-putra-murah-kost-singgahsini-cozy-sawitsari-6-tipe-a-condongcatur-yogyakarta-2?redirection_source=list%20kos%20result%20boundary,Kost Singgahsini Cozy Sawitsari 6 Tipe A Condongcatur Yogyakarta,900000,"Ada jam malam untuk tamu,Akses 24 Jam,Denda kerusakan barang kos,Dilarang bawa hewan,Dilarang merokok di kamar,Lawan jenis dilarang ke kamar,Maks. 2 orang/ kamar,Tambah biaya untuk alat elektronik,Tamu menginap dikenakan biaya,Wajib ikut piket","Bantal,Cermin,Jendela,Kasur,Lemari Baju","K. Mandi Luar,R. Tamu,WiFi",Parkir Mobil,ya,tidak,ya,Universitas Gadjah Mada:2030
https://mamikos.com/room/kost-kabupaten-sleman-kost-putri-eksklusif-kost-livingkoost-depok-sleman?redirection_source=list%20kos%20result%20boundary,Kost Livingkoost Depok Sleman,1900000,,"AC,Bantal,Cleaning service,Guling,Jendela,Kasur,Kursi,Ventilasi","Balcon,CCTV,Dapur,Dispenser,Jemuran,Kulkas,Penjaga Kos,R. Cuci,R. Jemur,R. Santai,R. Tamu,WiFi","Parkir Mobil,Parkir Motor,Parkir Motor & Sepeda,Parkir Sepeda",ya,ya,tidak,Universitas Gadjah Mada:1272
https://mamikos.com/room/kost-kabupaten-sleman-kost-putri-eksklusif-kost-singgahsini-rumah-putih-tipe-b-mlati-yogyakarta?redirection_source=list%20kos%20result%20boundary,Kost Singgahsini Rumah Putih Tipe B Mlati Yogyakarta,1375000,"Akses 24 Jam,Dilarang bawa hewan,Lawan jenis dilarang ke kamar,Maks. 2 orang/ kamar","AC,Bantal,Cermin,Guling,Kasur,Kursi,Lemari Baju,Meja,TV","Dapur,Dispenser,K. Mandi Luar,Kulkas,Penjaga Kos,R. Cuci,R. Tamu,TV,WiFi","Parkir Mobil,Parkir Motor & Sepeda,Parkir Sepeda",ya,ya,tidak,Universitas Teknologi Yogyakarta:3116
https://mamikos.com/room/kost-sleman-kost-putri-murah-kost-apik-roemah-aisyah-tipe-a-yogyakarta-2?redirection_source=list%20kos%20result%20boundary,Kost Apik Roemah Aisyah Tipe A Yogyakarta,625000,"Ada jam malam untuk tamu,Akses 24 Jam,Denda kerusakan barang kos,Dilarang bawa hewan,Dilarang merokok di kamar,Lawan jenis dilarang ke kamar,Maks. 2 orang/ kamar,Tamu menginap dikenakan biaya,Tidak boleh bawa anak,Tidak untuk pasutri,Wajib ikut piket","Bantal,Cermin,Guling,Jendela,Kasur,Kipas Angin,Lemari Baju,Ventilasi","Dapur,Jemuran,K. Mandi Luar,Penjaga Kos,R. Jemur,R. Tamu,WiFi",Parkir Motor & Sepeda,tidak,tidak,ya,Sekolah Tinggi Ilmu Kesehatan Aisyiyah Yogyakarta:745
https://mamikos.com/room/kost-kabupaten-sleman-kost-putri-eksklusif-kost-singgahsini-putri-maoni-tipe-c-gejayan-yogyakarta?redirection_source=list%20kos%20result%20boundary,Kost Singgahsini Putri Maoni Tipe C Gejayan Yogyakarta,1845000,"Akses 24 Jam,Dilarang bawa hewan,Lawan jenis dilarang ke kamar,Maks. 2 orang/ kamar,Tamu boleh menginap","AC,Bantal,Cleaning service,Guling,Kasur,Kursi,Lemari Baju,Meja,Sofa,TV","Dapur,Dispenser,Penjaga Kos,R. Jemur,R. Keluarga,R. Santai,R. Tamu,Rice Cooker,WiFi","Parkir Mobil,Parkir Sepeda",ya,ya,tidak,Universitas Negeri Yogyakarta:1008
https://mamikos.com/room/kost-kabupaten-sleman-kost-campur-eksklusif-kost-singgahsini-dcherry-pakuwon-mall-tipe-b-yogyakarta-2?redirection_source=list%20kos%20result%20boundary,Kost Singgahsini DCherry Pakuwon Mall Tipe B Yogyakarta,2125000,"Ada jam malam untuk tamu,Akses 24 Jam,Boleh pasutri,Denda kerusakan barang kos,Dilarang bawa hewan,Dilarang merokok di kamar,Lawan jenis dilarang ke kamar,Maks. 2 orang/ kamar,Tamu menginap dikenakan biaya,Tidak boleh bawa anak","AC,Jendela,Kasur,Kulkas,Kursi,Lemari Baju,Meja,TV","CCTV,Kulkas,Penjaga Kos,R. Tamu,TV,WiFi","Parkir Mobil,Parkir Motor & Sepeda",ya,ya,tidak,Universitas Amikom Yogyakarta:1485
https://mamikos.com/room/kost-kabupaten-sleman-kost-putri-eksklusif-kost-singgahsini-wulandari-tipe-c-wedomartani-yogyakarta-2?redirection_source=list%20kos%20result%20boundary,Kost Singgahsini Wulandari Tipe C Wedomartani Yogyakarta,1325000,"Ada jam malam,Denda kerusakan barang kos,Dilarang bawa hewan,Dilarang menerima tamu,Dilarang merokok di kamar,Lawan jenis dilarang ke kamar,Tamu dilarang menginap,Tidak boleh bawa anak,Tidak untuk pasutri","AC,Jendela,Kasur,Kursi,Lemari Baju,Meja","CCTV,Dapur,Mushola,Penjaga Kos,R. Jemur,R. Makan,R. Tamu,Rooftop,WiFi","Parkir Mobil,Parkir Motor & Sepeda",ya,ya,tidak,Universitas Amikom Yogyakarta:1662
https://mamikos.com/room/kost-kabupaten-sleman-kost-putri-murah-kost-apik-pondok-trio-tipe-c-maguwoharjo-yogyakarta--1?redirection_source=list%20kos%20result%20boundary,Kost Apik Pondok Trio Tipe C Maguwoharjo Yogyakarta,875000,"Ada jam malam,Dilarang bawa hewan,Lawan jenis dilarang ke kamar,Maks. 2 orang/ kamar,Tamu menginap dikenakan biaya","Bantal,Jendela,Kasur,Lemari Baju","Dapur,K. Mandi Luar,Penjaga Kos,R. Cuci,R. Tamu,WiFi","Parkir Mobil,Parkir Motor & Sepeda,Parkir Sepeda",tidak,ya,tidak,Universitas Pembangunan Nasional Veteran Yogyakarta:1562
https://mamikos.com/room/kost-sleman-kost-putri-eksklusif-kost-singgahsini-zazafifa-tipe-a-maguwoharjo-yogyakarta-2?redirection_source=list%20kos%20result%20boundary,Kost Singgahsini Zazafifa Tipe A Maguwoharjo Yogyakarta,1210000,"Ada jam malam untuk tamu,Akses 24 Jam,Denda kerusakan barang kos,Dilarang bawa hewan,Dilarang merokok di kamar,Lawan jenis dilarang ke kamar,Tamu dilarang menginap,Tidak boleh bawa anak,Tidak untuk pasutri","AC,Bantal,Cermin,Guling,Jendela,Kasur,Kursi,Lemari Baju,Meja,Wastafel","CCTV,Dapur,Jemuran,Penjaga Kos,R. Jemur,R. Tamu,WiFi",Parkir Motor & Sepeda,ya,ya,tidak,Universitas Pembangunan Nasional Veteran Yogyakarta:1571
https://mamikos.com/room/kost-kabupaten-sleman-kost-putri-murah-kost-apik-pondok-trio-tipe-c-maguwoharjo-yogyakarta--1?redirection_source=list%20kos%20result%20boundary,Kost Apik Pondok Trio Tipe C Maguwoharjo Yogyakarta,875000,"Ada jam malam,Dilarang bawa hewan,Lawan jenis dilarang ke kamar,Maks. 2 orang/ kamar,Tamu menginap dikenakan biaya","Bantal,Jendela,Kasur,Lemari Baju","Dapur,K. Mandi Luar,Penjaga Kos,R. Cuci,R. Tamu,WiFi","Parkir Mobil,Parkir Motor & Sepeda,Parkir Sepeda",tidak,ya,tidak,Universitas Pembangunan Nasional Veteran Yogyakarta:1562
https://mamikos.com/room/kost-sleman-kost-putri-eksklusif-kost-singgahsini-zazafifa-tipe-a-maguwoharjo-yogyakarta-2?redirection_source=list%20kos%20result%20boundary,Kost Singgahsini Zazafifa Tipe A Maguwoharjo Yogyakarta,1210000,"Ada jam malam untuk tamu,Akses 24 Jam,Denda kerusakan barang kos,Dilarang bawa hewan,Dilarang merokok di kamar,Lawan jenis dilarang ke kamar,Tamu dilarang menginap,Tidak boleh bawa anak,Tidak untuk pasutri","AC,Bantal,Cermin,Guling,Jendela,Kasur,Kursi,Lemari Baju,Meja,Wastafel","CCTV,Dapur,Jemuran,Penjaga Kos,R. Jemur,R. Tamu,WiFi",Parkir Motor & Sepeda,ya,ya,tidak,Universitas Pembangunan Nasional Veteran Yogyakarta:1571
https://mamikos.com/room/kost-kabupaten-sleman-kost-putra-eksklusif-kost-singgahsini-pramesthi-upn-tipe-a-yogyakarta?redirection_source=list%20kos%20result%20boundary,Kost Singgahsini Pramesthi UPN Tipe A Yogyakarta,1525000,"Ada jam malam untuk tamu,Akses 24 Jam,Denda kerusakan barang kos,Dilarang bawa hewan,Wajib ikut piket","AC,Bantal,Guling,Jendela,Kasur,Kulkas,Lemari Baju,Meja,TV,Ventilasi","CCTV,Dapur,Kulkas,Mesin Cuci,Penjaga Kos,R. Jemur,R. Makan,R. Tamu,TV,WiFi","Parkir Mobil,Parkir Sepeda",ya,tidak,ya,Universitas Negeri Yogyakarta:1671
https://mamikos.com/room/kost-sleman-kost-campur-eksklusif-kost-singgahsini-rumah-eyang-tipe-a-gejayan-yogyakarta-2?redirection_source=list%20kos%20result%20boundary,Kost Singgahsini Rumah Eyang Tipe A Gejayan Yogyakarta,1525000,"Ada jam malam,Ada jam malam untuk tamu,Boleh pasutri,Denda kerusakan barang kos,Dilarang bawa hewan,Dilarang merokok di kamar,Lawan jenis dilarang ke kamar,Maks. 2 orang/ kamar,Tamu boleh menginap,Tamu menginap dikenakan biaya,Tidak boleh bawa anak","AC,Bantal,Cermin,Guling,Jendela,Kasur,Kursi,Lemari Baju,Meja","Penjaga Kos,R. Tamu,WiFi","Parkir Mobil,Parkir Motor & Sepeda",ya,ya,tidak,Universitas Negeri Yogyakarta:1738
https://mamikos.com/room/kost-kabupaten-sleman-kost-putra-eksklusif-kost-singgahsini-pramesthi-upn-tipe-a-yogyakarta?redirection_source=list%20kos%20result%20boundary,Kost Singgahsini Pramesthi UPN Tipe A Yogyakarta,1525000,"Ada jam malam untuk tamu,Akses 24 Jam,Denda kerusakan barang kos,Dilarang bawa hewan,Wajib ikut piket","AC,Bantal,Guling,Jendela,Kasur,Kulkas,Lemari Baju,Meja,TV,Ventilasi","CCTV,Dapur,Kulkas,Mesin Cuci,Penjaga Kos,R. Jemur,R. Makan,R. Tamu,TV,WiFi","Parkir Mobil,Parkir Sepeda",ya,tidak,ya,Universitas Negeri Yogyakarta:1671
https://mamikos.com/room/kost-sleman-kost-campur-eksklusif-kost-singgahsini-rumah-eyang-tipe-a-gejayan-yogyakarta-2?redirection_source=list%20kos%20result%20boundary,Kost Singgahsini Rumah Eyang Tipe A Gejayan Yogyakarta,1525000,"Ada jam malam,Ada jam malam untuk tamu,Boleh pasutri,Denda kerusakan barang kos,Dilarang bawa hewan,Dilarang merokok di kamar,Lawan jenis dilarang ke kamar,Maks. 2 orang/ kamar,Tamu boleh menginap,Tamu menginap dikenakan biaya,Tidak boleh bawa anak","AC,Bantal,Cermin,Guling,Jendela,Kasur,Kursi,Lemari Baju,Meja","Penjaga Kos,R. Tamu,WiFi","Parkir Mobil,Parkir Motor & Sepeda",ya,ya,tidak,Universitas Negeri Yogyakarta:1738
https://mamikos.com/room/kost-sleman-kost-putri-eksklusif-kost-singgahsini-omah-anggur-tipe-c-seturan-yogyakarta-1?redirection_source=list%20kos%20result%20boundary,Kost Singgahsini Omah Anggur Tipe C Seturan Yogyakarta,1825000,"Ada jam malam untuk tamu,Akses 24 Jam,Denda kerusakan barang kos,Dilarang merokok di kamar,Lawan jenis dilarang ke kamar,Maks. 2 orang/ kamar,Tamu menginap dikenakan biaya","AC,Bantal,Jendela,Kasur,Kursi,Lemari Baju,Meja,Ventilasi","Dapur,R. Tamu,WiFi","Parkir Mobil,Parkir Sepeda",ya,ya,tidak,Universitas Atma Jaya Yogyakarta:1131
https://mamikos.com/room/kost-kabupaten-sleman-kost-campur-murah-kost-carolus-ngaglik-sleman?redirection_source=list%20kos%20result%20boundary,Kost Carolus Ngaglik Sleman,750000,"Ada jam malam untuk tamu,Denda kerusakan barang kos,Dilarang bawa hewan,Kamar hanya bagi penyewa,Kriteria umum,Lawan jenis dilarang ke kamar,Maks. 1 orang/ kamar,Menunjukan bukti (-) Swab saat check-in,Tambah biaya untuk alat elektronik,Tamu dilarang menginap,Tidak bisa DP (sewa harian),Tidak boleh bawa anak,Tidak untuk pasutri","Kasur,Lemari Baju,Meja,Ventilasi","Jemuran,R. Jemur,R. Tamu,WiFi","Parkir Mobil,Parkir Motor,Parkir Motor & Sepeda,Parkir Sepeda",tidak,tidak,tidak,Sekolah Tinggi Ilmu Manajemen Ykpn:1962
https://mamikos.com/room/kost-sleman-kost-putri-eksklusif-kost-singgahsini-zazafifa-tipe-a-maguwoharjo-yogyakarta-2?redirection_source=list%20kos%20result%20boundary,Kost Singgahsini Zazafifa Tipe A Maguwoharjo Yogyakarta,1210000,"Ada jam malam untuk tamu,Akses 24 Jam,Denda kerusakan barang kos,Dilarang bawa hewan,Dilarang merokok di kamar,Lawan jenis dilarang ke kamar,Tamu dilarang menginap,Tidak boleh bawa anak,Tidak untuk pasutri","AC,Bantal,Cermin,Guling,Jendela,Kasur,Kursi,Lemari Baju,Meja,Wastafel","CCTV,Dapur,Jemuran,Penjaga Kos,R. Jemur,R. Tamu,WiFi",Parkir Motor & Sepeda,ya,ya,tidak,Universitas Pembangunan Nasional Veteran Yogyakarta:1571
https://mamikos.com/room/kost-kabupaten-sleman-kost-putra-eksklusif-kost-singgahsini-pramesthi-upn-tipe-a-yogyakarta?redirection_source=list%20kos%20result%20boundary,Kost Singgahsini Pramesthi UPN Tipe A Yogyakarta,1525000,"Ada jam malam untuk tamu,Akses 24 Jam,Denda kerusakan barang kos,Dilarang bawa hewan,Wajib ikut piket","AC,Bantal,Guling,Jendela,Kasur,Kulkas,Lemari Baju,Meja,TV,Ventilasi","CCTV,Dapur,Kulkas,Mesin Cuci,Penjaga Kos,R. Jemur,R. Makan,R. Tamu,TV,WiFi","Parkir Mobil,Parkir Sepeda",ya,tidak,ya,Universitas Negeri Yogyakarta:1671
https://mamikos.com/room/kost-sleman-kost-campur-eksklusif-kost-singgahsini-rumah-eyang-tipe-a-gejayan-yogyakarta-2?redirection_source=list%20kos%20result%20boundary,Kost Singgahsini Rumah Eyang Tipe A Gejayan Yogyakarta,1525000,"Ada jam malam,Ada jam malam untuk tamu,Boleh pasutri,Denda kerusakan barang kos,Dilarang bawa hewan,Dilarang merokok di kamar,Lawan jenis dilarang ke kamar,Maks. 2 orang/ kamar,Tamu boleh menginap,Tamu menginap dikenakan biaya,Tidak boleh bawa anak","AC,Bantal,Cermin,Guling,Jendela,Kasur,Kursi,Lemari Baju,Meja","Penjaga Kos,R. Tamu,WiFi","Parkir Mobil,Parkir Motor & Sepeda",ya,ya,tidak,Universitas Negeri Yogyakarta:1738
https://mamikos.com/room/kost-sleman-kost-putri-eksklusif-kost-singgahsini-omah-anggur-tipe-c-seturan-yogyakarta-1?redirection_source=list%20kos%20result%20boundary,Kost Singgahsini Omah Anggur Tipe C Seturan Yogyakarta,1825000,"Ada jam malam untuk tamu,Akses 24 Jam,Denda kerusakan barang kos,Dilarang merokok di kamar,Lawan jenis dilarang ke kamar,Maks. 2 orang/ kamar,Tamu menginap dikenakan biaya","AC,Bantal,Jendela,Kasur,Kursi,Lemari Baju,Meja,Ventilasi","Dapur,R. Tamu,WiFi","Parkir Mobil,Parkir Sepeda",ya,ya,tidak,Universitas Atma Jaya Yogyakarta:1131
https://mamikos.com/room/kost-kabupaten-sleman-kost-campur-murah-kost-carolus-ngaglik-sleman?redirection_source=list%20kos%20result%20boundary,Kost Carolus Ngaglik Sleman,750000,"Ada jam malam untuk tamu,Denda kerusakan barang kos,Dilarang bawa hewan,Kamar hanya bagi penyewa,Kriteria umum,Lawan jenis dilarang ke kamar,Maks. 1 orang/ kamar,Menunjukan bukti (-) Swab saat check-in,Tambah biaya untuk alat elektronik,Tamu dilarang menginap,Tidak bisa DP (sewa harian),Tidak boleh bawa anak,Tidak untuk pasutri","Kasur,Lemari Baju,Meja,Ventilasi","Jemuran,R. Jemur,R. Tamu,WiFi","Parkir Mobil,Parkir Motor,Parkir Motor & Sepeda,Parkir Sepeda",tidak,tidak,tidak,Sekolah Tinggi Ilmu Manajemen Ykpn:1962
https://mamikos.com/room/kost-kabupaten-sleman-kost-putri-eksklusif-kost-livingkoost-depok-sleman?redirection_source=list%20kos%20result%20boundary,Kost Livingkoost Depok Sleman,1900000,,"AC,Bantal,Cleaning service,Guling,Jendela,Kasur,Kursi,Ventilasi","Balcon,CCTV,Dapur,Dispenser,Jemuran,Kulkas,Penjaga Kos,R. Cuci,R. Jemur,R. Santai,R. Tamu,WiFi","Parkir Mobil,Parkir Motor,Parkir Motor & Sepeda,Parkir Sepeda",ya,ya,tidak,Universitas Gadjah Mada:1272
https://mamikos.com/room/kost-sleman-kost-campur-eksklusif-kost-singgahsini-rien-house-tipe-a-condongcatur-yogyakarta?redirection_source=list%20kos%20result%20boundary,Kost Singgahsini Rien House Tipe A Condongcatur Yogyakarta,1725000,"Akses 24 Jam,Boleh pasutri,Dilarang bawa hewan,Lawan jenis dilarang ke kamar,Maks. 2 orang/ kamar","AC,Cleaning service,Kasur,Kursi,Lemari Baju,Meja,TV","Dapur,Penjaga Kos,R. Keluarga,R. Santai,R. Tamu,Taman,WiFi",Parkir Mobil,ya,ya,tidak,Universitas Amikom Yogyakarta:680
https://mamikos.com/room/kost-kabupaten-sleman-kost-putri-murah-kost-pojokan-tipe-a-depok-sleman?redirection_source=list%20kos%20result%20boundary,Kost Pojokan Tipe A Depok Sleman,700000,"Ada jam malam untuk tamu,Akses 24 Jam,Harga termasuk listrik (sewa harian),Kamar hanya bagi penyewa,Kriteria umum,Lawan jenis dilarang ke kamar,Maks. 1 orang/ kamar,Tamu bebas berkunjung","Jendela,Kasur,Lemari Baju,Ventilasi","Balcon,Dapur,Jemuran,R. Jemur,R. Tamu,WiFi","Parkir Motor,Parkir Motor & Sepeda",tidak,ya,ya,Universitas Amikom Yogyakarta:1922
https://mamikos.com/room/kost-kabupaten-sleman-kost-putri-eksklusif-kost-syariah-griya-almira-1-ngaglik-sleman-2?redirection_source=list%20kos%20result%20boundary,Kost Syariah Griya Almira 1 Ngaglik Sleman,1350000,"Ada jam malam,Ada jam malam untuk tamu,Dilarang bawa hewan,Dilarang merokok di kamar,Khusus Mahasiswa,Lawan jenis dilarang ke kamar,Maks. 1 orang/ kamar","AC,Bantal,Cermin,Guling,Jendela,Kasur,Kulkas,Kursi,Lemari Baju,Meja,TV,Ventilasi,Wastafel","Balcon,CCTV,Dapur,Jemuran,Jual Makanan,Kulkas,Mesin Cuci,Pengurus Kos,Penjaga Kos,R. Cuci,R. Jemur,R. Makan,R. Santai,R. Tamu,TV,WiFi","Parkir Mobil,Parkir Motor,Parkir Sepeda",ya,ya,tidak,Universitas Islam Indonesia:2102
https://mamikos.com/room/kost-kabupaten-sleman-kost-putri-eksklusif-kost-singgahsini-rumah-putih-tipe-b-mlati-yogyakarta?redirection_source=list%20kos%20result%20boundary,Kost Singgahsini Rumah Putih Tipe B Mlati Yogyakarta,1375000,"Akses 24 Jam,Dilarang bawa hewan,Lawan jenis dilarang ke kamar,Maks. 2 orang/ kamar","AC,Bantal,Cermin,Guling,Kasur,Kursi,Lemari Baju,Meja,TV","Dapur,Dispenser,K. Mandi Luar,Kulkas,Penjaga Kos,R. Cuci,R. Tamu,TV,WiFi","Parkir Mobil,Parkir Motor & Sepeda,Parkir Sepeda",ya,ya,tidak,Universitas Teknologi Yogyakarta:3116
https://mamikos.com/room/kost-sleman-kost-putri-murah-kost-apik-roemah-aisyah-tipe-a-yogyakarta-2?redirection_source=list%20kos%20result%20boundary,Kost Apik Roemah Aisyah Tipe A Yogyakarta,625000,"Ada jam malam untuk tamu,Akses 24 Jam,Denda kerusakan barang kos,Dilarang bawa hewan,Dilarang merokok di kamar,Lawan jenis dilarang ke kamar,Maks. 2 orang/ kamar,Tamu menginap dikenakan biaya,Tidak boleh bawa anak,Tidak untuk pasutri,Wajib ikut piket","Bantal,Cermin,Guling,Jendela,Kasur,Kipas Angin,Lemari Baju,Ventilasi","Dapur,Jemuran,K. Mandi Luar,Penjaga Kos,R. Jemur,R. Tamu,WiFi",Parkir Motor & Sepeda,tidak,tidak,ya,Sekolah Tinggi Ilmu Kesehatan Aisyiyah Yogyakarta:745
https://mamikos.com/room/kost-kabupaten-sleman-kost-putri-eksklusif-kost-singgahsini-putri-maoni-tipe-c-gejayan-yogyakarta?redirection_source=list%20kos%20result%20boundary,Kost Singgahsini Putri Maoni Tipe C Gejayan Yogyakarta,1845000,"Akses 24 Jam,Dilarang bawa hewan,Lawan jenis dilarang ke kamar,Maks. 2 orang/ kamar,Tamu boleh menginap","AC,Bantal,Cleaning service,Guling,Kasur,Kursi,Lemari Baju,Meja,Sofa,TV","Dapur,Dispenser,Penjaga Kos,R. Jemur,R. Keluarga,R. Santai,R. Tamu,Rice Cooker,WiFi","Parkir Mobil,Parkir Sepeda",ya,ya,tidak,Universitas Negeri Yogyakarta:1008
https://mamikos.com/room/kost-kabupaten-sleman-kost-campur-eksklusif-kost-singgahsini-dcherry-pakuwon-mall-tipe-b-yogyakarta-2?redirection_source=list%20kos%20result%20boundary,Kost Singgahsini DCherry Pakuwon Mall Tipe B Yogyakarta,2125000,"Ada jam malam untuk tamu,Akses 24 Jam,Boleh pasutri,Denda kerusakan barang kos,Dilarang bawa hewan,Dilarang merokok di kamar,Lawan jenis dilarang ke kamar,Maks. 2 orang/ kamar,Tamu menginap dikenakan biaya,Tidak boleh bawa anak","AC,Jendela,Kasur,Kulkas,Kursi,Lemari Baju,Meja,TV","CCTV,Kulkas,Penjaga Kos,R. Tamu,TV,WiFi","Parkir Mobil,Parkir Motor & Sepeda",ya,ya,tidak,Universitas Amikom Yogyakarta:1485
https://mamikos.com/room/kost-kabupaten-sleman-kost-putri-eksklusif-kost-singgahsini-wulandari-tipe-c-wedomartani-yogyakarta-2?redirection_source=list%20kos%20result%20boundary,Kost Singgahsini Wulandari Tipe C Wedomartani Yogyakarta,1325000,"Ada jam malam,Denda kerusakan barang kos,Dilarang bawa hewan,Dilarang menerima tamu,Dilarang merokok di kamar,Lawan jenis dilarang ke kamar,Tamu dilarang menginap,Tidak boleh bawa anak,Tidak untuk pasutri","AC,Jendela,Kasur,Kursi,Lemari Baju,Meja","CCTV,Dapur,Mushola,Penjaga Kos,R. Jemur,R. Makan,R. Tamu,Rooftop,WiFi","Parkir Mobil,Parkir Motor & Sepeda",ya,ya,tidak,Universitas Amikom Yogyakarta:1662
https://mamikos.com/room/kost-kabupaten-sleman-kost-putri-murah-kost-apik-pondok-trio-tipe-c-maguwoharjo-yogyakarta--1?redirection_source=list%20kos%20result%20boundary,Kost Apik Pondok Trio Tipe C Maguwoharjo Yogyakarta,875000,"Ada jam malam,Dilarang bawa hewan,Lawan jenis dilarang ke kamar,Maks. 2 orang/ kamar,Tamu menginap dikenakan biaya","Bantal,Jendela,Kasur,Lemari Baju","Dapur,K. Mandi Luar,Penjaga Kos,R. Cuci,R. Tamu,WiFi","Parkir Mobil,Parkir Motor & Sepeda,Parkir Sepeda",tidak,ya,tidak,Universitas Pembangunan Nasional Veteran Yogyakarta:1562
https://mamikos.com/room/kost-sleman-kost-putri-eksklusif-kost-singgahsini-zazafifa-tipe-a-maguwoharjo-yogyakarta-2?redirection_source=list%20kos%20result%20boundary,Kost Singgahsini Zazafifa Tipe A Maguwoharjo Yogyakarta,1210000,"Ada jam malam untuk tamu,Akses 24 Jam,Denda kerusakan barang kos,Dilarang bawa hewan,Dilarang merokok di kamar,Lawan jenis dilarang ke kamar,Tamu dilarang menginap,Tidak boleh bawa anak,Tidak untuk pasutri","AC,Bantal,Cermin,Guling,Jendela,Kasur,Kursi,Lemari Baju,Meja,Wastafel","CCTV,Dapur,Jemuran,Penjaga Kos,R. Jemur,R. Tamu,WiFi",Parkir Motor & Sepeda,ya,ya,tidak,Universitas Pembangunan Nasional Veteran Yogyakarta:1571
https://mamikos.com/room/kost-kabupaten-sleman-kost-putra-eksklusif-kost-singgahsini-pramesthi-upn-tipe-a-yogyakarta?redirection_source=list%20kos%20result%20boundary,Kost Singgahsini Pramesthi UPN Tipe A Yogyakarta,1525000,"Ada jam malam untuk tamu,Akses 24 Jam,Denda kerusakan barang kos,Dilarang bawa hewan,Wajib ikut piket","AC,Bantal,Guling,Jendela,Kasur,Kulkas,Lemari Baju,Meja,TV,Ventilasi","CCTV,Dapur,Kulkas,Mesin Cuci,Penjaga Kos,R. Jemur,R. Makan,R. Tamu,TV,WiFi","Parkir Mobil,Parkir Sepeda",ya,tidak,ya,Universitas Negeri Yogyakarta:1671
https://mamikos.com/room/kost-sleman-kost-campur-eksklusif-kost-singgahsini-rumah-eyang-tipe-a-gejayan-yogyakarta-2?redirection_source=list%20kos%20result%20boundary,Kost Singgahsini Rumah Eyang Tipe A Gejayan Yogyakarta,1525000,"Ada jam malam,Ada jam malam untuk tamu,Boleh pasutri,Denda kerusakan barang kos,Dilarang bawa hewan,Dilarang merokok di kamar,Lawan jenis dilarang ke kamar,Maks. 2 orang/ kamar,Tamu boleh menginap,Tamu menginap dikenakan biaya,Tidak boleh bawa anak","AC,Bantal,Cermin,Guling,Jendela,Kasur,Kursi,Lemari Baju,Meja","Penjaga Kos,R. Tamu,WiFi","Parkir Mobil,Parkir Motor & Sepeda",ya,ya,tidak,Universitas Negeri Yogyakarta:1738
https://mamikos.com/room/kost-sleman-kost-putri-eksklusif-kost-singgahsini-omah-anggur-tipe-c-seturan-yogyakarta-1?redirection_source=list%20kos%20result%20boundary,Kost Singgahsini Omah Anggur Tipe C Seturan Yogyakarta,1825000,"Ada jam malam untuk tamu,Akses 24 Jam,Denda kerusakan barang kos,Dilarang merokok di kamar,Lawan jenis dilarang ke kamar,Maks. 2 orang/ kamar,Tamu menginap dikenakan biaya","AC,Bantal,Jendela,Kasur,Kursi,Lemari Baju,Meja,Ventilasi","Dapur,R. Tamu,WiFi","Parkir Mobil,Parkir Sepeda",ya,ya,tidak,Universitas Atma Jaya Yogyakarta:1131
https://mamikos.com/room/kost-kabupaten-sleman-kost-campur-murah-kost-carolus-ngaglik-sleman?redirection_source=list%20kos%20result%20boundary,Kost Carolus Ngaglik Sleman,750000,"Ada jam malam untuk tamu,Denda kerusakan barang kos,Dilarang bawa hewan,Kamar hanya bagi penyewa,Kriteria umum,Lawan jenis dilarang ke kamar,Maks. 1 orang/ kamar,Menunjukan bukti (-) Swab saat check-in,Tambah biaya untuk alat elektronik,Tamu dilarang menginap,Tidak bisa DP (sewa harian),Tidak boleh bawa anak,Tidak untuk pasutri","Kasur,Lemari Baju,Meja,Ventilasi","Jemuran,R. Jemur,R. Tamu,WiFi","Parkir Mobil,Parkir Motor,Parkir Motor & Sepeda,Parkir Sepeda",tidak,tidak,tidak,Sekolah Tinggi Ilmu Manajemen Ykpn:1962
https://mamikos.com/room/kost-kabupaten-sleman-kost-putra-eksklusif-kost-singgahsini-cozy-sawitsari-6-tipe-d-condongcatur-yogyakarta?redirection_source=list%20kos%20result%20boundary,Kost Singgahsini Cozy Sawitsari 6 Tipe D Condongcatur Yogyakarta,1425000,"Ada jam malam untuk tamu,Akses 24 Jam,Denda kerusakan barang kos,Dilarang bawa hewan,Dilarang merokok di kamar,Lawan jenis dilarang ke kamar,Maks. 2 orang/ kamar,Tambah biaya untuk alat elektronik,Tamu menginap dikenakan biaya,Wajib ikut piket","AC,Bantal,Cermin,Jendela,Kasur,Lemari Baju,Ventilasi","K. Mandi Luar,R. Tamu,WiFi",Parkir Mobil,ya,tidak,ya,Universitas Gadjah Mada:2035
https://mamikos.com/room/kost-kabupaten-sleman-kost-campur-eksklusif-kost-waringin-eksekutif-depok-sleman?redirection_source=list%20kos%20result%20boundary,Kost Waringin Eksekutif Depok Sleman,1300000,"Ada jam malam untuk tamu,Akses 24 Jam,Boleh pasutri,Dilarang bawa hewan,Kamar hanya bagi penyewa,Maks. 2 orang/ kamar,Tamu dilarang menginap","AC,Bantal,Cermin,Guling,Jendela,Kasur,Kursi,Lemari Baju,Meja,Ventilasi","Balcon,CCTV,Dapur,Jemuran,K. Mandi Luar,R. Makan,R. Santai,WiFi","Parkir Mobil,Parkir Motor,Parkir Motor & Sepeda,Parkir Sepeda",ya,tidak,tidak,Universitas Atma Jaya Yogyakarta:1792
https://mamikos.com/room/kost-sleman-kost-campur-eksklusif-kost-eksklusif-omah-adhem-tipe-b-sambilegi-yogyakarta-1?redirection_source=list%20kos%20result%20boundary,Kost Eksklusif Omah Adhem Tipe B Sambilegi Maguwoharjo Depok Sleman Yogyakarta,1450000,"Akses 24 Jam,Maks. 2 orang/ kamar","AC,Bantal,Cermin,Cleaning service,Dispenser,Guling,Jendela,Kasur,Kulkas,Kursi,Lemari Baju,Meja,Meja Rias,TV,Wastafel","Balcon,CCTV,Dapur,Dispenser,Kulkas,Laundry,Locker,Mesin Cuci,Mushola,Pengurus Kos,Penjaga Kos,R. Cuci,R. Jemur,R. Makan,R. Santai,R. Tamu,TV,WiFi","Parkir Mobil,Parkir Motor,Parkir Sepeda",ya,ya,tidak,Universitas Atma Jaya Yogyakarta:2344
https://mamikos.com/room/kost-kabupaten-sleman-kost-putra-eksklusif-kost-singgahsini-kledokan-seturan-tipe-b-yogyakarta?redirection_source=list%20kos%20result%20boundary,Kost Singgahsini Kledokan Seturan Tipe B Yogyakarta,1775000,"Ada jam malam untuk tamu,Akses 24 Jam,Denda kerusakan barang kos,Dilarang bawa hewan,Dilarang merokok di kamar,Kriteria umum,Lawan jenis dilarang ke kamar,Maks. 2 orang/ kamar,Tamu menginap dikenakan biaya","AC,Bantal,Guling,Kasur,Kursi,Lemari Baju,Meja,TV","CCTV,Dapur,Kulkas,R. Jemur,R. Tamu,WiFi","Parkir Mobil,Parkir Sepeda",ya,ya,tidak,Universitas Pembangunan Nasional Veteran Yogyakarta:694
https://mamikos.com/room/kost-kabupaten-sleman-kost-putra-murah-kost-singgahsini-cozy-sawitsari-6-tipe-a-condongcatur-yogyakarta-2?redirection_source=list%20kos%20result%20boundary,Kost Singgahsini Cozy Sawitsari 6 Tipe A Condongcatur Yogyakarta,900000,"Ada jam malam untuk tamu,Akses 24 Jam,Denda kerusakan barang kos,Dilarang bawa hewan,Dilarang merokok di kamar,Lawan jenis dilarang ke kamar,Maks. 2 orang/ kamar,Tambah biaya untuk alat elektronik,Tamu menginap dikenakan biaya,Wajib ikut piket","Bantal,Cermin,Jendela,Kasur,Lemari Baju","K. Mandi Luar,R. Tamu,WiFi",Parkir Mobil,ya,tidak,ya,Universitas Gadjah Mada:2030
https://mamikos.com/room/kost-kabupaten-sleman-kost-putri-eksklusif-kost-singgahsini-rumah-putih-tipe-b-mlati-yogyakarta?redirection_source=list%20kos%20result%20boundary,Kost Singgahsini Rumah Putih Tipe B Mlati Yogyakarta,1375000,"Akses 24 Jam,Dilarang bawa hewan,Lawan jenis dilarang ke kamar,Maks. 2 orang/ kamar","AC,Bantal,Cermin,Guling,Kasur,Kursi,Lemari Baju,Meja,TV","Dapur,Dispenser,K. Mandi Luar,Kulkas,Penjaga Kos,R. Cuci,R. Tamu,TV,WiFi","Parkir Mobil,Parkir Motor & Sepeda,Parkir Sepeda",ya,ya,tidak,Universitas Teknologi Yogyakarta:3116
https://mamikos.com/room/kost-sleman-kost-putri-murah-kost-apik-roemah-aisyah-tipe-a-yogyakarta-2?redirection_source=list%20kos%20result%20boundary,Kost Apik Roemah Aisyah Tipe A Yogyakarta,625000,"Ada jam malam untuk tamu,Akses 24 Jam,Denda kerusakan barang kos,Dilarang bawa hewan,Dilarang merokok di kamar,Lawan jenis dilarang ke kamar,Maks. 2 orang/ kamar,Tamu menginap dikenakan biaya,Tidak boleh bawa anak,Tidak untuk pasutri,Wajib ikut piket","Bantal,Cermin,Guling,Jendela,Kasur,Kipas Angin,Lemari Baju,Ventilasi","Dapur,Jemuran,K. Mandi Luar,Penjaga Kos,R. Jemur,R. Tamu,WiFi",Parkir Motor & Sepeda,tidak,tidak,ya,Sekolah Tinggi Ilmu Kesehatan Aisyiyah Yogyakarta:745
https://mamikos.com/room/kost-kabupaten-sleman-kost-putri-eksklusif-kost-singgahsini-putri-maoni-tipe-c-gejayan-yogyakarta?redirection_source=list%20kos%20result%20boundary,Kost Singgahsini Putri Maoni Tipe C Gejayan Yogyakarta,1845000,"Akses 24 Jam,Dilarang bawa hewan,Lawan jenis dilarang ke kamar,Maks. 2 orang/ kamar,Tamu boleh menginap","AC,Bantal,Cleaning service,Guling,Kasur,Kursi,Lemari Baju,Meja,Sofa,TV","Dapur,Dispenser,Penjaga Kos,R. Jemur,R. Keluarga,R. Santai,R. Tamu,Rice Cooker,WiFi","Parkir Mobil,Parkir Sepeda",ya,ya,tidak,Universitas Negeri Yogyakarta:1008
https://mamikos.com/room/kost-kabupaten-sleman-kost-campur-eksklusif-kost-singgahsini-dcherry-pakuwon-mall-tipe-b-yogyakarta-2?redirection_source=list%20kos%20result%20boundary,Kost Singgahsini DCherry Pakuwon Mall Tipe B Yogyakarta,2125000,"Ada jam malam untuk tamu,Akses 24 Jam,Boleh pasutri,Denda kerusakan barang kos,Dilarang bawa hewan,Dilarang merokok di kamar,Lawan jenis dilarang ke kamar,Maks. 2 orang/ kamar,Tamu menginap dikenakan biaya,Tidak boleh bawa anak","AC,Jendela,Kasur,Kulkas,Kursi,Lemari Baju,Meja,TV","CCTV,Kulkas,Penjaga Kos,R. Tamu,TV,WiFi","Parkir Mobil,Parkir Motor & Sepeda",ya,ya,tidak,Universitas Amikom Yogyakarta:1485
https://mamikos.com/room/kost-kabupaten-sleman-kost-putra-eksklusif-kost-singgahsini-cozy-sawitsari-6-tipe-d-condongcatur-yogyakarta?redirection_source=list%20kos%20result%20boundary,Kost Singgahsini Cozy Sawitsari 6 Tipe D Condongcatur Yogyakarta,1425000,"Ada jam malam untuk tamu,Akses 24 Jam,Denda kerusakan barang kos,Dilarang bawa hewan,Dilarang merokok di kamar,Lawan jenis dilarang ke kamar,Maks. 2 orang/ kamar,Tambah biaya untuk alat elektronik,Tamu menginap dikenakan biaya,Wajib ikut piket","AC,Bantal,Cermin,Jendela,Kasur,Lemari Baju,Ventilasi","K. Mandi Luar,R. Tamu,WiFi",Parkir Mobil,ya,tidak,ya,Universitas Gadjah Mada:2035
https://mamikos.com/room/kost-kabupaten-sleman-kost-campur-eksklusif-kost-waringin-eksekutif-depok-sleman?redirection_source=list%20kos%20result%20boundary,Kost Waringin Eksekutif Depok Sleman,1300000,"Ada jam malam untuk tamu,Akses 24 Jam,Boleh pasutri,Dilarang bawa hewan,Kamar hanya bagi penyewa,Maks. 2 orang/ kamar,Tamu dilarang menginap","AC,Bantal,Cermin,Guling,Jendela,Kasur,Kursi,Lemari Baju,Meja,Ventilasi","Balcon,CCTV,Dapur,Jemuran,K. Mandi Luar,R. Makan,R. Santai,WiFi","Parkir Mobil,Parkir Motor,Parkir Motor & Sepeda,Parkir Sepeda",ya,tidak,tidak,Universitas Atma Jaya Yogyakarta:1792
https://mamikos.com/room/kost-sleman-kost-campur-eksklusif-kost-eksklusif-omah-adhem-tipe-b-sambilegi-yogyakarta-1?redirection_source=list%20kos%20result%20boundary,Kost Eksklusif Omah Adhem Tipe B Sambilegi Maguwoharjo Depok Sleman Yogyakarta,1450000,"Akses 24 Jam,Maks. 2 orang/ kamar","AC,Bantal,Cermin,Cleaning service,Dispenser,Guling,Jendela,Kasur,Kulkas,Kursi,Lemari Baju,Meja,Meja Rias,TV,Wastafel","Balcon,CCTV,Dapur,Dispenser,Kulkas,Laundry,Locker,Mesin Cuci,Mushola,Pengurus Kos,Penjaga Kos,R. Cuci,R. Jemur,R. Makan,R. Santai,R. Tamu,TV,WiFi","Parkir Mobil,Parkir Motor,Parkir Sepeda",ya,ya,tidak,Universitas Atma Jaya Yogyakarta:2344
https://mamikos.com/room/kost-kabupaten-sleman-kost-putra-eksklusif-kost-singgahsini-kledokan-seturan-tipe-b-yogyakarta?redirection_source=list%20kos%20result%20boundary,Kost Singgahsini Kledokan Seturan Tipe B Yogyakarta,1775000,"Ada jam malam untuk tamu,Akses 24 Jam,Denda kerusakan barang kos,Dilarang bawa hewan,Dilarang merokok di kamar,Kriteria umum,Lawan jenis dilarang ke kamar,Maks. 2 orang/ kamar,Tamu menginap dikenakan biaya","AC,Bantal,Guling,Kasur,Kursi,Lemari Baju,Meja,TV","CCTV,Dapur,Kulkas,R. Jemur,R. Tamu,WiFi","Parkir Mobil,Parkir Sepeda",ya,ya,tidak,Universitas Pembangunan Nasional Veteran Yogyakarta:694
https://mamikos.com/room/kost-kabupaten-sleman-kost-putra-murah-kost-singgahsini-cozy-sawitsari-6-tipe-a-condongcatur-yogyakarta-2?redirection_source=list%20kos%20result%20boundary,Kost Singgahsini Cozy Sawitsari 6 Tipe A Condongcatur Yogyakarta,900000,"Ada jam malam untuk tamu,Akses 24 Jam,Denda kerusakan barang kos,Dilarang bawa hewan,Dilarang merokok di kamar,Lawan jenis dilarang ke kamar,Maks. 2 orang/ kamar,Tambah biaya untuk alat elektronik,Tamu menginap dikenakan biaya,Wajib ikut piket","Bantal,Cermin,Jendela,Kasur,Lemari Baju","K. Mandi Luar,R. Tamu,WiFi",Parkir Mobil,ya,tidak,ya,Universitas Gadjah Mada:2030
https://mamikos.com/room/kost-kabupaten-sleman-kost-putri-eksklusif-kost-livingkoost-depok-sleman?redirection_source=list%20kos%20result%20boundary,Kost Livingkoost Depok Sleman,1900000,,"AC,Bantal,Cleaning service,Guling,Jendela,Kasur,Kursi,Ventilasi","Balcon,CCTV,Dapur,Dispenser,Jemuran,Kulkas,Penjaga Kos,R. Cuci,R. Jemur,R. Santai,R. Tamu,WiFi","Parkir Mobil,Parkir Motor,Parkir Motor & Sepeda,Parkir Sepeda",ya,ya,tidak,Universitas Gadjah Mada:1272
https://mamikos.com/room/kost-sleman-kost-campur-eksklusif-kost-singgahsini-rien-house-tipe-a-condongcatur-yogyakarta?redirection_source=list%20kos%20result%20boundary,Kost Singgahsini Rien House Tipe A Condongcatur Yogyakarta,1725000,"Akses 24 Jam,Boleh pasutri,Dilarang bawa hewan,Lawan jenis dilarang ke kamar,Maks. 2 orang/ kamar","AC,Cleaning service,Kasur,Kursi,Lemari Baju,Meja,TV","Dapur,Penjaga Kos,R. Keluarga,R. Santai,R. Tamu,Taman,WiFi",Parkir Mobil,ya,ya,tidak,Universitas Amikom Yogyakarta:680
https://mamikos.com/room/kost-kabupaten-sleman-kost-putri-murah-kost-pojokan-tipe-a-depok-sleman?redirection_source=list%20kos%20result%20boundary,Kost Pojokan Tipe A Depok Sleman,700000,"Ada jam malam untuk tamu,Akses 24 Jam,Harga termasuk listrik (sewa harian),Kamar hanya bagi penyewa,Kriteria umum,Lawan jenis dilarang ke kamar,Maks. 1 orang/ kamar,Tamu bebas berkunjung","Jendela,Kasur,Lemari Baju,Ventilasi","Balcon,Dapur,Jemuran,R. Jemur,R. Tamu,WiFi","Parkir Motor,Parkir Motor & Sepeda",tidak,ya,ya,Universitas Amikom Yogyakarta:1922
https://mamikos.com/room/kost-kabupaten-sleman-kost-putri-eksklusif-kost-syariah-griya-almira-1-ngaglik-sleman-2?redirection_source=list%20kos%20result%20boundary,Kost Syariah Griya Almira 1 Ngaglik Sleman,1350000,"Ada jam malam,Ada jam malam untuk tamu,Dilarang bawa hewan,Dilarang merokok di kamar,Khusus Mahasiswa,Lawan jenis dilarang ke kamar,Maks. 1 orang/ kamar","AC,Bantal,Cermin,Guling,Jendela,Kasur,Kulkas,Kursi,Lemari Baju,Meja,TV,Ventilasi,Wastafel","Balcon,CCTV,Dapur,Jemuran,Jual Makanan,Kulkas,Mesin Cuci,Pengurus Kos,Penjaga Kos,R. Cuci,R. Jemur,R. Makan,R. Santai,R. Tamu,TV,WiFi","Parkir Mobil,Parkir Motor,Parkir Sepeda",ya,ya,tidak,Universitas Islam Indonesia:2102
https://mamikos.com/room/kost-kabupaten-sleman-kost-putri-eksklusif-kost-singgahsini-rumah-putih-tipe-b-mlati-yogyakarta?redirection_source=list%20kos%20result%20boundary,Kost Singgahsini Rumah Putih Tipe B Mlati Yogyakarta,1375000,"Akses 24 Jam,Dilarang bawa hewan,Lawan jenis dilarang ke kamar,Maks. 2 orang/ kamar","AC,Bantal,Cermin,Guling,Kasur,Kursi,Lemari Baju,Meja,TV","Dapur,Dispenser,K. Mandi Luar,Kulkas,Penjaga Kos,R. Cuci,R. Tamu,TV,WiFi","Parkir Mobil,Parkir Motor & Sepeda,Parkir Sepeda",ya,ya,tidak,Universitas Teknologi Yogyakarta:3116
https://mamikos.com/room/kost-sleman-kost-putri-murah-kost-apik-roemah-aisyah-tipe-a-yogyakarta-2?redirection_source=list%20kos%20result%20boundary,Kost Apik Roemah Aisyah Tipe A Yogyakarta,625000,"Ada jam malam untuk tamu,Akses 24 Jam,Denda kerusakan barang kos,Dilarang bawa hewan,Dilarang merokok di kamar,Lawan jenis dilarang ke kamar,Maks. 2 orang/ kamar,Tamu menginap dikenakan biaya,Tidak boleh bawa anak,Tidak untuk pasutri,Wajib ikut piket","Bantal,Cermin,Guling,Jendela,Kasur,Kipas Angin,Lemari Baju,Ventilasi","Dapur,Jemuran,K. Mandi Luar,Penjaga Kos,R. Jemur,R. Tamu,WiFi",Parkir Motor & Sepeda,tidak,tidak,ya,Sekolah Tinggi Ilmu Kesehatan Aisyiyah Yogyakarta:745
https://mamikos.com/room/kost-kabupaten-sleman-kost-putri-eksklusif-kost-singgahsini-putri-maoni-tipe-c-gejayan-yogyakarta?redirection_source=list%20kos%20result%20boundary,Kost Singgahsini Putri Maoni Tipe C Gejayan Yogyakarta,1845000,"Akses 24 Jam,Dilarang bawa hewan,Lawan jenis dilarang ke kamar,Maks. 2 orang/ kamar,Tamu boleh menginap","AC,Bantal,Cleaning service,Guling,Kasur,Kursi,Lemari Baju,Meja,Sofa,TV","Dapur,Dispenser,Penjaga Kos,R. Jemur,R. Keluarga,R. Santai,R. Tamu,Rice Cooker,WiFi","Parkir Mobil,Parkir Sepeda",ya,ya,tidak,Universitas Negeri Yogyakarta:1008
https://mamikos.com/room/kost-kabupaten-sleman-kost-campur-eksklusif-kost-singgahsini-dcherry-pakuwon-mall-tipe-b-yogyakarta-2?redirection_source=list%20kos%20result%20boundary,Kost Singgahsini DCherry Pakuwon Mall Tipe B Yogyakarta,2125000,"Ada jam malam untuk tamu,Akses 24 Jam,Boleh pasutri,Denda kerusakan barang kos,Dilarang bawa hewan,Dilarang merokok di kamar,Lawan jenis dilarang ke kamar,Maks. 2 orang/ kamar,Tamu menginap dikenakan biaya,Tidak boleh bawa anak","AC,Jendela,Kasur,Kulkas,Kursi,Lemari Baju,Meja,TV","CCTV,Kulkas,Penjaga Kos,R. Tamu,TV,WiFi","Parkir Mobil,Parkir Motor & Sepeda",ya,ya,tidak,Universitas Amikom Yogyakarta:1485
https://mamikos.com/room/kost-kabupaten-sleman-kost-putri-eksklusif-kost-singgahsini-wulandari-tipe-c-wedomartani-yogyakarta-2?redirection_source=list%20kos%20result%20boundary,Kost Singgahsini Wulandari Tipe C Wedomartani Yogyakarta,1325000,"Ada jam malam,Denda kerusakan barang kos,Dilarang bawa hewan,Dilarang menerima tamu,Dilarang merokok di kamar,Lawan jenis dilarang ke kamar,Tamu dilarang menginap,Tidak boleh bawa anak,Tidak untuk pasutri","AC,Jendela,Kasur,Kursi,Lemari Baju,Meja","CCTV,Dapur,Mushola,Penjaga Kos,R. Jemur,R. Makan,R. Tamu,Rooftop,WiFi","Parkir Mobil,Parkir Motor & Sepeda",ya,ya,tidak,Universitas Amikom Yogyakarta:1662
https://mamikos.com/room/kost-kabupaten-sleman-kost-putri-murah-kost-apik-pondok-trio-tipe-c-maguwoharjo-yogyakarta--1?redirection_source=list%20kos%20result%20boundary,Kost Apik Pondok Trio Tipe C Maguwoharjo Yogyakarta,875000,"Ada jam malam,Dilarang bawa hewan,Lawan jenis dilarang ke kamar,Maks. 2 orang/ kamar,Tamu menginap dikenakan biaya","Bantal,Jendela,Kasur,Lemari Baju","Dapur,K. Mandi Luar,Penjaga Kos,R. Cuci,R. Tamu,WiFi","Parkir Mobil,Parkir Motor & Sepeda,Parkir Sepeda",tidak,ya,tidak,Universitas Pembangunan Nasional Veteran Yogyakarta:1562
https://mamikos.com/room/kost-sleman-kost-putri-eksklusif-kost-singgahsini-zazafifa-tipe-a-maguwoharjo-yogyakarta-2?redirection_source=list%20kos%20result%20boundary,Kost Singgahsini Zazafifa Tipe A Maguwoharjo Yogyakarta,1210000,"Ada jam malam untuk tamu,Akses 24 Jam,Denda kerusakan barang kos,Dilarang bawa hewan,Dilarang merokok di kamar,Lawan jenis dilarang ke kamar,Tamu dilarang menginap,Tidak boleh bawa anak,Tidak untuk pasutri","AC,Bantal,Cermin,Guling,Jendela,Kasur,Kursi,Lemari Baju,Meja,Wastafel","CCTV,Dapur,Jemuran,Penjaga Kos,R. Jemur,R. Tamu,WiFi",Parkir Motor & Sepeda,ya,ya,tidak,Universitas Pembangunan Nasional Veteran Yogyakarta:1571
https://mamikos.com/room/kost-kabupaten-sleman-kost-putra-eksklusif-kost-singgahsini-pramesthi-upn-tipe-a-yogyakarta?redirection_source=list%20kos%20result%20boundary,Kost Singgahsini Pramesthi UPN Tipe A Yogyakarta,1525000,"Ada jam malam untuk tamu,Akses 24 Jam,Denda kerusakan barang kos,Dilarang bawa hewan,Wajib ikut piket","AC,Bantal,Guling,Jendela,Kasur,Kulkas,Lemari Baju,Meja,TV,Ventilasi","CCTV,Dapur,Kulkas,Mesin Cuci,Penjaga Kos,R. Jemur,R. Makan,R. Tamu,TV,WiFi","Parkir Mobil,Parkir Sepeda",ya,tidak,ya,Universitas Negeri Yogyakarta:1671
https://mamikos.com/room/kost-kabupaten-sleman-kost-putri-eksklusif-kost-singgahsini-rumah-putih-tipe-b-mlati-yogyakarta?redirection_source=list%20kos%20result%20boundary,Kost Singgahsini Rumah Putih Tipe B Mlati Yogyakarta,1375000,"Akses 24 Jam,Dilarang bawa hewan,Lawan jenis dilarang ke kamar,Maks. 2 orang/ kamar","AC,Bantal,Cermin,Guling,Kasur,Kursi,Lemari Baju,Meja,TV","Dapur,Dispenser,K. Mandi Luar,Kulkas,Penjaga Kos,R. Cuci,R. Tamu,TV,WiFi","Parkir Mobil,Parkir Motor & Sepeda,Parkir Sepeda",ya,ya,tidak,Universitas Teknologi Yogyakarta:3116
https://mamikos.com/room/kost-sleman-kost-putri-murah-kost-apik-roemah-aisyah-tipe-a-yogyakarta-2?redirection_source=list%20kos%20result%20boundary,Kost Apik Roemah Aisyah Tipe A Yogyakarta,625000,"Ada jam malam untuk tamu,Akses 24 Jam,Denda kerusakan barang kos,Dilarang bawa hewan,Dilarang merokok di kamar,Lawan jenis dilarang ke kamar,Maks. 2 orang/ kamar,Tamu menginap dikenakan biaya,Tidak boleh bawa anak,Tidak untuk pasutri,Wajib ikut piket","Bantal,Cermin,Guling,Jendela,Kasur,Kipas Angin,Lemari Baju,Ventilasi","Dapur,Jemuran,K. Mandi Luar,Penjaga Kos,R. Jemur,R. Tamu,WiFi",Parkir Motor & Sepeda,tidak,tidak,ya,Sekolah Tinggi Ilmu Kesehatan Aisyiyah Yogyakarta:745
https://mamikos.com/room/kost-kabupaten-sleman-kost-putri-eksklusif-kost-singgahsini-putri-maoni-tipe-c-gejayan-yogyakarta?redirection_source=list%20kos%20result%20boundary,Kost Singgahsini Putri Maoni Tipe C Gejayan Yogyakarta,1845000,"Akses 24 Jam,Dilarang bawa hewan,Lawan jenis dilarang ke kamar,Maks. 2 orang/ kamar,Tamu boleh menginap","AC,Bantal,Cleaning service,Guling,Kasur,Kursi,Lemari Baju,Meja,Sofa,TV","Dapur,Dispenser,Penjaga Kos,R. Jemur,R. Keluarga,R. Santai,R. Tamu,Rice Cooker,WiFi","Parkir Mobil,Parkir Sepeda",ya,ya,tidak,Universitas Negeri Yogyakarta:1008
https://mamikos.com/room/kost-kabupaten-sleman-kost-campur-eksklusif-kost-singgahsini-dcherry-pakuwon-mall-tipe-b-yogyakarta-2?redirection_source=list%20kos%20result%20boundary,Kost Singgahsini DCherry Pakuwon Mall Tipe B Yogyakarta,2125000,"Ada jam malam untuk tamu,Akses 24 Jam,Boleh pasutri,Denda kerusakan barang kos,Dilarang bawa hewan,Dilarang merokok di kamar,Lawan jenis dilarang ke kamar,Maks. 2 orang/ kamar,Tamu menginap dikenakan biaya,Tidak boleh bawa anak","AC,Jendela,Kasur,Kulkas,Kursi,Lemari Baju,Meja,TV","CCTV,Kulkas,Penjaga Kos,R. Tamu,TV,WiFi","Parkir Mobil,Parkir Motor & Sepeda",ya,ya,tidak,Universitas Amikom Yogyakarta:1485
https://mamikos.com/room/kost-kabupaten-sleman-kost-putri-eksklusif-kost-singgahsini-wulandari-tipe-c-wedomartani-yogyakarta-2?redirection_source=list%20kos%20result%20boundary,Kost Singgahsini Wulandari Tipe C Wedomartani Yogyakarta,1325000,"Ada jam malam,Denda kerusakan barang kos,Dilarang bawa hewan,Dilarang menerima tamu,Dilarang merokok di kamar,Lawan jenis dilarang ke kamar,Tamu dilarang menginap,Tidak boleh bawa anak,Tidak untuk pasutri","AC,Jendela,Kasur,Kursi,Lemari Baju,Meja","CCTV,Dapur,Mushola,Penjaga Kos,R. Jemur,R. Makan,R. Tamu,Rooftop,WiFi","Parkir Mobil,Parkir Motor & Sepeda",ya,ya,tidak,Universitas Amikom Yogyakarta:1662
https://mamikos.com/room/kost-kabupaten-sleman-kost-putri-murah-kost-apik-pondok-trio-tipe-c-maguwoharjo-yogyakarta--1?redirection_source=list%20kos%20result%20boundary,Kost Apik Pondok Trio Tipe C Maguwoharjo Yogyakarta,875000,"Ada jam malam,Dilarang bawa hewan,Lawan jenis dilarang ke kamar,Maks. 2 orang/ kamar,Tamu menginap dikenakan biaya","Bantal,Jendela,Kasur,Lemari Baju","Dapur,K. Mandi Luar,Penjaga Kos,R. Cuci,R. Tamu,WiFi","Parkir Mobil,Parkir Motor & Sepeda,Parkir Sepeda",tidak,ya,tidak,Universitas Pembangunan Nasional Veteran Yogyakarta:1562
https://mamikos.com/room/kost-sleman-kost-putri-eksklusif-kost-singgahsini-zazafifa-tipe-a-maguwoharjo-yogyakarta-2?redirection_source=list%20kos%20result%20boundary,Kost Singgahsini Zazafifa Tipe A Maguwoharjo Yogyakarta,1210000,"Ada jam malam untuk tamu,Akses 24 Jam,Denda kerusakan barang kos,Dilarang bawa hewan,Dilarang merokok di kamar,Lawan jenis dilarang ke kamar,Tamu dilarang menginap,Tidak boleh bawa anak,Tidak untuk pasutri","AC,Bantal,Cermin,Guling,Jendela,Kasur,Kursi,Lemari Baju,Meja,Wastafel","CCTV,Dapur,Jemuran,Penjaga Kos,R. Jemur,R. Tamu,WiFi",Parkir Motor & Sepeda,ya,ya,tidak,Universitas Pembangunan Nasional Veteran Yogyakarta:1571
https://mamikos.com/room/kost-kabupaten-sleman-kost-putra-eksklusif-kost-singgahsini-pramesthi-upn-tipe-a-yogyakarta?redirection_source=list%20kos%20result%20boundary,Kost Singgahsini Pramesthi UPN Tipe A Yogyakarta,1525000,"Ada jam malam untuk tamu,Akses 24 Jam,Denda kerusakan barang kos,Dilarang bawa hewan,Wajib ikut piket","AC,Bantal,Guling,Jendela,Kasur,Kulkas,Lemari Baju,Meja,TV,Ventilasi","CCTV,Dapur,Kulkas,Mesin Cuci,Penjaga Kos,R. Jemur,R. Makan,R. Tamu,TV,WiFi","Parkir Mobil,Parkir Sepeda",ya,tidak,ya,Universitas Negeri Yogyakarta:1671
https://mamikos.com/room/kost-sleman-kost-campur-eksklusif-kost-singgahsini-rumah-eyang-tipe-a-gejayan-yogyakarta-2?redirection_source=list%20kos%20result%20boundary,Kost Singgahsini Rumah Eyang Tipe A Gejayan Yogyakarta,1525000,"Ada jam malam,Ada jam malam untuk tamu,Boleh pasutri,Denda kerusakan barang kos,Dilarang bawa hewan,Dilarang merokok di kamar,Lawan jenis dilarang ke kamar,Maks. 2 orang/ kamar,Tamu boleh menginap,Tamu menginap dikenakan biaya,Tidak boleh bawa anak","AC,Bantal,Cermin,Guling,Jendela,Kasur,Kursi,Lemari Baju,Meja","Penjaga Kos,R. Tamu,WiFi","Parkir Mobil,Parkir Motor & Sepeda",ya,ya,tidak,Universitas Negeri Yogyakarta:1738
https://mamikos.com/room/kost-sleman-kost-putri-eksklusif-kost-singgahsini-omah-anggur-tipe-c-seturan-yogyakarta-1?redirection_source=list%20kos%20result%20boundary,Kost Singgahsini Omah Anggur Tipe C Seturan Yogyakarta,1825000,"Ada jam malam untuk tamu,Akses 24 Jam,Denda kerusakan barang kos,Dilarang merokok di kamar,Lawan jenis dilarang ke kamar,Maks. 2 orang/ kamar,Tamu menginap dikenakan biaya","AC,Bantal,Jendela,Kasur,Kursi,Lemari Baju,Meja,Ventilasi","Dapur,R. Tamu,WiFi","Parkir Mobil,Parkir Sepeda",ya,ya,tidak,Universitas Atma Jaya Yogyakarta:1131
https://mamikos.com/room/kost-kabupaten-sleman-kost-campur-murah-kost-carolus-ngaglik-sleman?redirection_source=list%20kos%20result%20boundary,Kost Carolus Ngaglik Sleman,750000,"Ada jam malam untuk tamu,Denda kerusakan barang kos,Dilarang bawa hewan,Kamar hanya bagi penyewa,Kriteria umum,Lawan jenis dilarang ke kamar,Maks. 1 orang/ kamar,Menunjukan bukti (-) Swab saat check-in,Tambah biaya untuk alat elektronik,Tamu dilarang menginap,Tidak bisa DP (sewa harian),Tidak boleh bawa anak,Tidak untuk pasutri","Kasur,Lemari Baju,Meja,Ventilasi","Jemuran,R. Jemur,R. Tamu,WiFi","Parkir Mobil,Parkir Motor,Parkir Motor & Sepeda,Parkir Sepeda",tidak,tidak,tidak,Sekolah Tinggi Ilmu Manajemen Ykpn:1962
https://mamikos.com/room/kost-kabupaten-sleman-kost-putra-eksklusif-kost-singgahsini-cozy-sawitsari-6-tipe-d-condongcatur-yogyakarta?redirection_source=list%20kos%20result%20boundary,Kost Singgahsini Cozy Sawitsari 6 Tipe D Condongcatur Yogyakarta,1425000,"Ada jam malam untuk tamu,Akses 24 Jam,Denda kerusakan barang kos,Dilarang bawa hewan,Dilarang merokok di kamar,Lawan jenis dilarang ke kamar,Maks. 2 orang/ kamar,Tambah biaya untuk alat elektronik,Tamu menginap dikenakan biaya,Wajib ikut piket","AC,Bantal,Cermin,Jendela,Kasur,Lemari Baju,Ventilasi","K. Mandi Luar,R. Tamu,WiFi",Parkir Mobil,ya,tidak,ya,Universitas Gadjah Mada:2035
https://mamikos.com/room/kost-kabupaten-sleman-kost-campur-eksklusif-kost-waringin-eksekutif-depok-sleman?redirection_source=list%20kos%20result%20boundary,Kost Waringin Eksekutif Depok Sleman,1300000,"Ada jam malam untuk tamu,Akses 24 Jam,Boleh pasutri,Dilarang bawa hewan,Kamar hanya bagi penyewa,Maks. 2 orang/ kamar,Tamu dilarang menginap","AC,Bantal,Cermin,Guling,Jendela,Kasur,Kursi,Lemari Baju,Meja,Ventilasi","Balcon,CCTV,Dapur,Jemuran,K. Mandi Luar,R. Makan,R. Santai,WiFi","Parkir Mobil,Parkir Motor,Parkir Motor & Sepeda,Parkir Sepeda",ya,tidak,tidak,Universitas Atma Jaya Yogyakarta:1792
https://mamikos.com/room/kost-sleman-kost-campur-eksklusif-kost-eksklusif-omah-adhem-tipe-b-sambilegi-yogyakarta-1?redirection_source=list%20kos%20result%20boundary,Kost Eksklusif Omah Adhem Tipe B Sambilegi Maguwoharjo Depok Sleman Yogyakarta,1450000,"Akses 24 Jam,Maks. 2 orang/ kamar","AC,Bantal,Cermin,Cleaning service,Dispenser,Guling,Jendela,Kasur,Kulkas,Kursi,Lemari Baju,Meja,Meja Rias,TV,Wastafel","Balcon,CCTV,Dapur,Dispenser,Kulkas,Laundry,Locker,Mesin Cuci,Mushola,Pengurus Kos,Penjaga Kos,R. Cuci,R. Jemur,R. Makan,R. Santai,R. Tamu,TV,WiFi","Parkir Mobil,Parkir Motor,Parkir Sepeda",ya,ya,tidak,Universitas Atma Jaya Yogyakarta:2344
https://mamikos.com/room/kost-kabupaten-sleman-kost-putra-eksklusif-kost-singgahsini-kledokan-seturan-tipe-b-yogyakarta?redirection_source=list%20kos%20result%20boundary,Kost Singgahsini Kledokan Seturan Tipe B Yogyakarta,1775000,"Ada jam malam untuk tamu,Akses 24 Jam,Denda kerusakan barang kos,Dilarang bawa hewan,Dilarang merokok di kamar,Kriteria umum,Lawan jenis dilarang ke kamar,Maks. 2 orang/ kamar,Tamu menginap dikenakan biaya","AC,Bantal,Guling,Kasur,Kursi,Lemari Baju,Meja,TV","CCTV,Dapur,Kulkas,R. Jemur,R. Tamu,WiFi","Parkir Mobil,Parkir Sepeda",ya,ya,tidak,Universitas Pembangunan Nasional Veteran Yogyakarta:694
https://mamikos.com/room/kost-kabupaten-sleman-kost-putri-eksklusif-kost-singgahsini-putri-maoni-tipe-c-gejayan-yogyakarta?redirection_source=list%20kos%20result%20boundary,Kost Singgahsini Putri Maoni Tipe C Gejayan Yogyakarta,1845000,"Akses 24 Jam,Dilarang bawa hewan,Lawan jenis dilarang ke kamar,Maks. 2 orang/ kamar,Tamu boleh menginap","AC,Bantal,Cleaning service,Guling,Kasur,Kursi,Lemari Baju,Meja,Sofa,TV","Dapur,Dispenser,Penjaga Kos,R. Jemur,R. Keluarga,R. Santai,R. Tamu,Rice Cooker,WiFi","Parkir Mobil,Parkir Sepeda",ya,ya,tidak,Universitas Negeri Yogyakarta:1008
https://mamikos.com/room/kost-kabupaten-sleman-kost-campur-eksklusif-kost-singgahsini-dcherry-pakuwon-mall-tipe-b-yogyakarta-2?redirection_source=list%20kos%20result%20boundary,Kost Singgahsini DCherry Pakuwon Mall Tipe B Yogyakarta,2125000,"Ada jam malam untuk tamu,Akses 24 Jam,Boleh pasutri,Denda kerusakan barang kos,Dilarang bawa hewan,Dilarang merokok di kamar,Lawan jenis dilarang ke kamar,Maks. 2 orang/ kamar,Tamu menginap dikenakan biaya,Tidak boleh bawa anak","AC,Jendela,Kasur,Kulkas,Kursi,Lemari Baju,Meja,TV","CCTV,Kulkas,Penjaga Kos,R. Tamu,TV,WiFi","Parkir Mobil,Parkir Motor & Sepeda",ya,ya,tidak,Universitas Amikom Yogyakarta:1485
https://mamikos.com/room/kost-kabupaten-sleman-kost-putri-eksklusif-kost-singgahsini-wulandari-tipe-c-wedomartani-yogyakarta-2?redirection_source=list%20kos%20result%20boundary,Kost Singgahsini Wulandari Tipe C Wedomartani Yogyakarta,1325000,"Ada jam malam,Denda kerusakan barang kos,Dilarang bawa hewan,Dilarang menerima tamu,Dilarang merokok di kamar,Lawan jenis dilarang ke kamar,Tamu dilarang menginap,Tidak boleh bawa anak,Tidak untuk pasutri","AC,Jendela,Kasur,Kursi,Lemari Baju,Meja","CCTV,Dapur,Mushola,Penjaga Kos,R. Jemur,R. Makan,R. Tamu,Rooftop,WiFi","Parkir Mobil,Parkir Motor & Sepeda",ya,ya,tidak,Universitas Amikom Yogyakarta:1662
https://mamikos.com/room/kost-kabupaten-sleman-kost-putri-murah-kost-pojokan-tipe-a-depok-sleman?redirection_source=list%20kos%20result%20boundary,Kost Pojokan Tipe A Depok Sleman,700000,"Ada jam malam untuk tamu,Akses 24 Jam,Harga termasuk listrik (sewa harian),Kamar hanya bagi penyewa,Kriteria umum,Lawan jenis dilarang ke kamar,Maks. 1 orang/ kamar,Tamu bebas berkunjung","Jendela,Kasur,Lemari Baju,Ventilasi","Balcon,Dapur,Jemuran,R. Jemur,R. Tamu,WiFi","Parkir Motor,Parkir Motor & Sepeda",tidak,ya,ya,Universitas Amikom Yogyakarta:1922
https://mamikos.com/room/kost-kabupaten-sleman-kost-putri-eksklusif-kost-syariah-griya-almira-1-ngaglik-sleman-2?redirection_source=list%20kos%20result%20boundary,Kost Syariah Griya Almira 1 Ngaglik Sleman,1350000,"Ada jam malam,Ada jam malam untuk tamu,Dilarang bawa hewan,Dilarang merokok di kamar,Khusus Mahasiswa,Lawan jenis dilarang ke kamar,Maks. 1 orang/ kamar","AC,Bantal,Cermin,Guling,Jendela,Kasur,Kulkas,Kursi,Lemari Baju,Meja,TV,Ventilasi,Wastafel","Balcon,CCTV,Dapur,Jemuran,Jual Makanan,Kulkas,Mesin Cuci,Pengurus Kos,Penjaga Kos,R. Cuci,R. Jemur,R. Makan,R. Santai,R. Tamu,TV,WiFi","Parkir Mobil,Parkir Motor,Parkir Sepeda",ya,ya,tidak,Universitas Islam Indonesia:2102
https://mamikos.com/room/kost-kabupaten-sleman-kost-putri-eksklusif-kost-singgahsini-rumah-putih-tipe-b-mlati-yogyakarta?redirection_source=list%20kos%20result%20boundary,Kost Singgahsini Rumah Putih Tipe B Mlati Yogyakarta,1375000,"Akses 24 Jam,Dilarang bawa hewan,Lawan jenis dilarang ke kamar,Maks. 2 orang/ kamar","AC,Bantal,Cermin,Guling,Kasur,Kursi,Lemari Baju,Meja,TV","Dapur,Dispenser,K. Mandi Luar,Kulkas,Penjaga Kos,R. Cuci,R. Tamu,TV,WiFi","Parkir Mobil,Parkir Motor & Sepeda,Parkir Sepeda",ya,ya,tidak,Universitas Teknologi Yogyakarta:3116
https://mamikos.com/room/kost-sleman-kost-putri-murah-kost-apik-roemah-aisyah-tipe-a-yogyakarta-2?redirection_source=list%20kos%20result%20boundary,Kost Apik Roemah Aisyah Tipe A Yogyakarta,625000,"Ada jam malam untuk tamu,Akses 24 Jam,Denda kerusakan barang kos,Dilarang bawa hewan,Dilarang merokok di kamar,Lawan jenis dilarang ke kamar,Maks. 2 orang/ kamar,Tamu menginap dikenakan biaya,Tidak boleh bawa anak,Tidak untuk pasutri,Wajib ikut piket","Bantal,Cermin,Guling,Jendela,Kasur,Kipas Angin,Lemari Baju,Ventilasi","Dapur,Jemuran,K. Mandi Luar,Penjaga Kos,R. Jemur,R. Tamu,WiFi",Parkir Motor & Sepeda,tidak,tidak,ya,Sekolah Tinggi Ilmu Kesehatan Aisyiyah Yogyakarta:745
https://mamikos.com/room/kost-kabupaten-sleman-kost-putri-eksklusif-kost-singgahsini-putri-maoni-tipe-c-gejayan-yogyakarta?redirection_source=list%20kos%20result%20boundary,Kost Singgahsini Putri Maoni Tipe C Gejayan Yogyakarta,1845000,"Akses 24 Jam,Dilarang bawa hewan,Lawan jenis dilarang ke kamar,Maks. 2 orang/ kamar,Tamu boleh menginap","AC,Bantal,Cleaning service,Guling,Kasur,Kursi,Lemari Baju,Meja,Sofa,TV","Dapur,Dispenser,Penjaga Kos,R. Jemur,R. Keluarga,R. Santai,R. Tamu,Rice Cooker,WiFi","Parkir Mobil,Parkir Sepeda",ya,ya,tidak,Universitas Negeri Yogyakarta:1008
https://mamikos.com/room/kost-kabupaten-sleman-kost-campur-eksklusif-kost-singgahsini-dcherry-pakuwon-mall-tipe-b-yogyakarta-2?redirection_source=list%20kos%20result%20boundary,Kost Singgahsini DCherry Pakuwon Mall Tipe B Yogyakarta,2125000,"Ada jam malam untuk tamu,Akses 24 Jam,Boleh pasutri,Denda kerusakan barang kos,Dilarang bawa hewan,Dilarang merokok di kamar,Lawan jenis dilarang ke kamar,Maks. 2 orang/ kamar,Tamu menginap dikenakan biaya,Tidak boleh bawa anak","AC,Jendela,Kasur,Kulkas,Kursi,Lemari Baju,Meja,TV","CCTV,Kulkas,Penjaga Kos,R. Tamu,TV,WiFi","Parkir Mobil,Parkir Motor & Sepeda",ya,ya,tidak,Universitas Amikom Yogyakarta:1485
https://mamikos.com/room/kost-kabupaten-sleman-kost-putri-eksklusif-kost-singgahsini-wulandari-tipe-c-wedomartani-yogyakarta-2?redirection_source=list%20kos%20result%20boundary,Kost Singgahsini Wulandari Tipe C Wedomartani Yogyakarta,1325000,"Ada jam malam,Denda kerusakan barang kos,Dilarang bawa hewan,Dilarang menerima tamu,Dilarang merokok di kamar,Lawan jenis dilarang ke kamar,Tamu dilarang menginap,Tidak boleh bawa anak,Tidak untuk pasutri","AC,Jendela,Kasur,Kursi,Lemari Baju,Meja","CCTV,Dapur,Mushola,Penjaga Kos,R. Jemur,R. Makan,R. Tamu,Rooftop,WiFi","Parkir Mobil,Parkir Motor & Sepeda",ya,ya,tidak,Universitas Amikom Yogyakarta:1662
https://mamikos.com/room/kost-kabupaten-sleman-kost-putri-murah-kost-apik-pondok-trio-tipe-c-maguwoharjo-yogyakarta--1?redirection_source=list%20kos%20result%20boundary,Kost Apik Pondok Trio Tipe C Maguwoharjo Yogyakarta,875000,"Ada jam malam,Dilarang bawa hewan,Lawan jenis dilarang ke kamar,Maks. 2 orang/ kamar,Tamu menginap dikenakan biaya","Bantal,Jendela,Kasur,Lemari Baju","Dapur,K. Mandi Luar,Penjaga Kos,R. Cuci,R. Tamu,WiFi","Parkir Mobil,Parkir Motor & Sepeda,Parkir Sepeda",tidak,ya,tidak,Universitas Pembangunan Nasional Veteran Yogyakarta:1562
https://mamikos.com/room/kost-sleman-kost-putri-eksklusif-kost-singgahsini-zazafifa-tipe-a-maguwoharjo-yogyakarta-2?redirection_source=list%20kos%20result%20boundary,Kost Singgahsini Zazafifa Tipe A Maguwoharjo Yogyakarta,1210000,"Ada jam malam untuk tamu,Akses 24 Jam,Denda kerusakan barang kos,Dilarang bawa hewan,Dilarang merokok di kamar,Lawan jenis dilarang ke kamar,Tamu dilarang menginap,Tidak boleh bawa anak,Tidak untuk pasutri","AC,Bantal,Cermin,Guling,Jendela,Kasur,Kursi,Lemari Baju,Meja,Wastafel","CCTV,Dapur,Jemuran,Penjaga Kos,R. Jemur,R. Tamu,WiFi",Parkir Motor & Sepeda,ya,ya,tidak,Universitas Pembangunan Nasional Veteran Yogyakarta:1571
https://mamikos.com/room/kost-kabupaten-sleman-kost-putra-eksklusif-kost-singgahsini-pramesthi-upn-tipe-a-yogyakarta?redirection_source=list%20kos%20result%20boundary,Kost Singgahsini Pramesthi UPN Tipe A Yogyakarta,1525000,"Ada jam malam untuk tamu,Akses 24 Jam,Denda kerusakan barang kos,Dilarang bawa hewan,Wajib ikut piket","AC,Bantal,Guling,Jendela,Kasur,Kulkas,Lemari Baju,Meja,TV,Ventilasi","CCTV,Dapur,Kulkas,Mesin Cuci,Penjaga Kos,R. Jemur,R. Makan,R. Tamu,TV,WiFi","Parkir Mobil,Parkir Sepeda",ya,tidak,ya,Universitas Negeri Yogyakarta:1671
https://mamikos.com/room/kost-sleman-kost-campur-eksklusif-kost-singgahsini-rumah-eyang-tipe-a-gejayan-yogyakarta-2?redirection_source=list%20kos%20result%20boundary,Kost Singgahsini Rumah Eyang Tipe A Gejayan Yogyakarta,1525000,"Ada jam malam,Ada jam malam untuk tamu,Boleh pasutri,Denda kerusakan barang kos,Dilarang bawa hewan,Dilarang merokok di kamar,Lawan jenis dilarang ke kamar,Maks. 2 orang/ kamar,Tamu boleh menginap,Tamu menginap dikenakan biaya,Tidak boleh bawa anak","AC,Bantal,Cermin,Guling,Jendela,Kasur,Kursi,Lemari Baju,Meja","Penjaga Kos,R. Tamu,WiFi","Parkir Mobil,Parkir Motor & Sepeda",ya,ya,tidak,Universitas Negeri Yogyakarta:1738
https://mamikos.com/room/kost-sleman-kost-putri-eksklusif-kost-singgahsini-omah-anggur-tipe-c-seturan-yogyakarta-1?redirection_source=list%20kos%20result%20boundary,Kost Singgahsini Omah Anggur Tipe C Seturan Yogyakarta,1825000,"Ada jam malam untuk tamu,Akses 24 Jam,Denda kerusakan barang kos,Dilarang merokok di kamar,Lawan jenis dilarang ke kamar,Maks. 2 orang/ kamar,Tamu menginap dikenakan biaya","AC,Bantal,Jendela,Kasur,Kursi,Lemari Baju,Meja,Ventilasi","Dapur,R. Tamu,WiFi","Parkir Mobil,Parkir Sepeda",ya,ya,tidak,Universitas Atma Jaya Yogyakarta:1131
https://mamikos.com/room/kost-kabupaten-sleman-kost-putra-murah-kost-singgahsini-cozy-sawitsari-6-tipe-a-condongcatur-yogyakarta-2?redirection_source=list%20kos%20result%20boundary,Kost Singgahsini Cozy Sawitsari 6 Tipe A Condongcatur Yogyakarta,900000,"Ada jam malam untuk tamu,Akses 24 Jam,Denda kerusakan barang kos,Dilarang bawa hewan,Dilarang merokok di kamar,Lawan jenis dilarang ke kamar,Maks. 2 orang/ kamar,Tambah biaya untuk alat elektronik,Tamu menginap dikenakan biaya,Wajib ikut piket","Bantal,Cermin,Jendela,Kasur,Lemari Baju","K. Mandi Luar,R. Tamu,WiFi",Parkir Mobil,ya,tidak,ya,Universitas Gadjah Mada:2030
https://mamikos.com/room/kost-kabupaten-sleman-kost-putri-murah-kost-apik-pondok-trio-tipe-c-maguwoharjo-yogyakarta--1?redirection_source=list%20kos%20result%20boundary,Kost Apik Pondok Trio Tipe C Maguwoharjo Yogyakarta,875000,"Ada jam malam,Dilarang bawa hewan,Lawan jenis dilarang ke kamar,Maks. 2 orang/ kamar,Tamu menginap dikenakan biaya","Bantal,Jendela,Kasur,Lemari Baju","Dapur,K. Mandi Luar,Penjaga Kos,R. Cuci,R. Tamu,WiFi","Parkir Mobil,Parkir Motor & Sepeda,Parkir Sepeda",tidak,ya,tidak,Universitas Pembangunan Nasional Veteran Yogyakarta:1562
https://mamikos.com/room/kost-sleman-kost-putri-eksklusif-kost-singgahsini-zazafifa-tipe-a-maguwoharjo-yogyakarta-2?redirection_source=list%20kos%20result%20boundary,Kost Singgahsini Zazafifa Tipe A Maguwoharjo Yogyakarta,1210000,"Ada jam malam untuk tamu,Akses 24 Jam,Denda kerusakan barang kos,Dilarang bawa hewan,Dilarang merokok di kamar,Lawan jenis dilarang ke kamar,Tamu dilarang menginap,Tidak boleh bawa anak,Tidak untuk pasutri","AC,Bantal,Cermin,Guling,Jendela,Kasur,Kursi,Lemari Baju,Meja,Wastafel","CCTV,Dapur,Jemuran,Penjaga Kos,R. Jemur,R. Tamu,WiFi",Parkir Motor & Sepeda,ya,ya,tidak,Universitas Pembangunan Nasional Veteran Yogyakarta:1571
https://mamikos.com/room/kost-kabupaten-sleman-kost-putra-eksklusif-kost-singgahsini-pramesthi-upn-tipe-a-yogyakarta?redirection_source=list%20kos%20result%20boundary,Kost Singgahsini Pramesthi UPN Tipe A Yogyakarta,1525000,"Ada jam malam untuk tamu,Akses 24 Jam,Denda kerusakan barang kos,Dilarang bawa hewan,Wajib ikut piket","AC,Bantal,Guling,Jendela,Kasur,Kulkas,Lemari Baju,Meja,TV,Ventilasi","CCTV,Dapur,Kulkas,Mesin Cuci,Penjaga Kos,R. Jemur,R. Makan,R. Tamu,TV,WiFi","Parkir Mobil,Parkir Sepeda",ya,tidak,ya,Universitas Negeri Yogyakarta:1671
https://mamikos.com/room/kost-sleman-kost-campur-eksklusif-kost-singgahsini-rumah-eyang-tipe-a-gejayan-yogyakarta-2?redirection_source=list%20kos%20result%20boundary,Kost Singgahsini Rumah Eyang Tipe A Gejayan Yogyakarta,1525000,"Ada jam malam,Ada jam malam untuk tamu,Boleh pasutri,Denda kerusakan barang kos,Dilarang bawa hewan,Dilarang merokok di kamar,Lawan jenis dilarang ke kamar,Maks. 2 orang/ kamar,Tamu boleh menginap,Tamu menginap dikenakan biaya,Tidak boleh bawa anak","AC,Bantal,Cermin,Guling,Jendela,Kasur,Kursi,Lemari Baju,Meja","Penjaga Kos,R. Tamu,WiFi","Parkir Mobil,Parkir Motor & Sepeda",ya,ya,tidak,Universitas Negeri Yogyakarta:1738
https://mamikos.com/room/kost-sleman-kost-putri-eksklusif-kost-singgahsini-omah-anggur-tipe-c-seturan-yogyakarta-1?redirection_source=list%20kos%20result%20boundary,Kost Singgahsini Omah Anggur Tipe C Seturan Yogyakarta,1825000,"Ada jam malam untuk tamu,Akses 24 Jam,Denda kerusakan barang kos,Dilarang merokok di kamar,Lawan jenis dilarang ke kamar,Maks. 2 orang/ kamar,Tamu menginap dikenakan biaya","AC,Bantal,Jendela,Kasur,Kursi,Lemari Baju,Meja,Ventilasi","Dapur,R. Tamu,WiFi","Parkir Mobil,Parkir Sepeda",ya,ya,tidak,Universitas Atma Jaya Yogyakarta:1131
https://mamikos.com/room/kost-kabupaten-sleman-kost-campur-murah-kost-carolus-ngaglik-sleman?redirection_source=list%20kos%20result%20boundary,Kost Carolus Ngaglik Sleman,750000,"Ada jam malam untuk tamu,Denda kerusakan barang kos,Dilarang bawa hewan,Kamar hanya bagi penyewa,Kriteria umum,Lawan jenis dilarang ke kamar,Maks. 1 orang/ kamar,Menunjukan bukti (-) Swab saat check-in,Tambah biaya untuk alat elektronik,Tamu dilarang menginap,Tidak bisa DP (sewa harian),Tidak boleh bawa anak,Tidak untuk pasutri","Kasur,Lemari Baju,Meja,Ventilasi","Jemuran,R. Jemur,R. Tamu,WiFi","Parkir Mobil,Parkir Motor,Parkir Motor & Sepeda,Parkir Sepeda",tidak,tidak,tidak,Sekolah Tinggi Ilmu Manajemen Ykpn:1962
https://mamikos.com/room/kost-kabupaten-sleman-kost-putra-eksklusif-kost-singgahsini-cozy-sawitsari-6-tipe-d-condongcatur-yogyakarta?redirection_source=list%20kos%20result%20boundary,Kost Singgahsini Cozy Sawitsari 6 Tipe D Condongcatur Yogyakarta,1425000,"Ada jam malam untuk tamu,Akses 24 Jam,Denda kerusakan barang kos,Dilarang bawa hewan,Dilarang merokok di kamar,Lawan jenis dilarang ke kamar,Maks. 2 orang/ kamar,Tambah biaya untuk alat elektronik,Tamu menginap dikenakan biaya,Wajib ikut piket","AC,Bantal,Cermin,Jendela,Kasur,Lemari Baju,Ventilasi","K. Mandi Luar,R. Tamu,WiFi",Parkir Mobil,ya,tidak,ya,Universitas Gadjah Mada:2035
https://mamikos.com/room/kost-kabupaten-sleman-kost-campur-eksklusif-kost-waringin-eksekutif-depok-sleman?redirection_source=list%20kos%20result%20boundary,Kost Waringin Eksekutif Depok Sleman,1300000,"Ada jam malam untuk tamu,Akses 24 Jam,Boleh pasutri,Dilarang bawa hewan,Kamar hanya bagi penyewa,Maks. 2 orang/ kamar,Tamu dilarang menginap","AC,Bantal,Cermin,Guling,Jendela,Kasur,Kursi,Lemari Baju,Meja,Ventilasi","Balcon,CCTV,Dapur,Jemuran,K. Mandi Luar,R. Makan,R. Santai,WiFi","Parkir Mobil,Parkir Motor,Parkir Motor & Sepeda,Parkir Sepeda",ya,tidak,tidak,Universitas Atma Jaya Yogyakarta:1792
https://mamikos.com/room/kost-sleman-kost-campur-eksklusif-kost-eksklusif-omah-adhem-tipe-b-sambilegi-yogyakarta-1?redirection_source=list%20kos%20result%20boundary,Kost Eksklusif Omah Adhem Tipe B Sambilegi Maguwoharjo Depok Sleman Yogyakarta,1450000,"Akses 24 Jam,Maks. 2 orang/ kamar","AC,Bantal,Cermin,Cleaning service,Dispenser,Guling,Jendela,Kasur,Kulkas,Kursi,Lemari Baju,Meja,Meja Rias,TV,Wastafel","Balcon,CCTV,Dapur,Dispenser,Kulkas,Laundry,Locker,Mesin Cuci,Mushola,Pengurus Kos,Penjaga Kos,R. Cuci,R. Jemur,R. Makan,R. Santai,R. Tamu,TV,WiFi","Parkir Mobil,Parkir Motor,Parkir Sepeda",ya,ya,tidak,Universitas Atma Jaya Yogyakarta:2344
https://mamikos.com/room/kost-kabupaten-sleman-kost-putra-eksklusif-kost-singgahsini-kledokan-seturan-tipe-b-yogyakarta?redirection_source=list%20kos%20result%20boundary,Kost Singgahsini Kledokan Seturan Tipe B Yogyakarta,1775000,"Ada jam malam untuk tamu,Akses 24 Jam,Denda kerusakan barang kos,Dilarang bawa hewan,Dilarang merokok di kamar,Kriteria umum,Lawan jenis dilarang ke kamar,Maks. 2 orang/ kamar,Tamu menginap dikenakan biaya","AC,Bantal,Guling,Kasur,Kursi,Lemari Baju,Meja,TV","CCTV,Dapur,Kulkas,R. Jemur,R. Tamu,WiFi","Parkir Mobil,Parkir Sepeda",ya,ya,tidak,Universitas Pembangunan Nasional Veteran Yogyakarta:694
https://mamikos.com/room/kost-kabupaten-sleman-kost-putra-murah-kost-singgahsini-cozy-sawitsari-6-tipe-a-condongcatur-yogyakarta-2?redirection_source=list%20kos%20result%20boundary,Kost Singgahsini Cozy Sawitsari 6 Tipe A Condongcatur Yogyakarta,900000,"Ada jam malam untuk tamu,Akses 24 Jam,Denda kerusakan barang kos,Dilarang bawa hewan,Dilarang merokok di kamar,Lawan jenis dilarang ke kamar,Maks. 2 orang/ kamar,Tambah biaya untuk alat elektronik,Tamu menginap dikenakan biaya,Wajib ikut piket","Bantal,Cermin,Jendela,Kasur,Lemari Baju","K. Mandi Luar,R. Tamu,WiFi",Parkir Mobil,ya,tidak,ya,Universitas Gadjah Mada:2030
https://mamikos.com/room/kost-sleman-kost-putri-eksklusif-kost-singgahsini-zazafifa-tipe-a-maguwoharjo-yogyakarta-2?redirection_source=list%20kos%20result%20boundary,Kost Singgahsini Zazafifa Tipe A Maguwoharjo Yogyakarta,1210000,"Ada jam malam untuk tamu,Akses 24 Jam,Denda kerusakan barang kos,Dilarang bawa hewan,Dilarang merokok di kamar,Lawan jenis dilarang ke kamar,Tamu dilarang menginap,Tidak boleh bawa anak,Tidak untuk pasutri","AC,Bantal,Cermin,Guling,Jendela,Kasur,Kursi,Lemari Baju,Meja,Wastafel","CCTV,Dapur,Jemuran,Penjaga Kos,R. Jemur,R. Tamu,WiFi",Parkir Motor & Sepeda,ya,ya,tidak,Universitas Pembangunan Nasional Veteran Yogyakarta:1571
https://mamikos.com/room/kost-kabupaten-sleman-kost-putra-eksklusif-kost-singgahsini-pramesthi-upn-tipe-a-yogyakarta?redirection_source=list%20kos%20result%20boundary,Kost Singgahsini Pramesthi UPN Tipe A Yogyakarta,1525000,"Ada jam malam untuk tamu,Akses 24 Jam,Denda kerusakan barang kos,Dilarang bawa hewan,Wajib ikut piket","AC,Bantal,Guling,Jendela,Kasur,Kulkas,Lemari Baju,Meja,TV,Ventilasi","CCTV,Dapur,Kulkas,Mesin Cuci,Penjaga Kos,R. Jemur,R. Makan,R. Tamu,TV,WiFi","Parkir Mobil,Parkir Sepeda",ya,tidak,ya,Universitas Negeri Yogyakarta:1671
https://mamikos.com/room/kost-sleman-kost-campur-eksklusif-kost-singgahsini-rumah-eyang-tipe-a-gejayan-yogyakarta-2?redirection_source=list%20kos%20result%20boundary,Kost Singgahsini Rumah Eyang Tipe A Gejayan Yogyakarta,1525000,"Ada jam malam,Ada jam malam untuk tamu,Boleh pasutri,Denda kerusakan barang kos,Dilarang bawa hewan,Dilarang merokok di kamar,Lawan jenis dilarang ke kamar,Maks. 2 orang/ kamar,Tamu boleh menginap,Tamu menginap dikenakan biaya,Tidak boleh bawa anak","AC,Bantal,Cermin,Guling,Jendela,Kasur,Kursi,Lemari Baju,Meja","Penjaga Kos,R. Tamu,WiFi","Parkir Mobil,Parkir Motor & Sepeda",ya,ya,tidak,Universitas Negeri Yogyakarta:1738
https://mamikos.com/room/kost-sleman-kost-putri-eksklusif-kost-singgahsini-omah-anggur-tipe-c-seturan-yogyakarta-1?redirection_source=list%20kos%20result%20boundary,Kost Singgahsini Omah Anggur Tipe C Seturan Yogyakarta,1825000,"Ada jam malam untuk tamu,Akses 24 Jam,Denda kerusakan barang kos,Dilarang merokok di kamar,Lawan jenis dilarang ke kamar,Maks. 2 orang/ kamar,Tamu menginap dikenakan biaya","AC,Bantal,Jendela,Kasur,Kursi,Lemari Baju,Meja,Ventilasi","Dapur,R. Tamu,WiFi","Parkir Mobil,Parkir Sepeda",ya,ya,tidak,Universitas Atma Jaya Yogyakarta:1131
https://mamikos.com/room/kost-kabupaten-sleman-kost-putri-eksklusif-kost-singgahsini-rumah-putih-tipe-b-mlati-yogyakarta?redirection_source=list%20kos%20result%20boundary,Kost Singgahsini Rumah Putih Tipe B Mlati Yogyakarta,1375000,"Akses 24 Jam,Dilarang bawa hewan,Lawan jenis dilarang ke kamar,Maks. 2 orang/ kamar","AC,Bantal,Cermin,Guling,Kasur,Kursi,Lemari Baju,Meja,TV","Dapur,Dispenser,K. Mandi Luar,Kulkas,Penjaga Kos,R. Cuci,R. Tamu,TV,WiFi","Parkir Mobil,Parkir Motor & Sepeda,Parkir Sepeda",ya,ya,tidak,Universitas Teknologi Yogyakarta:3116
https://mamikos.com/room/kost-sleman-kost-putri-murah-kost-apik-roemah-aisyah-tipe-a-yogyakarta-2?redirection_source=list%20kos%20result%20boundary,Kost Apik Roemah Aisyah Tipe A Yogyakarta,625000,"Ada jam malam untuk tamu,Akses 24 Jam,Denda kerusakan barang kos,Dilarang bawa hewan,Dilarang merokok di kamar,Lawan jenis dilarang ke kamar,Maks. 2 orang/ kamar,Tamu menginap dikenakan biaya,Tidak boleh bawa anak,Tidak untuk pasutri,Wajib ikut piket","Bantal,Cermin,Guling,Jendela,Kasur,Kipas Angin,Lemari Baju,Ventilasi","Dapur,Jemuran,K. Mandi Luar,Penjaga Kos,R. Jemur,R. Tamu,WiFi",Parkir Motor & Sepeda,tidak,tidak,ya,Sekolah Tinggi Ilmu Kesehatan Aisyiyah Yogyakarta:745
https://mamikos.com/room/kost-kabupaten-sleman-kost-putri-eksklusif-kost-singgahsini-putri-maoni-tipe-c-gejayan-yogyakarta?redirection_source=list%20kos%20result%20boundary,Kost Singgahsini Putri Maoni Tipe C Gejayan Yogyakarta,1845000,"Akses 24 Jam,Dilarang bawa hewan,Lawan jenis dilarang ke kamar,Maks. 2 orang/ kamar,Tamu boleh menginap","AC,Bantal,Cleaning service,Guling,Kasur,Kursi,Lemari Baju,Meja,Sofa,TV","Dapur,Dispenser,Penjaga Kos,R. Jemur,R. Keluarga,R. Santai,R. Tamu,Rice Cooker,WiFi","Parkir Mobil,Parkir Sepeda",ya,ya,tidak,Universitas Negeri Yogyakarta:1008
https://mamikos.com/room/kost-kabupaten-sleman-kost-campur-eksklusif-kost-singgahsini-dcherry-pakuwon-mall-tipe-b-yogyakarta-2?redirection_source=list%20kos%20result%20boundary,Kost Singgahsini DCherry Pakuwon Mall Tipe B Yogyakarta,2125000,"Ada jam malam untuk tamu,Akses 24 Jam,Boleh pasutri,Denda kerusakan barang kos,Dilarang bawa hewan,Dilarang merokok di kamar,Lawan jenis dilarang ke kamar,Maks. 2 orang/ kamar,Tamu menginap dikenakan biaya,Tidak boleh bawa anak","AC,Jendela,Kasur,Kulkas,Kursi,Lemari Baju,Meja,TV","CCTV,Kulkas,Penjaga Kos,R. Tamu,TV,WiFi","Parkir Mobil,Parkir Motor & Sepeda",ya,ya,tidak,Universitas Amikom Yogyakarta:1485
https://mamikos.com/room/kost-kabupaten-sleman-kost-putri-eksklusif-kost-singgahsini-wulandari-tipe-c-wedomartani-yogyakarta-2?redirection_source=list%20kos%20result%20boundary,Kost Singgahsini Wulandari Tipe C Wedomartani Yogyakarta,1325000,"Ada jam malam,Denda kerusakan barang kos,Dilarang bawa hewan,Dilarang menerima tamu,Dilarang merokok di kamar,Lawan jenis dilarang ke kamar,Tamu dilarang menginap,Tidak boleh bawa anak,Tidak untuk pasutri","AC,Jendela,Kasur,Kursi,Lemari Baju,Meja","CCTV,Dapur,Mushola,Penjaga Kos,R. Jemur,R. Makan,R. Tamu,Rooftop,WiFi","Parkir Mobil,Parkir Motor & Sepeda",ya,ya,tidak,Universitas Amikom Yogyakarta:1662
https://mamikos.com/room/kost-kabupaten-sleman-kost-putri-murah-kost-apik-pondok-trio-tipe-c-maguwoharjo-yogyakarta--1?redirection_source=list%20kos%20result%20boundary,Kost Apik Pondok Trio Tipe C Maguwoharjo Yogyakarta,875000,"Ada jam malam,Dilarang bawa hewan,Lawan jenis dilarang ke kamar,Maks. 2 orang/ kamar,Tamu menginap dikenakan biaya","Bantal,Jendela,Kasur,Lemari Baju","Dapur,K. Mandi Luar,Penjaga Kos,R. Cuci,R. Tamu,WiFi","Parkir Mobil,Parkir Motor & Sepeda,Parkir Sepeda",tidak,ya,tidak,Universitas Pembangunan Nasional Veteran Yogyakarta:1562
https://mamikos.com/room/kost-sleman-kost-putri-eksklusif-kost-singgahsini-zazafifa-tipe-a-maguwoharjo-yogyakarta-2?redirection_source=list%20kos%20result%20boundary,Kost Singgahsini Zazafifa Tipe A Maguwoharjo Yogyakarta,1210000,"Ada jam malam untuk tamu,Akses 24 Jam,Denda kerusakan barang kos,Dilarang bawa hewan,Dilarang merokok di kamar,Lawan jenis dilarang ke kamar,Tamu dilarang menginap,Tidak boleh bawa anak,Tidak untuk pasutri","AC,Bantal,Cermin,Guling,Jendela,Kasur,Kursi,Lemari Baju,Meja,Wastafel","CCTV,Dapur,Jemuran,Penjaga Kos,R. Jemur,R. Tamu,WiFi",Parkir Motor & Sepeda,ya,ya,tidak,Universitas Pembangunan Nasional Veteran Yogyakarta:1571
https://mamikos.com/room/kost-kabupaten-sleman-kost-putra-eksklusif-kost-singgahsini-pramesthi-upn-tipe-a-yogyakarta?redirection_source=list%20kos%20result%20boundary,Kost Singgahsini Pramesthi UPN Tipe A Yogyakarta,1525000,"Ada jam malam untuk tamu,Akses 24 Jam,Denda kerusakan barang kos,Dilarang bawa hewan,Wajib ikut piket","AC,Bantal,Guling,Jendela,Kasur,Kulkas,Lemari Baju,Meja,TV,Ventilasi","CCTV,Dapur,Kulkas,Mesin Cuci,Penjaga Kos,R. Jemur,R. Makan,R. Tamu,TV,WiFi","Parkir Mobil,Parkir Sepeda",ya,tidak,ya,Universitas Negeri Yogyakarta:1671
https://mamikos.com/room/kost-kabupaten-sleman-kost-putri-murah-kost-pojokan-tipe-a-depok-sleman?redirection_source=list%20kos%20result%20boundary,Kost Pojokan Tipe A Depok Sleman,700000,"Ada jam malam untuk tamu,Akses 24 Jam,Harga termasuk listrik (sewa harian),Kamar hanya bagi penyewa,Kriteria umum,Lawan jenis dilarang ke kamar,Maks. 1 orang/ kamar,Tamu bebas berkunjung","Jendela,Kasur,Lemari Baju,Ventilasi","Balcon,Dapur,Jemuran,R. Jemur,R. Tamu,WiFi","Parkir Motor,Parkir Motor & Sepeda",tidak,ya,ya,Universitas Amikom Yogyakarta:1922
https://mamikos.com/room/kost-kabupaten-sleman-kost-putri-eksklusif-kost-syariah-griya-almira-1-ngaglik-sleman-2?redirection_source=list%20kos%20result%20boundary,Kost Syariah Griya Almira 1 Ngaglik Sleman,1350000,"Ada jam malam,Ada jam malam untuk tamu,Dilarang bawa hewan,Dilarang merokok di kamar,Khusus Mahasiswa,Lawan jenis dilarang ke kamar,Maks. 1 orang/ kamar","AC,Bantal,Cermin,Guling,Jendela,Kasur,Kulkas,Kursi,Lemari Baju,Meja,TV,Ventilasi,Wastafel","Balcon,CCTV,Dapur,Jemuran,Jual Makanan,Kulkas,Mesin Cuci,Pengurus Kos,Penjaga Kos,R. Cuci,R. Jemur,R. Makan,R. Santai,R. Tamu,TV,WiFi","Parkir Mobil,Parkir Motor,Parkir Sepeda",ya,ya,tidak,Universitas Islam Indonesia:2102
https://mamikos.com/room/kost-kabupaten-sleman-kost-putri-eksklusif-kost-singgahsini-rumah-putih-tipe-b-mlati-yogyakarta?redirection_source=list%20kos%20result%20boundary,Kost Singgahsini Rumah Putih Tipe B Mlati Yogyakarta,1375000,"Akses 24 Jam,Dilarang bawa hewan,Lawan jenis dilarang ke kamar,Maks. 2 orang/ kamar","AC,Bantal,Cermin,Guling,Kasur,Kursi,Lemari Baju,Meja,TV","Dapur,Dispenser,K. Mandi Luar,Kulkas,Penjaga Kos,R. Cuci,R. Tamu,TV,WiFi","Parkir Mobil,Parkir Motor & Sepeda,Parkir Sepeda",ya,ya,tidak,Universitas Teknologi Yogyakarta:3116
https://mamikos.com/room/kost-sleman-kost-putri-murah-kost-apik-roemah-aisyah-tipe-a-yogyakarta-2?redirection_source=list%20kos%20result%20boundary,Kost Apik Roemah Aisyah Tipe A Yogyakarta,625000,"Ada jam malam untuk tamu,Akses 24 Jam,Denda kerusakan barang kos,Dilarang bawa hewan,Dilarang merokok di kamar,Lawan jenis dilarang ke kamar,Maks. 2 orang/ kamar,Tamu menginap dikenakan biaya,Tidak boleh bawa anak,Tidak untuk pasutri,Wajib ikut piket","Bantal,Cermin,Guling,Jendela,Kasur,Kipas Angin,Lemari Baju,Ventilasi","Dapur,Jemuran,K. Mandi Luar,Penjaga Kos,R. Jemur,R. Tamu,WiFi",Parkir Motor & Sepeda,tidak,tidak,ya,Sekolah Tinggi Ilmu Kesehatan Aisyiyah Yogyakarta:745
https://mamikos.com/room/kost-kabupaten-sleman-kost-putri-eksklusif-kost-singgahsini-putri-maoni-tipe-c-gejayan-yogyakarta?redirection_source=list%20kos%20result%20boundary,Kost Singgahsini Putri Maoni Tipe C Gejayan Yogyakarta,1845000,"Akses 24 Jam,Dilarang bawa hewan,Lawan jenis dilarang ke kamar,Maks. 2 orang/ kamar,Tamu boleh menginap","AC,Bantal,Cleaning service,Guling,Kasur,Kursi,Lemari Baju,Meja,Sofa,TV","Dapur,Dispenser,Penjaga Kos,R. Jemur,R. Keluarga,R. Santai,R. Tamu,Rice Cooker,WiFi","Parkir Mobil,Parkir Sepeda",ya,ya,tidak,Universitas Negeri Yogyakarta:1008
https://mamikos.com/room/kost-kabupaten-sleman-kost-campur-eksklusif-kost-singgahsini-dcherry-pakuwon-mall-tipe-b-yogyakarta-2?redirection_source=list%20kos%20result%20boundary,Kost Singgahsini DCherry Pakuwon Mall Tipe B Yogyakarta,2125000,"Ada jam malam untuk tamu,Akses 24 Jam,Boleh pasutri,Denda kerusakan barang kos,Dilarang bawa hewan,Dilarang merokok di kamar,Lawan jenis dilarang ke kamar,Maks. 2 orang/ kamar,Tamu menginap dikenakan biaya,Tidak boleh bawa anak","AC,Jendela,Kasur,Kulkas,Kursi,Lemari Baju,Meja,TV","CCTV,Kulkas,Penjaga Kos,R. Tamu,TV,WiFi","Parkir Mobil,Parkir Motor & Sepeda",ya,ya,tidak,Universitas Amikom Yogyakarta:1485
https://mamikos.com/room/kost-sleman-kost-campur-eksklusif-kost-singgahsini-rien-house-tipe-a-condongcatur-yogyakarta?redirection_source=list%20kos%20result%20boundary,Kost Singgahsini Rien House Tipe A Condongcatur Yogyakarta,1725000,"Akses 24 Jam,Boleh pasutri,Dilarang bawa hewan,Lawan jenis dilarang ke kamar,Maks. 2 orang/ kamar","AC,Cleaning service,Kasur,Kursi,Lemari Baju,Meja,TV","Dapur,Penjaga Kos,R. Keluarga,R. Santai,R. Tamu,Taman,WiFi",Parkir Mobil,ya,ya,tidak,Universitas Amikom Yogyakarta:680
https://mamikos.com/room/kost-kabupaten-sleman-kost-putri-murah-kost-pojokan-tipe-a-depok-sleman?redirection_source=list%20kos%20result%20boundary,Kost Pojokan Tipe A Depok Sleman,700000,"Ada jam malam untuk tamu,Akses 24 Jam,Harga termasuk listrik (sewa harian),Kamar hanya bagi penyewa,Kriteria umum,Lawan jenis dilarang ke kamar,Maks. 1 orang/ kamar,Tamu bebas berkunjung","Jendela,Kasur,Lemari Baju,Ventilasi","Balcon,Dapur,Jemuran,R. Jemur,R. Tamu,WiFi","Parkir Motor,Parkir Motor & Sepeda",tidak,ya,ya,Universitas Amikom Yogyakarta:1922
https://mamikos.com/room/kost-kabupaten-sleman-kost-putri-eksklusif-kost-syariah-griya-almira-1-ngaglik-sleman-2?redirection_source=list%20kos%20result%20boundary,Kost Syariah Griya Almira 1 Ngaglik Sleman,1350000,"Ada jam malam,Ada jam malam untuk tamu,Dilarang bawa hewan,Dilarang merokok di kamar,Khusus Mahasiswa,Lawan jenis dilarang ke kamar,Maks. 1 orang/ kamar","AC,Bantal,Cermin,Guling,Jendela,Kasur,Kulkas,Kursi,Lemari Baju,Meja,TV,Ventilasi,Wastafel","Balcon,CCTV,Dapur,Jemuran,Jual Makanan,Kulkas,Mesin Cuci,Pengurus Kos,Penjaga Kos,R. Cuci,R. Jemur,R. Makan,R. Santai,R. Tamu,TV,WiFi","Parkir Mobil,Parkir Motor,Parkir Sepeda",ya,ya,tidak,Universitas Islam Indonesia:2102
https://mamikos.com/room/kost-kabupaten-sleman-kost-putri-eksklusif-kost-singgahsini-rumah-putih-tipe-b-mlati-yogyakarta?redirection_source=list%20kos%20result%20boundary,Kost Singgahsini Rumah Putih Tipe B Mlati Yogyakarta,1375000,"Akses 24 Jam,Dilarang bawa hewan,Lawan jenis dilarang ke kamar,Maks. 2 orang/ kamar","AC,Bantal,Cermin,Guling,Kasur,Kursi,Lemari Baju,Meja,TV","Dapur,Dispenser,K. Mandi Luar,Kulkas,Penjaga Kos,R. Cuci,R. Tamu,TV,WiFi","Parkir Mobil,Parkir Motor & Sepeda,Parkir Sepeda",ya,ya,tidak,Universitas Teknologi Yogyakarta:3116
https://mamikos.com/room/kost-sleman-kost-putri-murah-kost-apik-roemah-aisyah-tipe-a-yogyakarta-2?redirection_source=list%20kos%20result%20boundary,Kost Apik Roemah Aisyah Tipe A Yogyakarta,625000,"Ada jam malam untuk tamu,Akses 24 Jam,Denda kerusakan barang kos,Dilarang bawa hewan,Dilarang merokok di kamar,Lawan jenis dilarang ke kamar,Maks. 2 orang/ kamar,Tamu menginap dikenakan biaya,Tidak boleh bawa anak,Tidak untuk pasutri,Wajib ikut piket","Bantal,Cermin,Guling,Jendela,Kasur,Kipas Angin,Lemari Baju,Ventilasi","Dapur,Jemuran,K. Mandi Luar,Penjaga Kos,R. Jemur,R. Tamu,WiFi",Parkir Motor & Sepeda,tidak,tidak,ya,Sekolah Tinggi Ilmu Kesehatan Aisyiyah Yogyakarta:745
https://mamikos.com/room/kost-kabupaten-sleman-kost-putri-eksklusif-kost-singgahsini-putri-maoni-tipe-c-gejayan-yogyakarta?redirection_source=list%20kos%20result%20boundary,Kost Singgahsini Putri Maoni Tipe C Gejayan Yogyakarta,1845000,"Akses 24 Jam,Dilarang bawa hewan,Lawan jenis dilarang ke kamar,Maks. 2 orang/ kamar,Tamu boleh menginap","AC,Bantal,Cleaning service,Guling,Kasur,Kursi,Lemari Baju,Meja,Sofa,TV","Dapur,Dispenser,Penjaga Kos,R. Jemur,R. Keluarga,R. Santai,R. Tamu,Rice Cooker,WiFi","Parkir Mobil,Parkir Sepeda",ya,ya,tidak,Universitas Negeri Yogyakarta:1008
https://mamikos.com/room/kost-kabupaten-sleman-kost-campur-eksklusif-kost-singgahsini-dcherry-pakuwon-mall-tipe-b-yogyakarta-2?redirection_source=list%20kos%20result%20boundary,Kost Singgahsini DCherry Pakuwon Mall Tipe B Yogyakarta,2125000,"Ada jam malam untuk tamu,Akses 24 Jam,Boleh pasutri,Denda kerusakan barang kos,Dilarang bawa hewan,Dilarang merokok di kamar,Lawan jenis dilarang ke kamar,Maks. 2 orang/ kamar,Tamu menginap dikenakan biaya,Tidak boleh bawa anak","AC,Jendela,Kasur,Kulkas,Kursi,Lemari Baju,Meja,TV","CCTV,Kulkas,Penjaga Kos,R. Tamu,TV,WiFi","Parkir Mobil,Parkir Motor & Sepeda",ya,ya,tidak,Universitas Amikom Yogyakarta:1485
https://mamikos.com/room/kost-kabupaten-sleman-kost-putri-eksklusif-kost-singgahsini-wulandari-tipe-c-wedomartani-yogyakarta-2?redirection_source=list%20kos%20result%20boundary,Kost Singgahsini Wulandari Tipe C Wedomartani Yogyakarta,1325000,"Ada jam malam,Denda kerusakan barang kos,Dilarang bawa hewan,Dilarang menerima tamu,Dilarang merokok di kamar,Lawan jenis dilarang ke kamar,Tamu dilarang menginap,Tidak boleh bawa anak,Tidak untuk pasutri","AC,Jendela,Kasur,Kursi,Lemari Baju,Meja","CCTV,Dapur,Mushola,Penjaga Kos,R. Jemur,R. Makan,R. Tamu,Rooftop,WiFi","Parkir Mobil,Parkir Motor & Sepeda",ya,ya,tidak,Universitas Amikom Yogyakarta:1662
https://mamikos.com/room/kost-sleman-kost-campur-eksklusif-kost-singgahsini-rien-house-tipe-a-condongcatur-yogyakarta?redirection_source=list%20kos%20result%20boundary,Kost Singgahsini Rien House Tipe A Condongcatur Yogyakarta,1725000,"Akses 24 Jam,Boleh pasutri,Dilarang bawa hewan,Lawan jenis dilarang ke kamar,Maks. 2 orang/ kamar","AC,Cleaning service,Kasur,Kursi,Lemari Baju,Meja,TV","Dapur,Penjaga Kos,R. Keluarga,R. Santai,R. Tamu,Taman,WiFi",Parkir Mobil,ya,ya,tidak,Universitas Amikom Yogyakarta:680
https://mamikos.com/room/kost-kabupaten-sleman-kost-putri-murah-kost-pojokan-tipe-a-depok-sleman?redirection_source=list%20kos%20result%20boundary,Kost Pojokan Tipe A Depok Sleman,700000,"Ada jam malam untuk tamu,Akses 24 Jam,Harga termasuk listrik (sewa harian),Kamar hanya bagi penyewa,Kriteria umum,Lawan jenis dilarang ke kamar,Maks. 1 orang/ kamar,Tamu bebas berkunjung","Jendela,Kasur,Lemari Baju,Ventilasi","Balcon,Dapur,Jemuran,R. Jemur,R. Tamu,WiFi","Parkir Motor,Parkir Motor & Sepeda",tidak,ya,ya,Universitas Amikom Yogyakarta:1922
https://mamikos.com/room/kost-kabupaten-sleman-kost-putri-eksklusif-kost-syariah-griya-almira-1-ngaglik-sleman-2?redirection_source=list%20kos%20result%20boundary,Kost Syariah Griya Almira 1 Ngaglik Sleman,1350000,"Ada jam malam,Ada jam malam untuk tamu,Dilarang bawa hewan,Dilarang merokok di kamar,Khusus Mahasiswa,Lawan jenis dilarang ke kamar,Maks. 1 orang/ kamar","AC,Bantal,Cermin,Guling,Jendela,Kasur,Kulkas,Kursi,Lemari Baju,Meja,TV,Ventilasi,Wastafel","Balcon,CCTV,Dapur,Jemuran,Jual Makanan,Kulkas,Mesin Cuci,Pengurus Kos,Penjaga Kos,R. Cuci,R. Jemur,R. Makan,R. Santai,R. Tamu,TV,WiFi","Parkir Mobil,Parkir Motor,Parkir Sepeda",ya,ya,tidak,Universitas Islam Indonesia:2102
https://mamikos.com/room/kost-kabupaten-sleman-kost-putri-eksklusif-kost-singgahsini-rumah-putih-tipe-b-mlati-yogyakarta?redirection_source=list%20kos%20result%20boundary,Kost Singgahsini Rumah Putih Tipe B Mlati Yogyakarta,1375000,"Akses 24 Jam,Dilarang bawa hewan,Lawan jenis dilarang ke kamar,Maks. 2 orang/ kamar","AC,Bantal,Cermin,Guling,Kasur,Kursi,Lemari Baju,Meja,TV","Dapur,Dispenser,K. Mandi Luar,Kulkas,Penjaga Kos,R. Cuci,R. Tamu,TV,WiFi","Parkir Mobil,Parkir Motor & Sepeda,Parkir Sepeda",ya,ya,tidak,Universitas Teknologi Yogyakarta:3116
https://mamikos.com/room/kost-sleman-kost-putri-murah-kost-apik-roemah-aisyah-tipe-a-yogyakarta-2?redirection_source=list%20kos%20result%20boundary,Kost Apik Roemah Aisyah Tipe A Yogyakarta,625000,"Ada jam malam untuk tamu,Akses 24 Jam,Denda kerusakan barang kos,Dilarang bawa hewan,Dilarang merokok di kamar,Lawan jenis dilarang ke kamar,Maks. 2 orang/ kamar,Tamu menginap dikenakan biaya,Tidak boleh bawa anak,Tidak untuk pasutri,Wajib ikut piket","Bantal,Cermin,Guling,Jendela,Kasur,Kipas Angin,Lemari Baju,Ventilasi","Dapur,Jemuran,K. Mandi Luar,Penjaga Kos,R. Jemur,R. Tamu,WiFi",Parkir Motor & Sepeda,tidak,tidak,ya,Sekolah Tinggi Ilmu Kesehatan Aisyiyah Yogyakarta:745
https://mamikos.com/room/kost-kabupaten-sleman-kost-putri-eksklusif-kost-singgahsini-putri-maoni-tipe-c-gejayan-yogyakarta?redirection_source=list%20kos%20result%20boundary,Kost Singgahsini Putri Maoni Tipe C Gejayan Yogyakarta,1845000,"Akses 24 Jam,Dilarang bawa hewan,Lawan jenis dilarang ke kamar,Maks. 2 orang/ kamar,Tamu boleh menginap","AC,Bantal,Cleaning service,Guling,Kasur,Kursi,Lemari Baju,Meja,Sofa,TV","Dapur,Dispenser,Penjaga Kos,R. Jemur,R. Keluarga,R. Santai,R. Tamu,Rice Cooker,WiFi","Parkir Mobil,Parkir Sepeda",ya,ya,tidak,Universitas Negeri Yogyakarta:1008
https://mamikos.com/room/kost-sleman-kost-putri-murah-kost-apik-roemah-aisyah-tipe-a-yogyakarta-2?redirection_source=list%20kos%20result%20boundary,Kost Apik Roemah Aisyah Tipe A Yogyakarta,625000,"Ada jam malam untuk tamu,Akses 24 Jam,Denda kerusakan barang kos,Dilarang bawa hewan,Dilarang merokok di kamar,Lawan jenis dilarang ke kamar,Maks. 2 orang/ kamar,Tamu menginap dikenakan biaya,Tidak boleh bawa anak,Tidak untuk pasutri,Wajib ikut piket","Bantal,Cermin,Guling,Jendela,Kasur,Kipas Angin,Lemari Baju,Ventilasi","Dapur,Jemuran,K. Mandi Luar,Penjaga Kos,R. Jemur,R. Tamu,WiFi",Parkir Motor & Sepeda,tidak,tidak,ya,Sekolah Tinggi Ilmu Kesehatan Aisyiyah Yogyakarta:745
https://mamikos.com/room/kost-kabupaten-sleman-kost-putri-eksklusif-kost-singgahsini-putri-maoni-tipe-c-gejayan-yogyakarta?redirection_source=list%20kos%20result%20boundary,Kost Singgahsini Putri Maoni Tipe C Gejayan Yogyakarta,1845000,"Akses 24 Jam,Dilarang bawa hewan,Lawan jenis dilarang ke kamar,Maks. 2 orang/ kamar,Tamu boleh menginap","AC,Bantal,Cleaning service,Guling,Kasur,Kursi,Lemari Baju,Meja,Sofa,TV","Dapur,Dispenser,Penjaga Kos,R. Jemur,R. Keluarga,R. Santai,R. Tamu,Rice Cooker,WiFi","Parkir Mobil,Parkir Sepeda",ya,ya,tidak,Universitas Negeri Yogyakarta:1008
https://mamikos.com/room/kost-kabupaten-sleman-kost-campur-eksklusif-kost-singgahsini-dcherry-pakuwon-mall-tipe-b-yogyakarta-2?redirection_source=list%20kos%20result%20boundary,Kost Singgahsini DCherry Pakuwon Mall Tipe B Yogyakarta,2125000,"Ada jam malam untuk tamu,Akses 24 Jam,Boleh pasutri,Denda kerusakan barang kos,Dilarang bawa hewan,Dilarang merokok di kamar,Lawan jenis dilarang ke kamar,Maks. 2 orang/ kamar,Tamu menginap dikenakan biaya,Tidak boleh bawa anak","AC,Jendela,Kasur,Kulkas,Kursi,Lemari Baju,Meja,TV","CCTV,Kulkas,Penjaga Kos,R. Tamu,TV,WiFi","Parkir Mobil,Parkir Motor & Sepeda",ya,ya,tidak,Universitas Amikom Yogyakarta:1485
https://mamikos.com/room/kost-kabupaten-sleman-kost-putri-eksklusif-kost-singgahsini-wulandari-tipe-c-wedomartani-yogyakarta-2?redirection_source=list%20kos%20result%20boundary,Kost Singgahsini Wulandari Tipe C Wedomartani Yogyakarta,1325000,"Ada jam malam,Denda kerusakan barang kos,Dilarang bawa hewan,Dilarang menerima tamu,Dilarang merokok di kamar,Lawan jenis dilarang ke kamar,Tamu dilarang menginap,Tidak boleh bawa anak,Tidak untuk pasutri","AC,Jendela,Kasur,Kursi,Lemari Baju,Meja","CCTV,Dapur,Mushola,Penjaga Kos,R. Jemur,R. Makan,R. Tamu,Rooftop,WiFi","Parkir Mobil,Parkir Motor & Sepeda",ya,ya,tidak,Universitas Amikom Yogyakarta:1662
https://mamikos.com/room/kost-kabupaten-sleman-kost-putri-murah-kost-apik-pondok-trio-tipe-c-maguwoharjo-yogyakarta--1?redirection_source=list%20kos%20result%20boundary,Kost Apik Pondok Trio Tipe C Maguwoharjo Yogyakarta,875000,"Ada jam malam,Dilarang bawa hewan,Lawan jenis dilarang ke kamar,Maks. 2 orang/ kamar,Tamu menginap dikenakan biaya","Bantal,Jendela,Kasur,Lemari Baju","Dapur,K. Mandi Luar,Penjaga Kos,R. Cuci,R. Tamu,WiFi","Parkir Mobil,Parkir Motor & Sepeda,Parkir Sepeda",tidak,ya,tidak,Universitas Pembangunan Nasional Veteran Yogyakarta:1562
https://mamikos.com/room/kost-sleman-kost-putri-eksklusif-kost-singgahsini-zazafifa-tipe-a-maguwoharjo-yogyakarta-2?redirection_source=list%20kos%20result%20boundary,Kost Singgahsini Zazafifa Tipe A Maguwoharjo Yogyakarta,1210000,"Ada jam malam untuk tamu,Akses 24 Jam,Denda kerusakan barang kos,Dilarang bawa hewan,Dilarang merokok di kamar,Lawan jenis dilarang ke kamar,Tamu dilarang menginap,Tidak boleh bawa anak,Tidak untuk pasutri","AC,Bantal,Cermin,Guling,Jendela,Kasur,Kursi,Lemari Baju,Meja,Wastafel","CCTV,Dapur,Jemuran,Penjaga Kos,R. Jemur,R. Tamu,WiFi",Parkir Motor & Sepeda,ya,ya,tidak,Universitas Pembangunan Nasional Veteran Yogyakarta:1571
https://mamikos.com/room/kost-sleman-kost-putri-eksklusif-kost-singgahsini-zazafifa-tipe-a-maguwoharjo-yogyakarta-2?redirection_source=list%20kos%20result%20boundary,Kost Singgahsini Zazafifa Tipe A Maguwoharjo Yogyakarta,1210000,"Ada jam malam untuk tamu,Akses 24 Jam,Denda kerusakan barang kos,Dilarang bawa hewan,Dilarang merokok di kamar,Lawan jenis dilarang ke kamar,Tamu dilarang menginap,Tidak boleh bawa anak,Tidak untuk pasutri","AC,Bantal,Cermin,Guling,Jendela,Kasur,Kursi,Lemari Baju,Meja,Wastafel","CCTV,Dapur,Jemuran,Penjaga Kos,R. Jemur,R. Tamu,WiFi",Parkir Motor & Sepeda,ya,ya,tidak,Universitas Pembangunan Nasional Veteran Yogyakarta:1571
https://mamikos.com/room/kost-kabupaten-sleman-kost-putra-eksklusif-kost-singgahsini-pramesthi-upn-tipe-a-yogyakarta?redirection_source=list%20kos%20result%20boundary,Kost Singgahsini Pramesthi UPN Tipe A Yogyakarta,1525000,"Ada jam malam untuk tamu,Akses 24 Jam,Denda kerusakan barang kos,Dilarang bawa hewan,Wajib ikut piket","AC,Bantal,Guling,Jendela,Kasur,Kulkas,Lemari Baju,Meja,TV,Ventilasi","CCTV,Dapur,Kulkas,Mesin Cuci,Penjaga Kos,R. Jemur,R. Makan,R. Tamu,TV,WiFi","Parkir Mobil,Parkir Sepeda",ya,tidak,ya,Universitas Negeri Yogyakarta:1671
https://mamikos.com/room/kost-sleman-kost-campur-eksklusif-kost-singgahsini-rumah-eyang-tipe-a-gejayan-yogyakarta-2?redirection_source=list%20kos%20result%20boundary,Kost Singgahsini Rumah Eyang Tipe A Gejayan Yogyakarta,1525000,"Ada jam malam,Ada jam malam untuk tamu,Boleh pasutri,Denda kerusakan barang kos,Dilarang bawa hewan,Dilarang merokok di kamar,Lawan jenis dilarang ke kamar,Maks. 2 orang/ kamar,Tamu boleh menginap,Tamu menginap dikenakan biaya,Tidak boleh bawa anak","AC,Bantal,Cermin,Guling,Jendela,Kasur,Kursi,Lemari Baju,Meja","Penjaga Kos,R. Tamu,WiFi","Parkir Mobil,Parkir Motor & Sepeda",ya,ya,tidak,Universitas Negeri Yogyakarta:1738
https://mamikos.com/room/kost-sleman-kost-putri-eksklusif-kost-singgahsini-omah-anggur-tipe-c-seturan-yogyakarta-1?redirection_source=list%20kos%20result%20boundary,Kost Singgahsini Omah Anggur Tipe C Seturan Yogyakarta,1825000,"Ada jam malam untuk tamu,Akses 24 Jam,Denda kerusakan barang kos,Dilarang merokok di kamar,Lawan jenis dilarang ke kamar,Maks. 2 orang/ kamar,Tamu menginap dikenakan biaya","AC,Bantal,Jendela,Kasur,Kursi,Lemari Baju,Meja,Ventilasi","Dapur,R. Tamu,WiFi","Parkir Mobil,Parkir Sepeda",ya,ya,tidak,Universitas Atma Jaya Yogyakarta:1131
https://mamikos.com/room/kost-kabupaten-sleman-kost-campur-murah-kost-carolus-ngaglik-sleman?redirection_source=list%20kos%20result%20boundary,Kost Carolus Ngaglik Sleman,750000,"Ada jam malam untuk tamu,Denda kerusakan barang kos,Dilarang bawa hewan,Kamar hanya bagi penyewa,Kriteria umum,Lawan jenis dilarang ke kamar,Maks. 1 orang/ kamar,Menunjukan bukti (-) Swab saat check-in,Tambah biaya untuk alat elektronik,Tamu dilarang menginap,Tidak bisa DP (sewa harian),Tidak boleh bawa anak,Tidak untuk pasutri","Kasur,Lemari Baju,Meja,Ventilasi","Jemuran,R. Jemur,R. Tamu,WiFi","Parkir Mobil,Parkir Motor,Parkir Motor & Sepeda,Parkir Sepeda",tidak,tidak,tidak,Sekolah Tinggi Ilmu Manajemen Ykpn:1962
https://mamikos.com/room/kost-kabupaten-sleman-kost-putri-eksklusif-kost-livingkoost-depok-sleman?redirection_source=list%20kos%20result%20boundary,Kost Livingkoost Depok Sleman,1900000,,"AC,Bantal,Cleaning service,Guling,Jendela,Kasur,Kursi,Ventilasi","Balcon,CCTV,Dapur,Dispenser,Jemuran,Kulkas,Penjaga Kos,R. Cuci,R. Jemur,R. Santai,R. Tamu,WiFi","Parkir Mobil,Parkir Motor,Parkir Motor & Sepeda,Parkir Sepeda",ya,ya,tidak,Universitas Gadjah Mada:1272
https://mamikos.com/room/kost-sleman-kost-campur-eksklusif-kost-singgahsini-rien-house-tipe-a-condongcatur-yogyakarta?redirection_source=list%20kos%20result%20boundary,Kost Singgahsini Rien House Tipe A Condongcatur Yogyakarta,1725000,"Akses 24 Jam,Boleh pasutri,Dilarang bawa hewan,Lawan jenis dilarang ke kamar,Maks. 2 orang/ kamar","AC,Cleaning service,Kasur,Kursi,Lemari Baju,Meja,TV","Dapur,Penjaga Kos,R. Keluarga,R. Santai,R. Tamu,Taman,WiFi",Parkir Mobil,ya,ya,tidak,Universitas Amikom Yogyakarta:680
https://mamikos.com/room/kost-kabupaten-sleman-kost-putri-murah-kost-pojokan-tipe-a-depok-sleman?redirection_source=list%20kos%20result%20boundary,Kost Pojokan Tipe A Depok Sleman,700000,"Ada jam malam untuk tamu,Akses 24 Jam,Harga termasuk listrik (sewa harian),Kamar hanya bagi penyewa,Kriteria umum,Lawan jenis dilarang ke kamar,Maks. 1 orang/ kamar,Tamu bebas berkunjung","Jendela,Kasur,Lemari Baju,Ventilasi","Balcon,Dapur,Jemuran,R. Jemur,R. Tamu,WiFi","Parkir Motor,Parkir Motor & Sepeda",tidak,ya,ya,Universitas Amikom Yogyakarta:1922
https://mamikos.com/room/kost-kabupaten-sleman-kost-putri-eksklusif-kost-syariah-griya-almira-1-ngaglik-sleman-2?redirection_source=list%20kos%20result%20boundary,Kost Syariah Griya Almira 1 Ngaglik Sleman,1350000,"Ada jam malam,Ada jam malam untuk tamu,Dilarang bawa hewan,Dilarang merokok di kamar,Khusus Mahasiswa,Lawan jenis dilarang ke kamar,Maks. 1 orang/ kamar","AC,Bantal,Cermin,Guling,Jendela,Kasur,Kulkas,Kursi,Lemari Baju,Meja,TV,Ventilasi,Wastafel","Balcon,CCTV,Dapur,Jemuran,Jual Makanan,Kulkas,Mesin Cuci,Pengurus Kos,Penjaga Kos,R. Cuci,R. Jemur,R. Makan,R. Santai,R. Tamu,TV,WiFi","Parkir Mobil,Parkir Motor,Parkir Sepeda",ya,ya,tidak,Universitas Islam Indonesia:2102
https://mamikos.com/room/kost-kabupaten-sleman-kost-putri-eksklusif-kost-singgahsini-rumah-putih-tipe-b-mlati-yogyakarta?redirection_source=list%20kos%20result%20boundary,Kost Singgahsini Rumah Putih Tipe B Mlati Yogyakarta,1375000,"Akses 24 Jam,Dilarang bawa hewan,Lawan jenis dilarang ke kamar,Maks. 2 orang/ kamar","AC,Bantal,Cermin,Guling,Kasur,Kursi,Lemari Baju,Meja,TV","Dapur,Dispenser,K. Mandi Luar,Kulkas,Penjaga Kos,R. Cuci,R. Tamu,TV,WiFi","Parkir Mobil,Parkir Motor & Sepeda,Parkir Sepeda",ya,ya,tidak,Universitas Teknologi Yogyakarta:3116
https://mamikos.com/room/kost-sleman-kost-putri-murah-kost-apik-roemah-aisyah-tipe-a-yogyakarta-2?redirection_source=list%20kos%20result%20boundary,Kost Apik Roemah Aisyah Tipe A Yogyakarta,625000,"Ada jam malam untuk tamu,Akses 24 Jam,Denda kerusakan barang kos,Dilarang bawa hewan,Dilarang merokok di kamar,Lawan jenis dilarang ke kamar,Maks. 2 orang/ kamar,Tamu menginap dikenakan biaya,Tidak boleh bawa anak,Tidak untuk pasutri,Wajib ikut piket","Bantal,Cermin,Guling,Jendela,Kasur,Kipas Angin,Lemari Baju,Ventilasi","Dapur,Jemuran,K. Mandi Luar,Penjaga Kos,R. Jemur,R. Tamu,WiFi",Parkir Motor & Sepeda,tidak,tidak,ya,Sekolah Tinggi Ilmu Kesehatan Aisyiyah Yogyakarta:745
https://mamikos.com/room/kost-kabupaten-sleman-kost-putri-eksklusif-kost-singgahsini-putri-maoni-tipe-c-gejayan-yogyakarta?redirection_source=list%20kos%20result%20boundary,Kost Singgahsini Putri Maoni Tipe C Gejayan Yogyakarta,1845000,"Akses 24 Jam,Dilarang bawa hewan,Lawan jenis dilarang ke kamar,Maks. 2 orang/ kamar,Tamu boleh menginap","AC,Bantal,Cleaning service,Guling,Kasur,Kursi,Lemari Baju,Meja,Sofa,TV","Dapur,Dispenser,Penjaga Kos,R. Jemur,R. Keluarga,R. Santai,R. Tamu,Rice Cooker,WiFi","Parkir Mobil,Parkir Sepeda",ya,ya,tidak,Universitas Negeri Yogyakarta:1008
https://mamikos.com/room/kost-kabupaten-sleman-kost-campur-eksklusif-kost-singgahsini-dcherry-pakuwon-mall-tipe-b-yogyakarta-2?redirection_source=list%20kos%20result%20boundary,Kost Singgahsini DCherry Pakuwon Mall Tipe B Yogyakarta,2125000,"Ada jam malam untuk tamu,Akses 24 Jam,Boleh pasutri,Denda kerusakan barang kos,Dilarang bawa hewan,Dilarang merokok di kamar,Lawan jenis dilarang ke kamar,Maks. 2 orang/ kamar,Tamu menginap dikenakan biaya,Tidak boleh bawa anak","AC,Jendela,Kasur,Kulkas,Kursi,Lemari Baju,Meja,TV","CCTV,Kulkas,Penjaga Kos,R. Tamu,TV,WiFi","Parkir Mobil,Parkir Motor & Sepeda",ya,ya,tidak,Universitas Amikom Yogyakarta:1485
https://mamikos.com/room/kost-sleman-kost-putri-eksklusif-kost-singgahsini-house-of-dyandra-tipe-a-yogyakarta-2?redirection_source=list%20kos%20result%20boundary,Kost Singgahsini House of Dyandra Tipe A Yogyakarta,1825000,"Ada jam malam,Ada jam malam untuk tamu,Denda kerusakan barang kos,Dilarang bawa hewan,Dilarang merokok di kamar,Lawan jenis dilarang ke kamar,Maks. 2 orang/ kamar,Tamu menginap dikenakan biaya,Tidak boleh bawa anak,Tidak untuk pasutri","AC,Bantal,Cermin,Jendela,Kasur,Kursi,Lemari Baju,Meja,TV","CCTV,Dapur,Dispenser,Jemuran,Kulkas,Penjaga Kos,R. Cuci,R. Jemur,R. Makan,R. Tamu,WiFi","Parkir Mobil,Parkir Motor & Sepeda",ya,ya,tidak,Universitas Amikom Yogyakarta:509
https://mamikos.com/room/kost-kabupaten-sleman-kost-putri-eksklusif-kost-singgahsini-wulandari-tipe-c-wedomartani-yogyakarta-2?redirection_source=list%20kos%20result%20boundary,Kost Singgahsini Wulandari Tipe C Wedomartani Yogyakarta,1325000,"Ada jam malam,Denda kerusakan barang kos,Dilarang bawa hewan,Dilarang menerima tamu,Dilarang merokok di kamar,Lawan jenis dilarang ke kamar,Tamu dilarang menginap,Tidak boleh bawa anak,Tidak untuk pasutri","AC,Jendela,Kasur,Kursi,Lemari Baju,Meja","CCTV,Dapur,Mushola,Penjaga Kos,R. Jemur,R. Makan,R. Tamu,Rooftop,WiFi","Parkir Mobil,Parkir Motor & Sepeda",ya,ya,tidak,Universitas Amikom Yogyakarta:1662
https://mamikos.com/room/kost-kabupaten-sleman-kost-putri-murah-kost-apik-pondok-trio-tipe-c-maguwoharjo-yogyakarta--1?redirection_source=list%20kos%20result%20boundary,Kost Apik Pondok Trio Tipe C Maguwoharjo Yogyakarta,875000,"Ada jam malam,Dilarang bawa hewan,Lawan jenis dilarang ke kamar,Maks. 2 orang/ kamar,Tamu menginap dikenakan biaya","Bantal,Jendela,Kasur,Lemari Baju","Dapur,K. Mandi Luar,Penjaga Kos,R. Cuci,R. Tamu,WiFi","Parkir Mobil,Parkir Motor & Sepeda,Parkir Sepeda",tidak,ya,tidak,Universitas Pembangunan Nasional Veteran Yogyakarta:1562
https://mamikos.com/room/kost-sleman-kost-putri-eksklusif-kost-singgahsini-zazafifa-tipe-a-maguwoharjo-yogyakarta-2?redirection_source=list%20kos%20result%20boundary,Kost Singgahsini Zazafifa Tipe A Maguwoharjo Yogyakarta,1210000,"Ada jam malam untuk tamu,Akses 24 Jam,Denda kerusakan barang kos,Dilarang bawa hewan,Dilarang merokok di kamar,Lawan jenis dilarang ke kamar,Tamu dilarang menginap,Tidak boleh bawa anak,Tidak untuk pasutri","AC,Bantal,Cermin,Guling,Jendela,Kasur,Kursi,Lemari Baju,Meja,Wastafel","CCTV,Dapur,Jemuran,Penjaga Kos,R. Jemur,R. Tamu,WiFi",Parkir Motor & Sepeda,ya,ya,tidak,Universitas Pembangunan Nasional Veteran Yogyakarta:1571
https://mamikos.com/room/kost-kabupaten-sleman-kost-putra-eksklusif-kost-singgahsini-pramesthi-upn-tipe-a-yogyakarta?redirection_source=list%20kos%20result%20boundary,Kost Singgahsini Pramesthi UPN Tipe A Yogyakarta,1525000,"Ada jam malam untuk tamu,Akses 24 Jam,Denda kerusakan barang kos,Dilarang bawa hewan,Wajib ikut piket","AC,Bantal,Guling,Jendela,Kasur,Kulkas,Lemari Baju,Meja,TV,Ventilasi","CCTV,Dapur,Kulkas,Mesin Cuci,Penjaga Kos,R. Jemur,R. Makan,R. Tamu,TV,WiFi","Parkir Mobil,Parkir Sepeda",ya,tidak,ya,Universitas Negeri Yogyakarta:1671
https://mamikos.com/room/kost-sleman-kost-campur-eksklusif-kost-singgahsini-rumah-eyang-tipe-a-gejayan-yogyakarta-2?redirection_source=list%20kos%20result%20boundary,Kost Singgahsini Rumah Eyang Tipe A Gejayan Yogyakarta,1525000,"Ada jam malam,Ada jam malam untuk tamu,Boleh pasutri,Denda kerusakan barang kos,Dilarang bawa hewan,Dilarang merokok di kamar,Lawan jenis dilarang ke kamar,Maks. 2 orang/ kamar,Tamu boleh menginap,Tamu menginap dikenakan biaya,Tidak boleh bawa anak","AC,Bantal,Cermin,Guling,Jendela,Kasur,Kursi,Lemari Baju,Meja","Penjaga Kos,R. Tamu,WiFi","Parkir Mobil,Parkir Motor & Sepeda",ya,ya,tidak,Universitas Negeri Yogyakarta:1738
https://mamikos.com/room/kost-kabupaten-sleman-kost-putra-murah-kost-singgahsini-cozy-sawitsari-6-tipe-a-condongcatur-yogyakarta-2?redirection_source=list%20kos%20result%20boundary,Kost Singgahsini Cozy Sawitsari 6 Tipe A Condongcatur Yogyakarta,900000,"Ada jam malam untuk tamu,Akses 24 Jam,Denda kerusakan barang kos,Dilarang bawa hewan,Dilarang merokok di kamar,Lawan jenis dilarang ke kamar,Maks. 2 orang/ kamar,Tambah biaya untuk alat elektronik,Tamu menginap dikenakan biaya,Wajib ikut piket","Bantal,Cermin,Jendela,Kasur,Lemari Baju","K. Mandi Luar,R. Tamu,WiFi",Parkir Mobil,ya,tidak,ya,Universitas Gadjah Mada:2030
https://mamikos.com/room/kost-kabupaten-sleman-kost-putri-eksklusif-kost-livingkoost-depok-sleman?redirection_source=list%20kos%20result%20boundary,Kost Livingkoost Depok Sleman,1900000,,"AC,Bantal,Cleaning service,Guling,Jendela,Kasur,Kursi,Ventilasi","Balcon,CCTV,Dapur,Dispenser,Jemuran,Kulkas,Penjaga Kos,R. Cuci,R. Jemur,R. Santai,R. Tamu,WiFi","Parkir Mobil,Parkir Motor,Parkir Motor & Sepeda,Parkir Sepeda",ya,ya,tidak,Universitas Gadjah Mada:1272
https://mamikos.com/room/kost-sleman-kost-campur-eksklusif-kost-singgahsini-rien-house-tipe-a-condongcatur-yogyakarta?redirection_source=list%20kos%20result%20boundary,Kost Singgahsini Rien House Tipe A Condongcatur Yogyakarta,1725000,"Akses 24 Jam,Boleh pasutri,Dilarang bawa hewan,Lawan jenis dilarang ke kamar,Maks. 2 orang/ kamar","AC,Cleaning service,Kasur,Kursi,Lemari Baju,Meja,TV","Dapur,Penjaga Kos,R. Keluarga,R. Santai,R. Tamu,Taman,WiFi",Parkir Mobil,ya,ya,tidak,Universitas Amikom Yogyakarta:680
https://mamikos.com/room/kost-kabupaten-sleman-kost-putri-murah-kost-pojokan-tipe-a-depok-sleman?redirection_source=list%20kos%20result%20boundary,Kost Pojokan Tipe A Depok Sleman,700000,"Ada jam malam untuk tamu,Akses 24 Jam,Harga termasuk listrik (sewa harian),Kamar hanya bagi penyewa,Kriteria umum,Lawan jenis dilarang ke kamar,Maks. 1 orang/ kamar,Tamu bebas berkunjung","Jendela,Kasur,Lemari Baju,Ventilasi","Balcon,Dapur,Jemuran,R. Jemur,R. Tamu,WiFi","Parkir Motor,Parkir Motor & Sepeda",tidak,ya,ya,Universitas Amikom Yogyakarta:1922
https://mamikos.com/room/kost-kabupaten-sleman-kost-putri-eksklusif-kost-syariah-griya-almira-1-ngaglik-sleman-2?redirection_source=list%20kos%20result%20boundary,Kost Syariah Griya Almira 1 Ngaglik Sleman,1350000,"Ada jam malam,Ada jam malam untuk tamu,Dilarang bawa hewan,Dilarang merokok di kamar,Khusus Mahasiswa,Lawan jenis dilarang ke kamar,Maks. 1 orang/ kamar","AC,Bantal,Cermin,Guling,Jendela,Kasur,Kulkas,Kursi,Lemari Baju,Meja,TV,Ventilasi,Wastafel","Balcon,CCTV,Dapur,Jemuran,Jual Makanan,Kulkas,Mesin Cuci,Pengurus Kos,Penjaga Kos,R. Cuci,R. Jemur,R. Makan,R. Santai,R. Tamu,TV,WiFi","Parkir Mobil,Parkir Motor,Parkir Sepeda",ya,ya,tidak,Universitas Islam Indonesia:2102
https://mamikos.com/room/kost-kabupaten-sleman-kost-putri-eksklusif-kost-singgahsini-rumah-putih-tipe-b-mlati-yogyakarta?redirection_source=list%20kos%20result%20boundary,Kost Singgahsini Rumah Putih Tipe B Mlati Yogyakarta,1375000,"Akses 24 Jam,Dilarang bawa hewan,Lawan jenis dilarang ke kamar,Maks. 2 orang/ kamar","AC,Bantal,Cermin,Guling,Kasur,Kursi,Lemari Baju,Meja,TV","Dapur,Dispenser,K. Mandi Luar,Kulkas,Penjaga Kos,R. Cuci,R. Tamu,TV,WiFi","Parkir Mobil,Parkir Motor & Sepeda,Parkir Sepeda",ya,ya,tidak,Universitas Teknologi Yogyakarta:3116
https://mamikos.com/room/kost-sleman-kost-putri-murah-kost-apik-roemah-aisyah-tipe-a-yogyakarta-2?redirection_source=list%20kos%20result%20boundary,Kost Apik Roemah Aisyah Tipe A Yogyakarta,625000,"Ada jam malam untuk tamu,Akses 24 Jam,Denda kerusakan barang kos,Dilarang bawa hewan,Dilarang merokok di kamar,Lawan jenis dilarang ke kamar,Maks. 2 orang/ kamar,Tamu menginap dikenakan biaya,Tidak boleh bawa anak,Tidak untuk pasutri,Wajib ikut piket","Bantal,Cermin,Guling,Jendela,Kasur,Kipas Angin,Lemari Baju,Ventilasi","Dapur,Jemuran,K. Mandi Luar,Penjaga Kos,R. Jemur,R. Tamu,WiFi",Parkir Motor & Sepeda,tidak,tidak,ya,Sekolah Tinggi Ilmu Kesehatan Aisyiyah Yogyakarta:745
https://mamikos.com/room/kost-kabupaten-sleman-kost-putri-eksklusif-kost-singgahsini-putri-maoni-tipe-c-gejayan-yogyakarta?redirection_source=list%20kos%20result%20boundary,Kost Singgahsini Putri Maoni Tipe C Gejayan Yogyakarta,1845000,"Akses 24 Jam,Dilarang bawa hewan,Lawan jenis dilarang ke kamar,Maks. 2 orang/ kamar,Tamu boleh menginap","AC,Bantal,Cleaning service,Guling,Kasur,Kursi,Lemari Baju,Meja,Sofa,TV","Dapur,Dispenser,Penjaga Kos,R. Jemur,R. Keluarga,R. Santai,R. Tamu,Rice Cooker,WiFi","Parkir Mobil,Parkir Sepeda",ya,ya,tidak,Universitas Negeri Yogyakarta:1008
https://mamikos.com/room/kost-sleman-kost-putri-eksklusif-kost-singgahsini-house-of-dyandra-tipe-a-yogyakarta-2?redirection_source=list%20kos%20result%20boundary,Kost Singgahsini House of Dyandra Tipe A Yogyakarta,1825000,"Ada jam malam,Ada jam malam untuk tamu,Denda kerusakan barang kos,Dilarang bawa hewan,Dilarang merokok di kamar,Lawan jenis dilarang ke kamar,Maks. 2 orang/ kamar,Tamu menginap dikenakan biaya,Tidak boleh bawa anak,Tidak untuk pasutri","AC,Bantal,Cermin,Jendela,Kasur,Kursi,Lemari Baju,Meja,TV","CCTV,Dapur,Dispenser,Jemuran,Kulkas,Penjaga Kos,R. Cuci,R. Jemur,R. Makan,R. Tamu,WiFi","Parkir Mobil,Parkir Motor & Sepeda",ya,ya,tidak,Universitas Amikom Yogyakarta:509
https://mamikos.com/room/kost-kabupaten-sleman-kost-putri-eksklusif-kost-singgahsini-wulandari-tipe-c-wedomartani-yogyakarta-2?redirection_source=list%20kos%20result%20boundary,Kost Singgahsini Wulandari Tipe C Wedomartani Yogyakarta,1325000,"Ada jam malam,Denda kerusakan barang kos,Dilarang bawa hewan,Dilarang menerima tamu,Dilarang merokok di kamar,Lawan jenis dilarang ke kamar,Tamu dilarang menginap,Tidak boleh bawa anak,Tidak untuk pasutri","AC,Jendela,Kasur,Kursi,Lemari Baju,Meja","CCTV,Dapur,Mushola,Penjaga Kos,R. Jemur,R. Makan,R. Tamu,Rooftop,WiFi","Parkir Mobil,Parkir Motor & Sepeda",ya,ya,tidak,Universitas Amikom Yogyakarta:1662
https://mamikos.com/room/kost-kabupaten-sleman-kost-putri-murah-kost-apik-pondok-trio-tipe-c-maguwoharjo-yogyakarta--1?redirection_source=list%20kos%20result%20boundary,Kost Apik Pondok Trio Tipe C Maguwoharjo Yogyakarta,875000,"Ada jam malam,Dilarang bawa hewan,Lawan jenis dilarang ke kamar,Maks. 2 orang/ kamar,Tamu menginap dikenakan biaya","Bantal,Jendela,Kasur,Lemari Baju","Dapur,K. Mandi Luar,Penjaga Kos,R. Cuci,R. Tamu,WiFi","Parkir Mobil,Parkir Motor & Sepeda,Parkir Sepeda",tidak,ya,tidak,Universitas Pembangunan Nasional Veteran Yogyakarta:1562
https://mamikos.com/room/kost-kabupaten-sleman-kost-putra-murah-kost-singgahsini-cozy-sawitsari-6-tipe-a-condongcatur-yogyakarta-2?redirection_source=list%20kos%20result%20boundary,Kost Singgahsini Cozy Sawitsari 6 Tipe A Condongcatur Yogyakarta,900000,"Ada jam malam untuk tamu,Akses 24 Jam,Denda kerusakan barang kos,Dilarang bawa hewan,Dilarang merokok di kamar,Lawan jenis dilarang ke kamar,Maks. 2 orang/ kamar,Tambah biaya untuk alat elektronik,Tamu menginap dikenakan biaya,Wajib ikut piket","Bantal,Cermin,Jendela,Kasur,Lemari Baju","K. Mandi Luar,R. Tamu,WiFi",Parkir Mobil,ya,tidak,ya,Universitas Gadjah Mada:2030
https://mamikos.com/room/kost-kabupaten-sleman-kost-putri-eksklusif-kost-livingkoost-depok-sleman?redirection_source=list%20kos%20result%20boundary,Kost Livingkoost Depok Sleman,1900000,,"AC,Bantal,Cleaning service,Guling,Jendela,Kasur,Kursi,Ventilasi","Balcon,CCTV,Dapur,Dispenser,Jemuran,Kulkas,Penjaga Kos,R. Cuci,R. Jemur,R. Santai,R. Tamu,WiFi","Parkir Mobil,Parkir Motor,Parkir Motor & Sepeda,Parkir Sepeda",ya,ya,tidak,Universitas Gadjah Mada:1272
https://mamikos.com/room/kost-sleman-kost-campur-eksklusif-kost-singgahsini-rien-house-tipe-a-condongcatur-yogyakarta?redirection_source=list%20kos%20result%20boundary,Kost Singgahsini Rien House Tipe A Condongcatur Yogyakarta,1725000,"Akses 24 Jam,Boleh pasutri,Dilarang bawa hewan,Lawan jenis dilarang ke kamar,Maks. 2 orang/ kamar","AC,Cleaning service,Kasur,Kursi,Lemari Baju,Meja,TV","Dapur,Penjaga Kos,R. Keluarga,R. Santai,R. Tamu,Taman,WiFi",Parkir Mobil,ya,ya,tidak,Universitas Amikom Yogyakarta:680
https://mamikos.com/room/kost-kabupaten-sleman-kost-putri-murah-kost-pojokan-tipe-a-depok-sleman?redirection_source=list%20kos%20result%20boundary,Kost Pojokan Tipe A Depok Sleman,700000,"Ada jam malam untuk tamu,Akses 24 Jam,Harga termasuk listrik (sewa harian),Kamar hanya bagi penyewa,Kriteria umum,Lawan jenis dilarang ke kamar,Maks. 1 orang/ kamar,Tamu bebas berkunjung","Jendela,Kasur,Lemari Baju,Ventilasi","Balcon,Dapur,Jemuran,R. Jemur,R. Tamu,WiFi","Parkir Motor,Parkir Motor & Sepeda",tidak,ya,ya,Universitas Amikom Yogyakarta:1922
https://mamikos.com/room/kost-kabupaten-sleman-kost-putri-eksklusif-kost-syariah-griya-almira-1-ngaglik-sleman-2?redirection_source=list%20kos%20result%20boundary,Kost Syariah Griya Almira 1 Ngaglik Sleman,1350000,"Ada jam malam,Ada jam malam untuk tamu,Dilarang bawa hewan,Dilarang merokok di kamar,Khusus Mahasiswa,Lawan jenis dilarang ke kamar,Maks. 1 orang/ kamar","AC,Bantal,Cermin,Guling,Jendela,Kasur,Kulkas,Kursi,Lemari Baju,Meja,TV,Ventilasi,Wastafel","Balcon,CCTV,Dapur,Jemuran,Jual Makanan,Kulkas,Mesin Cuci,Pengurus Kos,Penjaga Kos,R. Cuci,R. Jemur,R. Makan,R. Santai,R. Tamu,TV,WiFi","Parkir Mobil,Parkir Motor,Parkir Sepeda",ya,ya,tidak,Universitas Islam Indonesia:2102
https://mamikos.com/room/kost-kabupaten-sleman-kost-putri-eksklusif-kost-singgahsini-rumah-putih-tipe-b-mlati-yogyakarta?redirection_source=list%20kos%20result%20boundary,Kost Singgahsini Rumah Putih Tipe B Mlati Yogyakarta,1375000,"Akses 24 Jam,Dilarang bawa hewan,Lawan jenis dilarang ke kamar,Maks. 2 orang/ kamar","AC,Bantal,Cermin,Guling,Kasur,Kursi,Lemari Baju,Meja,TV","Dapur,Dispenser,K. Mandi Luar,Kulkas,Penjaga Kos,R. Cuci,R. Tamu,TV,WiFi","Parkir Mobil,Parkir Motor & Sepeda,Parkir Sepeda",ya,ya,tidak,Universitas Teknologi Yogyakarta:3116
https://mamikos.com/room/kost-sleman-kost-putri-murah-kost-apik-roemah-aisyah-tipe-a-yogyakarta-2?redirection_source=list%20kos%20result%20boundary,Kost Apik Roemah Aisyah Tipe A Yogyakarta,625000,"Ada jam malam untuk tamu,Akses 24 Jam,Denda kerusakan barang kos,Dilarang bawa hewan,Dilarang merokok di kamar,Lawan jenis dilarang ke kamar,Maks. 2 orang/ kamar,Tamu menginap dikenakan biaya,Tidak boleh bawa anak,Tidak untuk pasutri,Wajib ikut piket","Bantal,Cermin,Guling,Jendela,Kasur,Kipas Angin,Lemari Baju,Ventilasi","Dapur,Jemuran,K. Mandi Luar,Penjaga Kos,R. Jemur,R. Tamu,WiFi",Parkir Motor & Sepeda,tidak,tidak,ya,Sekolah Tinggi Ilmu Kesehatan Aisyiyah Yogyakarta:745
https://mamikos.com/room/kost-kabupaten-sleman-kost-putri-eksklusif-kost-singgahsini-putri-maoni-tipe-c-gejayan-yogyakarta?redirection_source=list%20kos%20result%20boundary,Kost Singgahsini Putri Maoni Tipe C Gejayan Yogyakarta,1845000,"Akses 24 Jam,Dilarang bawa hewan,Lawan jenis dilarang ke kamar,Maks. 2 orang/ kamar,Tamu boleh menginap","AC,Bantal,Cleaning service,Guling,Kasur,Kursi,Lemari Baju,Meja,Sofa,TV","Dapur,Dispenser,Penjaga Kos,R. Jemur,R. Keluarga,R. Santai,R. Tamu,Rice Cooker,WiFi","Parkir Mobil,Parkir Sepeda",ya,ya,tidak,Universitas Negeri Yogyakarta:1008
https://mamikos.com/room/kost-sleman-kost-putri-eksklusif-kost-singgahsini-house-of-dyandra-tipe-a-yogyakarta-2?redirection_source=list%20kos%20result%20boundary,Kost Singgahsini House of Dyandra Tipe A Yogyakarta,1825000,"Ada jam malam,Ada jam malam untuk tamu,Denda kerusakan barang kos,Dilarang bawa hewan,Dilarang merokok di kamar,Lawan jenis dilarang ke kamar,Maks. 2 orang/ kamar,Tamu menginap dikenakan biaya,Tidak boleh bawa anak,Tidak untuk pasutri","AC,Bantal,Cermin,Jendela,Kasur,Kursi,Lemari Baju,Meja,TV","CCTV,Dapur,Dispenser,Jemuran,Kulkas,Penjaga Kos,R. Cuci,R. Jemur,R. Makan,R. Tamu,WiFi","Parkir Mobil,Parkir Motor & Sepeda",ya,ya,tidak,Universitas Amikom Yogyakarta:509
https://mamikos.com/room/kost-kabupaten-sleman-kost-putri-eksklusif-kost-singgahsini-wulandari-tipe-c-wedomartani-yogyakarta-2?redirection_source=list%20kos%20result%20boundary,Kost Singgahsini Wulandari Tipe C Wedomartani Yogyakarta,1325000,"Ada jam malam,Denda kerusakan barang kos,Dilarang bawa hewan,Dilarang menerima tamu,Dilarang merokok di kamar,Lawan jenis dilarang ke kamar,Tamu dilarang menginap,Tidak boleh bawa anak,Tidak untuk pasutri","AC,Jendela,Kasur,Kursi,Lemari Baju,Meja","CCTV,Dapur,Mushola,Penjaga Kos,R. Jemur,R. Makan,R. Tamu,Rooftop,WiFi","Parkir Mobil,Parkir Motor & Sepeda",ya,ya,tidak,Universitas Amikom Yogyakarta:1662
https://mamikos.com/room/kost-kabupaten-sleman-kost-putri-murah-kost-apik-pondok-trio-tipe-c-maguwoharjo-yogyakarta--1?redirection_source=list%20kos%20result%20boundary,Kost Apik Pondok Trio Tipe C Maguwoharjo Yogyakarta,875000,"Ada jam malam,Dilarang bawa hewan,Lawan jenis dilarang ke kamar,Maks. 2 orang/ kamar,Tamu menginap dikenakan biaya","Bantal,Jendela,Kasur,Lemari Baju","Dapur,K. Mandi Luar,Penjaga Kos,R. Cuci,R. Tamu,WiFi","Parkir Mobil,Parkir Motor & Sepeda,Parkir Sepeda",tidak,ya,tidak,Universitas Pembangunan Nasional Veteran Yogyakarta:1562
https://mamikos.com/room/kost-sleman-kost-putri-eksklusif-kost-singgahsini-zazafifa-tipe-a-maguwoharjo-yogyakarta-2?redirection_source=list%20kos%20result%20boundary,Kost Singgahsini Zazafifa Tipe A Maguwoharjo Yogyakarta,1210000,"Ada jam malam untuk tamu,Akses 24 Jam,Denda kerusakan barang kos,Dilarang bawa hewan,Dilarang merokok di kamar,Lawan jenis dilarang ke kamar,Tamu dilarang menginap,Tidak boleh bawa anak,Tidak untuk pasutri","AC,Bantal,Cermin,Guling,Jendela,Kasur,Kursi,Lemari Baju,Meja,Wastafel","CCTV,Dapur,Jemuran,Penjaga Kos,R. Jemur,R. Tamu,WiFi",Parkir Motor & Sepeda,ya,ya,tidak,Universitas Pembangunan Nasional Veteran Yogyakarta:1571
https://mamikos.com/room/kost-kabupaten-sleman-kost-putra-eksklusif-kost-singgahsini-pramesthi-upn-tipe-a-yogyakarta?redirection_source=list%20kos%20result%20boundary,Kost Singgahsini Pramesthi UPN Tipe A Yogyakarta,1525000,"Ada jam malam untuk tamu,Akses 24 Jam,Denda kerusakan barang kos,Dilarang bawa hewan,Wajib ikut piket","AC,Bantal,Guling,Jendela,Kasur,Kulkas,Lemari Baju,Meja,TV,Ventilasi","CCTV,Dapur,Kulkas,Mesin Cuci,Penjaga Kos,R. Jemur,R. Makan,R. Tamu,TV,WiFi","Parkir Mobil,Parkir Sepeda",ya,tidak,ya,Universitas Negeri Yogyakarta:1671
https://mamikos.com/room/kost-kabupaten-sleman-kost-putri-eksklusif-kost-singgahsini-rumah-putih-tipe-b-mlati-yogyakarta?redirection_source=list%20kos%20result%20boundary,Kost Singgahsini Rumah Putih Tipe B Mlati Yogyakarta,1375000,"Akses 24 Jam,Dilarang bawa hewan,Lawan jenis dilarang ke kamar,Maks. 2 orang/ kamar","AC,Bantal,Cermin,Guling,Kasur,Kursi,Lemari Baju,Meja,TV","Dapur,Dispenser,K. Mandi Luar,Kulkas,Penjaga Kos,R. Cuci,R. Tamu,TV,WiFi","Parkir Mobil,Parkir Motor & Sepeda,Parkir Sepeda",ya,ya,tidak,Universitas Teknologi Yogyakarta:3116
https://mamikos.com/room/kost-sleman-kost-putri-murah-kost-apik-roemah-aisyah-tipe-a-yogyakarta-2?redirection_source=list%20kos%20result%20boundary,Kost Apik Roemah Aisyah Tipe A Yogyakarta,625000,"Ada jam malam untuk tamu,Akses 24 Jam,Denda kerusakan barang kos,Dilarang bawa hewan,Dilarang merokok di kamar,Lawan jenis dilarang ke kamar,Maks. 2 orang/ kamar,Tamu menginap dikenakan biaya,Tidak boleh bawa anak,Tidak untuk pasutri,Wajib ikut piket","Bantal,Cermin,Guling,Jendela,Kasur,Kipas Angin,Lemari Baju,Ventilasi","Dapur,Jemuran,K. Mandi Luar,Penjaga Kos,R. Jemur,R. Tamu,WiFi",Parkir Motor & Sepeda,tidak,tidak,ya,Sekolah Tinggi Ilmu Kesehatan Aisyiyah Yogyakarta:745
https://mamikos.com/room/kost-kabupaten-sleman-kost-putri-eksklusif-kost-singgahsini-putri-maoni-tipe-c-gejayan-yogyakarta?redirection_source=list%20kos%20result%20boundary,Kost Singgahsini Putri Maoni Tipe C Gejayan Yogyakarta,1845000,"Akses 24 Jam,Dilarang bawa hewan,Lawan jenis dilarang ke kamar,Maks. 2 orang/ kamar,Tamu boleh menginap","AC,Bantal,Cleaning service,Guling,Kasur,Kursi,Lemari Baju,Meja,Sofa,TV","Dapur,Dispenser,Penjaga Kos,R. Jemur,R. Keluarga,R. Santai,R. Tamu,Rice Cooker,WiFi","Parkir Mobil,Parkir Sepeda",ya,ya,tidak,Universitas Negeri Yogyakarta:1008
https://mamikos.com/room/kost-sleman-kost-putri-eksklusif-kost-singgahsini-house-of-dyandra-tipe-a-yogyakarta-2?redirection_source=list%20kos%20result%20boundary,Kost Singgahsini House of Dyandra Tipe A Yogyakarta,1825000,"Ada jam malam,Ada jam malam untuk tamu,Denda kerusakan barang kos,Dilarang bawa hewan,Dilarang merokok di kamar,Lawan jenis dilarang ke kamar,Maks. 2 orang/ kamar,Tamu menginap dikenakan biaya,Tidak boleh bawa anak,Tidak untuk pasutri","AC,Bantal,Cermin,Jendela,Kasur,Kursi,Lemari Baju,Meja,TV","CCTV,Dapur,Dispenser,Jemuran,Kulkas,Penjaga Kos,R. Cuci,R. Jemur,R. Makan,R. Tamu,WiFi","Parkir Mobil,Parkir Motor & Sepeda",ya,ya,tidak,Universitas Amikom Yogyakarta:509
https://mamikos.com/room/kost-kabupaten-sleman-kost-putri-eksklusif-kost-singgahsini-wulandari-tipe-c-wedomartani-yogyakarta-2?redirection_source=list%20kos%20result%20boundary,Kost Singgahsini Wulandari Tipe C Wedomartani Yogyakarta,1325000,"Ada jam malam,Denda kerusakan barang kos,Dilarang bawa hewan,Dilarang menerima tamu,Dilarang merokok di kamar,Lawan jenis dilarang ke kamar,Tamu dilarang menginap,Tidak boleh bawa anak,Tidak untuk pasutri","AC,Jendela,Kasur,Kursi,Lemari Baju,Meja","CCTV,Dapur,Mushola,Penjaga Kos,R. Jemur,R. Makan,R. Tamu,Rooftop,WiFi","Parkir Mobil,Parkir Motor & Sepeda",ya,ya,tidak,Universitas Amikom Yogyakarta:1662
https://mamikos.com/room/kost-kabupaten-sleman-kost-putri-murah-kost-apik-pondok-trio-tipe-c-maguwoharjo-yogyakarta--1?redirection_source=list%20kos%20result%20boundary,Kost Apik Pondok Trio Tipe C Maguwoharjo Yogyakarta,875000,"Ada jam malam,Dilarang bawa hewan,Lawan jenis dilarang ke kamar,Maks. 2 orang/ kamar,Tamu menginap dikenakan biaya","Bantal,Jendela,Kasur,Lemari Baju","Dapur,K. Mandi Luar,Penjaga Kos,R. Cuci,R. Tamu,WiFi","Parkir Mobil,Parkir Motor & Sepeda,Parkir Sepeda",tidak,ya,tidak,Universitas Pembangunan Nasional Veteran Yogyakarta:1562
https://mamikos.com/room/kost-sleman-kost-putri-eksklusif-kost-singgahsini-zazafifa-tipe-a-maguwoharjo-yogyakarta-2?redirection_source=list%20kos%20result%20boundary,Kost Singgahsini Zazafifa Tipe A Maguwoharjo Yogyakarta,1210000,"Ada jam malam untuk tamu,Akses 24 Jam,Denda kerusakan barang kos,Dilarang bawa hewan,Dilarang merokok di kamar,Lawan jenis dilarang ke kamar,Tamu dilarang menginap,Tidak boleh bawa anak,Tidak untuk pasutri","AC,Bantal,Cermin,Guling,Jendela,Kasur,Kursi,Lemari Baju,Meja,Wastafel","CCTV,Dapur,Jemuran,Penjaga Kos,R. Jemur,R. Tamu,WiFi",Parkir Motor & Sepeda,ya,ya,tidak,Universitas Pembangunan Nasional Veteran Yogyakarta:1571
https://mamikos.com/room/kost-kabupaten-sleman-kost-putra-eksklusif-kost-singgahsini-pramesthi-upn-tipe-a-yogyakarta?redirection_source=list%20kos%20result%20boundary,Kost Singgahsini Pramesthi UPN Tipe A Yogyakarta,1525000,"Ada jam malam untuk tamu,Akses 24 Jam,Denda kerusakan barang kos,Dilarang bawa hewan,Wajib ikut piket","AC,Bantal,Guling,Jendela,Kasur,Kulkas,Lemari Baju,Meja,TV,Ventilasi","CCTV,Dapur,Kulkas,Mesin Cuci,Penjaga Kos,R. Jemur,R. Makan,R. Tamu,TV,WiFi","Parkir Mobil,Parkir Sepeda",ya,tidak,ya,Universitas Negeri Yogyakarta:1671
https://mamikos.com/room/kost-sleman-kost-campur-eksklusif-kost-singgahsini-rumah-eyang-tipe-a-gejayan-yogyakarta-2?redirection_source=list%20kos%20result%20boundary,Kost Singgahsini Rumah Eyang Tipe A Gejayan Yogyakarta,1525000,"Ada jam malam,Ada jam malam untuk tamu,Boleh pasutri,Denda kerusakan barang kos,Dilarang bawa hewan,Dilarang merokok di kamar,Lawan jenis dilarang ke kamar,Maks. 2 orang/ kamar,Tamu boleh menginap,Tamu menginap dikenakan biaya,Tidak boleh bawa anak","AC,Bantal,Cermin,Guling,Jendela,Kasur,Kursi,Lemari Baju,Meja","Penjaga Kos,R. Tamu,WiFi","Parkir Mobil,Parkir Motor & Sepeda",ya,ya,tidak,Universitas Negeri Yogyakarta:1738
https://mamikos.com/room/kost-sleman-kost-putri-eksklusif-kost-singgahsini-omah-anggur-tipe-c-seturan-yogyakarta-1?redirection_source=list%20kos%20result%20boundary,Kost Singgahsini Omah Anggur Tipe C Seturan Yogyakarta,1825000,"Ada jam malam untuk tamu,Akses 24 Jam,Denda kerusakan barang kos,Dilarang merokok di kamar,Lawan jenis dilarang ke kamar,Maks. 2 orang/ kamar,Tamu menginap dikenakan biaya","AC,Bantal,Jendela,Kasur,Kursi,Lemari Baju,Meja,Ventilasi","Dapur,R. Tamu,WiFi","Parkir Mobil,Parkir Sepeda",ya,ya,tidak,Universitas Atma Jaya Yogyakarta:1131
https://mamikos.com/room/kost-kabupaten-sleman-kost-campur-murah-kost-carolus-ngaglik-sleman?redirection_source=list%20kos%20result%20boundary,Kost Carolus Ngaglik Sleman,750000,"Ada jam malam untuk tamu,Denda kerusakan barang kos,Dilarang bawa hewan,Kamar hanya bagi penyewa,Kriteria umum,Lawan jenis dilarang ke kamar,Maks. 1 orang/ kamar,Menunjukan bukti (-) Swab saat check-in,Tambah biaya untuk alat elektronik,Tamu dilarang menginap,Tidak bisa DP (sewa harian),Tidak boleh bawa anak,Tidak untuk pasutri","Kasur,Lemari Baju,Meja,Ventilasi","Jemuran,R. Jemur,R. Tamu,WiFi","Parkir Mobil,Parkir Motor,Parkir Motor & Sepeda,Parkir Sepeda",tidak,tidak,tidak,Sekolah Tinggi Ilmu Manajemen Ykpn:1962
https://mamikos.com/room/kost-kabupaten-sleman-kost-putra-eksklusif-kost-singgahsini-cozy-sawitsari-6-tipe-d-condongcatur-yogyakarta?redirection_source=list%20kos%20result%20boundary,Kost Singgahsini Cozy Sawitsari 6 Tipe D Condongcatur Yogyakarta,1425000,"Ada jam malam untuk tamu,Akses 24 Jam,Denda kerusakan barang kos,Dilarang bawa hewan,Dilarang merokok di kamar,Lawan jenis dilarang ke kamar,Maks. 2 orang/ kamar,Tambah biaya untuk alat elektronik,Tamu menginap dikenakan biaya,Wajib ikut piket","AC,Bantal,Cermin,Jendela,Kasur,Lemari Baju,Ventilasi","K. Mandi Luar,R. Tamu,WiFi",Parkir Mobil,ya,tidak,ya,Universitas Gadjah Mada:2035
https://mamikos.com/room/kost-sleman-kost-putri-eksklusif-kost-singgahsini-omah-anggur-tipe-c-seturan-yogyakarta-1?redirection_source=list%20kos%20result%20boundary,Kost Singgahsini Omah Anggur Tipe C Seturan Yogyakarta,1825000,"Ada jam malam untuk tamu,Akses 24 Jam,Denda kerusakan barang kos,Dilarang merokok di kamar,Lawan jenis dilarang ke kamar,Maks. 2 orang/ kamar,Tamu menginap dikenakan biaya","AC,Bantal,Jendela,Kasur,Kursi,Lemari Baju,Meja,Ventilasi","Dapur,R. Tamu,WiFi","Parkir Mobil,Parkir Sepeda",ya,ya,tidak,Universitas Atma Jaya Yogyakarta:1131
https://mamikos.com/room/kost-kabupaten-sleman-kost-campur-murah-kost-carolus-ngaglik-sleman?redirection_source=list%20kos%20result%20boundary,Kost Carolus Ngaglik Sleman,750000,"Ada jam malam untuk tamu,Denda kerusakan barang kos,Dilarang bawa hewan,Kamar hanya bagi penyewa,Kriteria umum,Lawan jenis dilarang ke kamar,Maks. 1 orang/ kamar,Menunjukan bukti (-) Swab saat check-in,Tambah biaya untuk alat elektronik,Tamu dilarang menginap,Tidak bisa DP (sewa harian),Tidak boleh bawa anak,Tidak untuk pasutri","Kasur,Lemari Baju,Meja,Ventilasi","Jemuran,R. Jemur,R. Tamu,WiFi","Parkir Mobil,Parkir Motor,Parkir Motor & Sepeda,Parkir Sepeda",tidak,tidak,tidak,Sekolah Tinggi Ilmu Manajemen Ykpn:1962
https://mamikos.com/room/kost-kabupaten-sleman-kost-putra-eksklusif-kost-singgahsini-cozy-sawitsari-6-tipe-d-condongcatur-yogyakarta?redirection_source=list%20kos%20result%20boundary,Kost Singgahsini Cozy Sawitsari 6 Tipe D Condongcatur Yogyakarta,1425000,"Ada jam malam untuk tamu,Akses 24 Jam,Denda kerusakan barang kos,Dilarang bawa hewan,Dilarang merokok di kamar,Lawan jenis dilarang ke kamar,Maks. 2 orang/ kamar,Tambah biaya untuk alat elektronik,Tamu menginap dikenakan biaya,Wajib ikut piket","AC,Bantal,Cermin,Jendela,Kasur,Lemari Baju,Ventilasi","K. Mandi Luar,R. Tamu,WiFi",Parkir Mobil,ya,tidak,ya,Universitas Gadjah Mada:2035
https://mamikos.com/room/kost-kabupaten-sleman-kost-putri-eksklusif-kost-syariah-griya-almira-1-ngaglik-sleman-2?redirection_source=list%20kos%20result%20boundary,Kost Syariah Griya Almira 1 Ngaglik Sleman,1350000,"Ada jam malam,Ada jam malam untuk tamu,Dilarang bawa hewan,Dilarang merokok di kamar,Khusus Mahasiswa,Lawan jenis dilarang ke kamar,Maks. 1 orang/ kamar","AC,Bantal,Cermin,Guling,Jendela,Kasur,Kulkas,Kursi,Lemari Baju,Meja,TV,Ventilasi,Wastafel","Balcon,CCTV,Dapur,Jemuran,Jual Makanan,Kulkas,Mesin Cuci,Pengurus Kos,Penjaga Kos,R. Cuci,R. Jemur,R. Makan,R. Santai,R. Tamu,TV,WiFi","Parkir Mobil,Parkir Motor,Parkir Sepeda",ya,ya,tidak,Universitas Islam Indonesia:2102
https://mamikos.com/room/kost-kabupaten-sleman-kost-putri-eksklusif-kost-singgahsini-rumah-putih-tipe-b-mlati-yogyakarta?redirection_source=list%20kos%20result%20boundary,Kost Singgahsini Rumah Putih Tipe B Mlati Yogyakarta,1375000,"Akses 24 Jam,Dilarang bawa hewan,Lawan jenis dilarang ke kamar,Maks. 2 orang/ kamar","AC,Bantal,Cermin,Guling,Kasur,Kursi,Lemari Baju,Meja,TV","Dapur,Dispenser,K. Mandi Luar,Kulkas,Penjaga Kos,R. Cuci,R. Tamu,TV,WiFi","Parkir Mobil,Parkir Motor & Sepeda,Parkir Sepeda",ya,ya,tidak,Universitas Teknologi Yogyakarta:3116
https://mamikos.com/room/kost-sleman-kost-putri-murah-kost-apik-roemah-aisyah-tipe-a-yogyakarta-2?redirection_source=list%20kos%20result%20boundary,Kost Apik Roemah Aisyah Tipe A Yogyakarta,625000,"Ada jam malam untuk tamu,Akses 24 Jam,Denda kerusakan barang kos,Dilarang bawa hewan,Dilarang merokok di kamar,Lawan jenis dilarang ke kamar,Maks. 2 orang/ kamar,Tamu menginap dikenakan biaya,Tidak boleh bawa anak,Tidak untuk pasutri,Wajib ikut piket","Bantal,Cermin,Guling,Jendela,Kasur,Kipas Angin,Lemari Baju,Ventilasi","Dapur,Jemuran,K. Mandi Luar,Penjaga Kos,R. Jemur,R. Tamu,WiFi",Parkir Motor & Sepeda,tidak,tidak,ya,Sekolah Tinggi Ilmu Kesehatan Aisyiyah Yogyakarta:745
https://mamikos.com/room/kost-kabupaten-sleman-kost-putri-eksklusif-kost-singgahsini-putri-maoni-tipe-c-gejayan-yogyakarta?redirection_source=list%20kos%20result%20boundary,Kost Singgahsini Putri Maoni Tipe C Gejayan Yogyakarta,1845000,"Akses 24 Jam,Dilarang bawa hewan,Lawan jenis dilarang ke kamar,Maks. 2 orang/ kamar,Tamu boleh menginap","AC,Bantal,Cleaning service,Guling,Kasur,Kursi,Lemari Baju,Meja,Sofa,TV","Dapur,Dispenser,Penjaga Kos,R. Jemur,R. Keluarga,R. Santai,R. Tamu,Rice Cooker,WiFi","Parkir Mobil,Parkir Sepeda",ya,ya,tidak,Universitas Negeri Yogyakarta:1008
https://mamikos.com/room/kost-sleman-kost-putri-eksklusif-kost-singgahsini-house-of-dyandra-tipe-a-yogyakarta-2?redirection_source=list%20kos%20result%20boundary,Kost Singgahsini House of Dyandra Tipe A Yogyakarta,1825000,"Ada jam malam,Ada jam malam untuk tamu,Denda kerusakan barang kos,Dilarang bawa hewan,Dilarang merokok di kamar,Lawan jenis dilarang ke kamar,Maks. 2 orang/ kamar,Tamu menginap dikenakan biaya,Tidak boleh bawa anak,Tidak untuk pasutri","AC,Bantal,Cermin,Jendela,Kasur,Kursi,Lemari Baju,Meja,TV","CCTV,Dapur,Dispenser,Jemuran,Kulkas,Penjaga Kos,R. Cuci,R. Jemur,R. Makan,R. Tamu,WiFi","Parkir Mobil,Parkir Motor & Sepeda",ya,ya,tidak,Universitas Amikom Yogyakarta:509
https://mamikos.com/room/kost-kabupaten-sleman-kost-putri-eksklusif-kost-singgahsini-wulandari-tipe-c-wedomartani-yogyakarta-2?redirection_source=list%20kos%20result%20boundary,Kost Singgahsini Wulandari Tipe C Wedomartani Yogyakarta,1325000,"Ada jam malam,Denda kerusakan barang kos,Dilarang bawa hewan,Dilarang menerima tamu,Dilarang merokok di kamar,Lawan jenis dilarang ke kamar,Tamu dilarang menginap,Tidak boleh bawa anak,Tidak untuk pasutri","AC,Jendela,Kasur,Kursi,Lemari Baju,Meja","CCTV,Dapur,Mushola,Penjaga Kos,R. Jemur,R. Makan,R. Tamu,Rooftop,WiFi","Parkir Mobil,Parkir Motor & Sepeda",ya,ya,tidak,Universitas Amikom Yogyakarta:1662
https://mamikos.com/room/kost-kabupaten-sleman-kost-putri-murah-kost-apik-pondok-trio-tipe-c-maguwoharjo-yogyakarta--1?redirection_source=list%20kos%20result%20boundary,Kost Apik Pondok Trio Tipe C Maguwoharjo Yogyakarta,875000,"Ada jam malam,Dilarang bawa hewan,Lawan jenis dilarang ke kamar,Maks. 2 orang/ kamar,Tamu menginap dikenakan biaya","Bantal,Jendela,Kasur,Lemari Baju","Dapur,K. Mandi Luar,Penjaga Kos,R. Cuci,R. Tamu,WiFi","Parkir Mobil,Parkir Motor & Sepeda,Parkir Sepeda",tidak,ya,tidak,Universitas Pembangunan Nasional Veteran Yogyakarta:1562
https://mamikos.com/room/kost-sleman-kost-putri-eksklusif-kost-singgahsini-zazafifa-tipe-a-maguwoharjo-yogyakarta-2?redirection_source=list%20kos%20result%20boundary,Kost Singgahsini Zazafifa Tipe A Maguwoharjo Yogyakarta,1210000,"Ada jam malam untuk tamu,Akses 24 Jam,Denda kerusakan barang kos,Dilarang bawa hewan,Dilarang merokok di kamar,Lawan jenis dilarang ke kamar,Tamu dilarang menginap,Tidak boleh bawa anak,Tidak untuk pasutri","AC,Bantal,Cermin,Guling,Jendela,Kasur,Kursi,Lemari Baju,Meja,Wastafel","CCTV,Dapur,Jemuran,Penjaga Kos,R. Jemur,R. Tamu,WiFi",Parkir Motor & Sepeda,ya,ya,tidak,Universitas Pembangunan Nasional Veteran Yogyakarta:1571
https://mamikos.com/room/kost-kabupaten-sleman-kost-putra-eksklusif-kost-singgahsini-pramesthi-upn-tipe-a-yogyakarta?redirection_source=list%20kos%20result%20boundary,Kost Singgahsini Pramesthi UPN Tipe A Yogyakarta,1525000,"Ada jam malam untuk tamu,Akses 24 Jam,Denda kerusakan barang kos,Dilarang bawa hewan,Wajib ikut piket","AC,Bantal,Guling,Jendela,Kasur,Kulkas,Lemari Baju,Meja,TV,Ventilasi","CCTV,Dapur,Kulkas,Mesin Cuci,Penjaga Kos,R. Jemur,R. Makan,R. Tamu,TV,WiFi","Parkir Mobil,Parkir Sepeda",ya,tidak,ya,Universitas Negeri Yogyakarta:1671
https://mamikos.com/room/kost-sleman-kost-campur-eksklusif-kost-singgahsini-rumah-eyang-tipe-a-gejayan-yogyakarta-2?redirection_source=list%20kos%20result%20boundary,Kost Singgahsini Rumah Eyang Tipe A Gejayan Yogyakarta,1525000,"Ada jam malam,Ada jam malam untuk tamu,Boleh pasutri,Denda kerusakan barang kos,Dilarang bawa hewan,Dilarang merokok di kamar,Lawan jenis dilarang ke kamar,Maks. 2 orang/ kamar,Tamu boleh menginap,Tamu menginap dikenakan biaya,Tidak boleh bawa anak","AC,Bantal,Cermin,Guling,Jendela,Kasur,Kursi,Lemari Baju,Meja","Penjaga Kos,R. Tamu,WiFi","Parkir Mobil,Parkir Motor & Sepeda",ya,ya,tidak,Universitas Negeri Yogyakarta:1738
https://mamikos.com/room/kost-sleman-kost-putri-eksklusif-kost-singgahsini-omah-anggur-tipe-c-seturan-yogyakarta-1?redirection_source=list%20kos%20result%20boundary,Kost Singgahsini Omah Anggur Tipe C Seturan Yogyakarta,1825000,"Ada jam malam untuk tamu,Akses 24 Jam,Denda kerusakan barang kos,Dilarang merokok di kamar,Lawan jenis dilarang ke kamar,Maks. 2 orang/ kamar,Tamu menginap dikenakan biaya","AC,Bantal,Jendela,Kasur,Kursi,Lemari Baju,Meja,Ventilasi","Dapur,R. Tamu,WiFi","Parkir Mobil,Parkir Sepeda",ya,ya,tidak,Universitas Atma Jaya Yogyakarta:1131
https://mamikos.com/room/kost-kabupaten-sleman-kost-putra-eksklusif-kost-singgahsini-cozy-sawitsari-6-tipe-d-condongcatur-yogyakarta?redirection_source=list%20kos%20result%20boundary,Kost Singgahsini Cozy Sawitsari 6 Tipe D Condongcatur Yogyakarta,1425000,"Ada jam malam untuk tamu,Akses 24 Jam,Denda kerusakan barang kos,Dilarang bawa hewan,Dilarang merokok di kamar,Lawan jenis dilarang ke kamar,Maks. 2 orang/ kamar,Tambah biaya untuk alat elektronik,Tamu menginap dikenakan biaya,Wajib ikut piket","AC,Bantal,Cermin,Jendela,Kasur,Lemari Baju,Ventilasi","K. Mandi Luar,R. Tamu,WiFi",Parkir Mobil,ya,tidak,ya,Universitas Gadjah Mada:2035
https://mamikos.com/room/kost-kabupaten-sleman-kost-campur-eksklusif-kost-waringin-eksekutif-depok-sleman?redirection_source=list%20kos%20result%20boundary,Kost Waringin Eksekutif Depok Sleman,1300000,"Ada jam malam untuk tamu,Akses 24 Jam,Boleh pasutri,Dilarang bawa hewan,Kamar hanya bagi penyewa,Maks. 2 orang/ kamar,Tamu dilarang menginap","AC,Bantal,Cermin,Guling,Jendela,Kasur,Kursi,Lemari Baju,Meja,Ventilasi","Balcon,CCTV,Dapur,Jemuran,K. Mandi Luar,R. Makan,R. Santai,WiFi","Parkir Mobil,Parkir Motor,Parkir Motor & Sepeda,Parkir Sepeda",ya,tidak,tidak,Universitas Atma Jaya Yogyakarta:1792
https://mamikos.com/room/kost-kabupaten-sleman-kost-putri-eksklusif-kost-singgahsini-putri-maoni-tipe-c-gejayan-yogyakarta?redirection_source=list%20kos%20result%20boundary,Kost Singgahsini Putri Maoni Tipe C Gejayan Yogyakarta,1845000,"Akses 24 Jam,Dilarang bawa hewan,Lawan jenis dilarang ke kamar,Maks. 2 orang/ kamar,Tamu boleh menginap","AC,Bantal,Cleaning service,Guling,Kasur,Kursi,Lemari Baju,Meja,Sofa,TV","Dapur,Dispenser,Penjaga Kos,R. Jemur,R. Keluarga,R. Santai,R. Tamu,Rice Cooker,WiFi","Parkir Mobil,Parkir Sepeda",ya,ya,tidak,Universitas Negeri Yogyakarta:1008
https://mamikos.com/room/kost-sleman-kost-putri-eksklusif-kost-singgahsini-house-of-dyandra-tipe-a-yogyakarta-2?redirection_source=list%20kos%20result%20boundary,Kost Singgahsini House of Dyandra Tipe A Yogyakarta,1825000,"Ada jam malam,Ada jam malam untuk tamu,Denda kerusakan barang kos,Dilarang bawa hewan,Dilarang merokok di kamar,Lawan jenis dilarang ke kamar,Maks. 2 orang/ kamar,Tamu menginap dikenakan biaya,Tidak boleh bawa anak,Tidak untuk pasutri","AC,Bantal,Cermin,Jendela,Kasur,Kursi,Lemari Baju,Meja,TV","CCTV,Dapur,Dispenser,Jemuran,Kulkas,Penjaga Kos,R. Cuci,R. Jemur,R. Makan,R. Tamu,WiFi","Parkir Mobil,Parkir Motor & Sepeda",ya,ya,tidak,Universitas Amikom Yogyakarta:509
https://mamikos.com/room/kost-kabupaten-sleman-kost-putri-eksklusif-kost-singgahsini-wulandari-tipe-c-wedomartani-yogyakarta-2?redirection_source=list%20kos%20result%20boundary,Kost Singgahsini Wulandari Tipe C Wedomartani Yogyakarta,1325000,"Ada jam malam,Denda kerusakan barang kos,Dilarang bawa hewan,Dilarang menerima tamu,Dilarang merokok di kamar,Lawan jenis dilarang ke kamar,Tamu dilarang menginap,Tidak boleh bawa anak,Tidak untuk pasutri","AC,Jendela,Kasur,Kursi,Lemari Baju,Meja","CCTV,Dapur,Mushola,Penjaga Kos,R. Jemur,R. Makan,R. Tamu,Rooftop,WiFi","Parkir Mobil,Parkir Motor & Sepeda",ya,ya,tidak,Universitas Amikom Yogyakarta:1662
https://mamikos.com/room/kost-kabupaten-sleman-kost-putri-murah-kost-apik-pondok-trio-tipe-c-maguwoharjo-yogyakarta--1?redirection_source=list%20kos%20result%20boundary,Kost Apik Pondok Trio Tipe C Maguwoharjo Yogyakarta,875000,"Ada jam malam,Dilarang bawa hewan,Lawan jenis dilarang ke kamar,Maks. 2 orang/ kamar,Tamu menginap dikenakan biaya","Bantal,Jendela,Kasur,Lemari Baju","Dapur,K. Mandi Luar,Penjaga Kos,R. Cuci,R. Tamu,WiFi","Parkir Mobil,Parkir Motor & Sepeda,Parkir Sepeda",tidak,ya,tidak,Universitas Pembangunan Nasional Veteran Yogyakarta:1562
https://mamikos.com/room/kost-sleman-kost-putri-eksklusif-kost-singgahsini-zazafifa-tipe-a-maguwoharjo-yogyakarta-2?redirection_source=list%20kos%20result%20boundary,Kost Singgahsini Zazafifa Tipe A Maguwoharjo Yogyakarta,1210000,"Ada jam malam untuk tamu,Akses 24 Jam,Denda kerusakan barang kos,Dilarang bawa hewan,Dilarang merokok di kamar,Lawan jenis dilarang ke kamar,Tamu dilarang menginap,Tidak boleh bawa anak,Tidak untuk pasutri","AC,Bantal,Cermin,Guling,Jendela,Kasur,Kursi,Lemari Baju,Meja,Wastafel","CCTV,Dapur,Jemuran,Penjaga Kos,R. Jemur,R. Tamu,WiFi",Parkir Motor & Sepeda,ya,ya,tidak,Universitas Pembangunan Nasional Veteran Yogyakarta:1571
https://mamikos.com/room/kost-kabupaten-sleman-kost-putra-eksklusif-kost-singgahsini-pramesthi-upn-tipe-a-yogyakarta?redirection_source=list%20kos%20result%20boundary,Kost Singgahsini Pramesthi UPN Tipe A Yogyakarta,1525000,"Ada jam malam untuk tamu,Akses 24 Jam,Denda kerusakan barang kos,Dilarang bawa hewan,Wajib ikut piket","AC,Bantal,Guling,Jendela,Kasur,Kulkas,Lemari Baju,Meja,TV,Ventilasi","CCTV,Dapur,Kulkas,Mesin Cuci,Penjaga Kos,R. Jemur,R. Makan,R. Tamu,TV,WiFi","Parkir Mobil,Parkir Sepeda",ya,tidak,ya,Universitas Negeri Yogyakarta:1671
https://mamikos.com/room/kost-sleman-kost-campur-eksklusif-kost-singgahsini-rumah-eyang-tipe-a-gejayan-yogyakarta-2?redirection_source=list%20kos%20result%20boundary,Kost Singgahsini Rumah Eyang Tipe A Gejayan Yogyakarta,1525000,"Ada jam malam,Ada jam malam untuk tamu,Boleh pasutri,Denda kerusakan barang kos,Dilarang bawa hewan,Dilarang merokok di kamar,Lawan jenis dilarang ke kamar,Maks. 2 orang/ kamar,Tamu boleh menginap,Tamu menginap dikenakan biaya,Tidak boleh bawa anak","AC,Bantal,Cermin,Guling,Jendela,Kasur,Kursi,Lemari Baju,Meja","Penjaga Kos,R. Tamu,WiFi","Parkir Mobil,Parkir Motor & Sepeda",ya,ya,tidak,Universitas Negeri Yogyakarta:1738
https://mamikos.com/room/kost-sleman-kost-putri-eksklusif-kost-singgahsini-omah-anggur-tipe-c-seturan-yogyakarta-1?redirection_source=list%20kos%20result%20boundary,Kost Singgahsini Omah Anggur Tipe C Seturan Yogyakarta,1825000,"Ada jam malam untuk tamu,Akses 24 Jam,Denda kerusakan barang kos,Dilarang merokok di kamar,Lawan jenis dilarang ke kamar,Maks. 2 orang/ kamar,Tamu menginap dikenakan biaya","AC,Bantal,Jendela,Kasur,Kursi,Lemari Baju,Meja,Ventilasi","Dapur,R. Tamu,WiFi","Parkir Mobil,Parkir Sepeda",ya,ya,tidak,Universitas Atma Jaya Yogyakarta:1131
https://mamikos.com/room/kost-kabupaten-sleman-kost-campur-murah-kost-carolus-ngaglik-sleman?redirection_source=list%20kos%20result%20boundary,Kost Carolus Ngaglik Sleman,750000,"Ada jam malam untuk tamu,Denda kerusakan barang kos,Dilarang bawa hewan,Kamar hanya bagi penyewa,Kriteria umum,Lawan jenis dilarang ke kamar,Maks. 1 orang/ kamar,Menunjukan bukti (-) Swab saat check-in,Tambah biaya untuk alat elektronik,Tamu dilarang menginap,Tidak bisa DP (sewa harian),Tidak boleh bawa anak,Tidak untuk pasutri","Kasur,Lemari Baju,Meja,Ventilasi","Jemuran,R. Jemur,R. Tamu,WiFi","Parkir Mobil,Parkir Motor,Parkir Motor & Sepeda,Parkir Sepeda",tidak,tidak,tidak,Sekolah Tinggi Ilmu Manajemen Ykpn:1962
https://mamikos.com/room/kost-kabupaten-sleman-kost-putra-eksklusif-kost-singgahsini-cozy-sawitsari-6-tipe-d-condongcatur-yogyakarta?redirection_source=list%20kos%20result%20boundary,Kost Singgahsini Cozy Sawitsari 6 Tipe D Condongcatur Yogyakarta,1425000,"Ada jam malam untuk tamu,Akses 24 Jam,Denda kerusakan barang kos,Dilarang bawa hewan,Dilarang merokok di kamar,Lawan jenis dilarang ke kamar,Maks. 2 orang/ kamar,Tambah biaya untuk alat elektronik,Tamu menginap dikenakan biaya,Wajib ikut piket","AC,Bantal,Cermin,Jendela,Kasur,Lemari Baju,Ventilasi","K. Mandi Luar,R. Tamu,WiFi",Parkir Mobil,ya,tidak,ya,Universitas Gadjah Mada:2035
https://mamikos.com/room/kost-kabupaten-sleman-kost-putra-eksklusif-kost-singgahsini-kledokan-seturan-tipe-b-yogyakarta?redirection_source=list%20kos%20result%20boundary,Kost Singgahsini Kledokan Seturan Tipe B Yogyakarta,1775000,"Ada jam malam untuk tamu,Akses 24 Jam,Denda kerusakan barang kos,Dilarang bawa hewan,Dilarang merokok di kamar,Kriteria umum,Lawan jenis dilarang ke kamar,Maks. 2 orang/ kamar,Tamu menginap dikenakan biaya","AC,Bantal,Guling,Kasur,Kursi,Lemari Baju,Meja,TV","CCTV,Dapur,Kulkas,R. Jemur,R. Tamu,WiFi","Parkir Mobil,Parkir Sepeda",ya,ya,tidak,Universitas Pembangunan Nasional Veteran Yogyakarta:694
https://mamikos.com/room/kost-kabupaten-sleman-kost-putra-murah-kost-singgahsini-cozy-sawitsari-6-tipe-a-condongcatur-yogyakarta-2?redirection_source=list%20kos%20result%20boundary,Kost Singgahsini Cozy Sawitsari 6 Tipe A Condongcatur Yogyakarta,900000,"Ada jam malam untuk tamu,Akses 24 Jam,Denda kerusakan barang kos,Dilarang bawa hewan,Dilarang merokok di kamar,Lawan jenis dilarang ke kamar,Maks. 2 orang/ kamar,Tambah biaya untuk alat elektronik,Tamu menginap dikenakan biaya,Wajib ikut piket","Bantal,Cermin,Jendela,Kasur,Lemari Baju","K. Mandi Luar,R. Tamu,WiFi",Parkir Mobil,ya,tidak,ya,Universitas Gadjah Mada:2030
https://mamikos.com/room/kost-kabupaten-sleman-kost-putri-eksklusif-kost-livingkoost-depok-sleman?redirection_source=list%20kos%20result%20boundary,Kost Livingkoost Depok Sleman,1900000,,"AC,Bantal,Cleaning service,Guling,Jendela,Kasur,Kursi,Ventilasi","Balcon,CCTV,Dapur,Dispenser,Jemuran,Kulkas,Penjaga Kos,R. Cuci,R. Jemur,R. Santai,R. Tamu,WiFi","Parkir Mobil,Parkir Motor,Parkir Motor & Sepeda,Parkir Sepeda",ya,ya,tidak,Universitas Gadjah Mada:1272
https://mamikos.com/room/kost-sleman-kost-campur-eksklusif-kost-singgahsini-rien-house-tipe-a-condongcatur-yogyakarta?redirection_source=list%20kos%20result%20boundary,Kost Singgahsini Rien House Tipe A Condongcatur Yogyakarta,1725000,"Akses 24 Jam,Boleh pasutri,Dilarang bawa hewan,Lawan jenis dilarang ke kamar,Maks. 2 orang/ kamar","AC,Cleaning service,Kasur,Kursi,Lemari Baju,Meja,TV","Dapur,Penjaga Kos,R. Keluarga,R. Santai,R. Tamu,Taman,WiFi",Parkir Mobil,ya,ya,tidak,Universitas Amikom Yogyakarta:680
https://mamikos.com/room/kost-kabupaten-sleman-kost-putri-murah-kost-pojokan-tipe-a-depok-sleman?redirection_source=list%20kos%20result%20boundary,Kost Pojokan Tipe A Depok Sleman,700000,"Ada jam malam untuk tamu,Akses 24 Jam,Harga termasuk listrik (sewa harian),Kamar hanya bagi penyewa,Kriteria umum,Lawan jenis dilarang ke kamar,Maks. 1 orang/ kamar,Tamu bebas berkunjung","Jendela,Kasur,Lemari Baju,Ventilasi","Balcon,Dapur,Jemuran,R. Jemur,R. Tamu,WiFi","Parkir Motor,Parkir Motor & Sepeda",tidak,ya,ya,Universitas Amikom Yogyakarta:1922
https://mamikos.com/room/kost-kabupaten-sleman-kost-putri-eksklusif-kost-syariah-griya-almira-1-ngaglik-sleman-2?redirection_source=list%20kos%20result%20boundary,Kost Syariah Griya Almira 1 Ngaglik Sleman,1350000,"Ada jam malam,Ada jam malam untuk tamu,Dilarang bawa hewan,Dilarang merokok di kamar,Khusus Mahasiswa,Lawan jenis dilarang ke kamar,Maks. 1 orang/ kamar","AC,Bantal,Cermin,Guling,Jendela,Kasur,Kulkas,Kursi,Lemari Baju,Meja,TV,Ventilasi,Wastafel","Balcon,CCTV,Dapur,Jemuran,Jual Makanan,Kulkas,Mesin Cuci,Pengurus Kos,Penjaga Kos,R. Cuci,R. Jemur,R. Makan,R. Santai,R. Tamu,TV,WiFi","Parkir Mobil,Parkir Motor,Parkir Sepeda",ya,ya,tidak,Universitas Islam Indonesia:2102
https://mamikos.com/room/kost-kabupaten-sleman-kost-putri-eksklusif-kost-singgahsini-rumah-putih-tipe-b-mlati-yogyakarta?redirection_source=list%20kos%20result%20boundary,Kost Singgahsini Rumah Putih Tipe B Mlati Yogyakarta,1375000,"Akses 24 Jam,Dilarang bawa hewan,Lawan jenis dilarang ke kamar,Maks. 2 orang/ kamar","AC,Bantal,Cermin,Guling,Kasur,Kursi,Lemari Baju,Meja,TV","Dapur,Dispenser,K. Mandi Luar,Kulkas,Penjaga Kos,R. Cuci,R. Tamu,TV,WiFi","Parkir Mobil,Parkir Motor & Sepeda,Parkir Sepeda",ya,ya,tidak,Universitas Teknologi Yogyakarta:3116
https://mamikos.com/room/kost-sleman-kost-putri-murah-kost-apik-roemah-aisyah-tipe-a-yogyakarta-2?redirection_source=list%20kos%20result%20boundary,Kost Apik Roemah Aisyah Tipe A Yogyakarta,625000,"Ada jam malam untuk tamu,Akses 24 Jam,Denda kerusakan barang kos,Dilarang bawa hewan,Dilarang merokok di kamar,Lawan jenis dilarang ke kamar,Maks. 2 orang/ kamar,Tamu menginap dikenakan biaya,Tidak boleh bawa anak,Tidak untuk pasutri,Wajib ikut piket","Bantal,Cermin,Guling,Jendela,Kasur,Kipas Angin,Lemari Baju,Ventilasi","Dapur,Jemuran,K. Mandi Luar,Penjaga Kos,R. Jemur,R. Tamu,WiFi",Parkir Motor & Sepeda,tidak,tidak,ya,Sekolah Tinggi Ilmu Kesehatan Aisyiyah Yogyakarta:745
https://mamikos.com/room/kost-kabupaten-sleman-kost-putri-eksklusif-kost-singgahsini-putri-maoni-tipe-c-gejayan-yogyakarta?redirection_source=list%20kos%20result%20boundary,Kost Singgahsini Putri Maoni Tipe C Gejayan Yogyakarta,1845000,"Akses 24 Jam,Dilarang bawa hewan,Lawan jenis dilarang ke kamar,Maks. 2 orang/ kamar,Tamu boleh menginap","AC,Bantal,Cleaning service,Guling,Kasur,Kursi,Lemari Baju,Meja,Sofa,TV","Dapur,Dispenser,Penjaga Kos,R. Jemur,R. Keluarga,R. Santai,R. Tamu,Rice Cooker,WiFi","Parkir Mobil,Parkir Sepeda",ya,ya,tidak,Universitas Negeri Yogyakarta:1008
https://mamikos.com/room/kost-sleman-kost-putri-eksklusif-kost-singgahsini-house-of-dyandra-tipe-a-yogyakarta-2?redirection_source=list%20kos%20result%20boundary,Kost Singgahsini House of Dyandra Tipe A Yogyakarta,1825000,"Ada jam malam,Ada jam malam untuk tamu,Denda kerusakan barang kos,Dilarang bawa hewan,Dilarang merokok di kamar,Lawan jenis dilarang ke kamar,Maks. 2 orang/ kamar,Tamu menginap dikenakan biaya,Tidak boleh bawa anak,Tidak untuk pasutri","AC,Bantal,Cermin,Jendela,Kasur,Kursi,Lemari Baju,Meja,TV","CCTV,Dapur,Dispenser,Jemuran,Kulkas,Penjaga Kos,R. Cuci,R. Jemur,R. Makan,R. Tamu,WiFi","Parkir Mobil,Parkir Motor & Sepeda",ya,ya,tidak,Universitas Amikom Yogyakarta:509
https://mamikos.com/room/kost-kabupaten-sleman-kost-putri-eksklusif-kost-singgahsini-wulandari-tipe-c-wedomartani-yogyakarta-2?redirection_source=list%20kos%20result%20boundary,Kost Singgahsini Wulandari Tipe C Wedomartani Yogyakarta,1325000,"Ada jam malam,Denda kerusakan barang kos,Dilarang bawa hewan,Dilarang menerima tamu,Dilarang merokok di kamar,Lawan jenis dilarang ke kamar,Tamu dilarang menginap,Tidak boleh bawa anak,Tidak untuk pasutri","AC,Jendela,Kasur,Kursi,Lemari Baju,Meja","CCTV,Dapur,Mushola,Penjaga Kos,R. Jemur,R. Makan,R. Tamu,Rooftop,WiFi","Parkir Mobil,Parkir Motor & Sepeda",ya,ya,tidak,Universitas Amikom Yogyakarta:1662
https://mamikos.com/room/kost-kabupaten-sleman-kost-putri-murah-kost-apik-pondok-trio-tipe-c-maguwoharjo-yogyakarta--1?redirection_source=list%20kos%20result%20boundary,Kost Apik Pondok Trio Tipe C Maguwoharjo Yogyakarta,875000,"Ada jam malam,Dilarang bawa hewan,Lawan jenis dilarang ke kamar,Maks. 2 orang/ kamar,Tamu menginap dikenakan biaya","Bantal,Jendela,Kasur,Lemari Baju","Dapur,K. Mandi Luar,Penjaga Kos,R. Cuci,R. Tamu,WiFi","Parkir Mobil,Parkir Motor & Sepeda,Parkir Sepeda",tidak,ya,tidak,Universitas Pembangunan Nasional Veteran Yogyakarta:1562
https://mamikos.com/room/kost-sleman-kost-putri-eksklusif-kost-singgahsini-zazafifa-tipe-a-maguwoharjo-yogyakarta-2?redirection_source=list%20kos%20result%20boundary,Kost Singgahsini Zazafifa Tipe A Maguwoharjo Yogyakarta,1210000,"Ada jam malam untuk tamu,Akses 24 Jam,Denda kerusakan barang kos,Dilarang bawa hewan,Dilarang merokok di kamar,Lawan jenis dilarang ke kamar,Tamu dilarang menginap,Tidak boleh bawa anak,Tidak untuk pasutri","AC,Bantal,Cermin,Guling,Jendela,Kasur,Kursi,Lemari Baju,Meja,Wastafel","CCTV,Dapur,Jemuran,Penjaga Kos,R. Jemur,R. Tamu,WiFi",Parkir Motor & Sepeda,ya,ya,tidak,Universitas Pembangunan Nasional Veteran Yogyakarta:1571
https://mamikos.com/room/kost-kabupaten-sleman-kost-putra-eksklusif-kost-singgahsini-pramesthi-upn-tipe-a-yogyakarta?redirection_source=list%20kos%20result%20boundary,Kost Singgahsini Pramesthi UPN Tipe A Yogyakarta,1525000,"Ada jam malam untuk tamu,Akses 24 Jam,Denda kerusakan barang kos,Dilarang bawa hewan,Wajib ikut piket","AC,Bantal,Guling,Jendela,Kasur,Kulkas,Lemari Baju,Meja,TV,Ventilasi","CCTV,Dapur,Kulkas,Mesin Cuci,Penjaga Kos,R. Jemur,R. Makan,R. Tamu,TV,WiFi","Parkir Mobil,Parkir Sepeda",ya,tidak,ya,Universitas Negeri Yogyakarta:1671
https://mamikos.com/room/kost-sleman-kost-campur-eksklusif-kost-singgahsini-rumah-eyang-tipe-a-gejayan-yogyakarta-2?redirection_source=list%20kos%20result%20boundary,Kost Singgahsini Rumah Eyang Tipe A Gejayan Yogyakarta,1525000,"Ada jam malam,Ada jam malam untuk tamu,Boleh pasutri,Denda kerusakan barang kos,Dilarang bawa hewan,Dilarang merokok di kamar,Lawan jenis dilarang ke kamar,Maks. 2 orang/ kamar,Tamu boleh menginap,Tamu menginap dikenakan biaya,Tidak boleh bawa anak","AC,Bantal,Cermin,Guling,Jendela,Kasur,Kursi,Lemari Baju,Meja","Penjaga Kos,R. Tamu,WiFi","Parkir Mobil,Parkir Motor & Sepeda",ya,ya,tidak,Universitas Negeri Yogyakarta:1738
https://mamikos.com/room/kost-kabupaten-sleman-kost-putra-murah-kost-singgahsini-cozy-sawitsari-6-tipe-a-condongcatur-yogyakarta-2?redirection_source=list%20kos%20result%20boundary,Kost Singgahsini Cozy Sawitsari 6 Tipe A Condongcatur Yogyakarta,900000,"Ada jam malam untuk tamu,Akses 24 Jam,Denda kerusakan barang kos,Dilarang bawa hewan,Dilarang merokok di kamar,Lawan jenis dilarang ke kamar,Maks. 2 orang/ kamar,Tambah biaya untuk alat elektronik,Tamu menginap dikenakan biaya,Wajib ikut piket","Bantal,Cermin,Jendela,Kasur,Lemari Baju","K. Mandi Luar,R. Tamu,WiFi",Parkir Mobil,ya,tidak,ya,Universitas Gadjah Mada:2030
https://mamikos.com/room/kost-kabupaten-sleman-kost-putri-eksklusif-kost-livingkoost-depok-sleman?redirection_source=list%20kos%20result%20boundary,Kost Livingkoost Depok Sleman,1900000,,"AC,Bantal,Cleaning service,Guling,Jendela,Kasur,Kursi,Ventilasi","Balcon,CCTV,Dapur,Dispenser,Jemuran,Kulkas,Penjaga Kos,R. Cuci,R. Jemur,R. Santai,R. Tamu,WiFi","Parkir Mobil,Parkir Motor,Parkir Motor & Sepeda,Parkir Sepeda",ya,ya,tidak,Universitas Gadjah Mada:1272
https://mamikos.com/room/kost-sleman-kost-campur-eksklusif-kost-singgahsini-rien-house-tipe-a-condongcatur-yogyakarta?redirection_source=list%20kos%20result%20boundary,Kost Singgahsini Rien House Tipe A Condongcatur Yogyakarta,1725000,"Akses 24 Jam,Boleh pasutri,Dilarang bawa hewan,Lawan jenis dilarang ke kamar,Maks. 2 orang/ kamar","AC,Cleaning service,Kasur,Kursi,Lemari Baju,Meja,TV","Dapur,Penjaga Kos,R. Keluarga,R. Santai,R. Tamu,Taman,WiFi",Parkir Mobil,ya,ya,tidak,Universitas Amikom Yogyakarta:680
https://mamikos.com/room/kost-kabupaten-sleman-kost-putri-murah-kost-pojokan-tipe-a-depok-sleman?redirection_source=list%20kos%20result%20boundary,Kost Pojokan Tipe A Depok Sleman,700000,"Ada jam malam untuk tamu,Akses 24 Jam,Harga termasuk listrik (sewa harian),Kamar hanya bagi penyewa,Kriteria umum,Lawan jenis dilarang ke kamar,Maks. 1 orang/ kamar,Tamu bebas berkunjung","Jendela,Kasur,Lemari Baju,Ventilasi","Balcon,Dapur,Jemuran,R. Jemur,R. Tamu,WiFi","Parkir Motor,Parkir Motor & Sepeda",tidak,ya,ya,Universitas Amikom Yogyakarta:1922
https://mamikos.com/room/kost-kabupaten-sleman-kost-putri-eksklusif-kost-syariah-griya-almira-1-ngaglik-sleman-2?redirection_source=list%20kos%20result%20boundary,Kost Syariah Griya Almira 1 Ngaglik Sleman,1350000,"Ada jam malam,Ada jam malam untuk tamu,Dilarang bawa hewan,Dilarang merokok di kamar,Khusus Mahasiswa,Lawan jenis dilarang ke kamar,Maks. 1 orang/ kamar","AC,Bantal,Cermin,Guling,Jendela,Kasur,Kulkas,Kursi,Lemari Baju,Meja,TV,Ventilasi,Wastafel","Balcon,CCTV,Dapur,Jemuran,Jual Makanan,Kulkas,Mesin Cuci,Pengurus Kos,Penjaga Kos,R. Cuci,R. Jemur,R. Makan,R. Santai,R. Tamu,TV,WiFi","Parkir Mobil,Parkir Motor,Parkir Sepeda",ya,ya,tidak,Universitas Islam Indonesia:2102
https://mamikos.com/room/kost-kabupaten-sleman-kost-putri-eksklusif-kost-singgahsini-rumah-putih-tipe-b-mlati-yogyakarta?redirection_source=list%20kos%20result%20boundary,Kost Singgahsini Rumah Putih Tipe B Mlati Yogyakarta,1375000,"Akses 24 Jam,Dilarang bawa hewan,Lawan jenis dilarang ke kamar,Maks. 2 orang/ kamar","AC,Bantal,Cermin,Guling,Kasur,Kursi,Lemari Baju,Meja,TV","Dapur,Dispenser,K. Mandi Luar,Kulkas,Penjaga Kos,R. Cuci,R. Tamu,TV,WiFi","Parkir Mobil,Parkir Motor & Sepeda,Parkir Sepeda",ya,ya,tidak,Universitas Teknologi Yogyakarta:3116
https://mamikos.com/room/kost-sleman-kost-putri-murah-kost-apik-roemah-aisyah-tipe-a-yogyakarta-2?redirection_source=list%20kos%20result%20boundary,Kost Apik Roemah Aisyah Tipe A Yogyakarta,625000,"Ada jam malam untuk tamu,Akses 24 Jam,Denda kerusakan barang kos,Dilarang bawa hewan,Dilarang merokok di kamar,Lawan jenis dilarang ke kamar,Maks. 2 orang/ kamar,Tamu menginap dikenakan biaya,Tidak boleh bawa anak,Tidak untuk pasutri,Wajib ikut piket","Bantal,Cermin,Guling,Jendela,Kasur,Kipas Angin,Lemari Baju,Ventilasi","Dapur,Jemuran,K. Mandi Luar,Penjaga Kos,R. Jemur,R. Tamu,WiFi",Parkir Motor & Sepeda,tidak,tidak,ya,Sekolah Tinggi Ilmu Kesehatan Aisyiyah Yogyakarta:745
https://mamikos.com/room/kost-kabupaten-sleman-kost-putri-eksklusif-kost-singgahsini-putri-maoni-tipe-c-gejayan-yogyakarta?redirection_source=list%20kos%20result%20boundary,Kost Singgahsini Putri Maoni Tipe C Gejayan Yogyakarta,1845000,"Akses 24 Jam,Dilarang bawa hewan,Lawan jenis dilarang ke kamar,Maks. 2 orang/ kamar,Tamu boleh menginap","AC,Bantal,Cleaning service,Guling,Kasur,Kursi,Lemari Baju,Meja,Sofa,TV","Dapur,Dispenser,Penjaga Kos,R. Jemur,R. Keluarga,R. Santai,R. Tamu,Rice Cooker,WiFi","Parkir Mobil,Parkir Sepeda",ya,ya,tidak,Universitas Negeri Yogyakarta:1008
https://mamikos.com/room/kost-sleman-kost-putri-eksklusif-kost-singgahsini-house-of-dyandra-tipe-a-yogyakarta-2?redirection_source=list%20kos%20result%20boundary,Kost Singgahsini House of Dyandra Tipe A Yogyakarta,1825000,"Ada jam malam,Ada jam malam untuk tamu,Denda kerusakan barang kos,Dilarang bawa hewan,Dilarang merokok di kamar,Lawan jenis dilarang ke kamar,Maks. 2 orang/ kamar,Tamu menginap dikenakan biaya,Tidak boleh bawa anak,Tidak untuk pasutri","AC,Bantal,Cermin,Jendela,Kasur,Kursi,Lemari Baju,Meja,TV","CCTV,Dapur,Dispenser,Jemuran,Kulkas,Penjaga Kos,R. Cuci,R. Jemur,R. Makan,R. Tamu,WiFi","Parkir Mobil,Parkir Motor & Sepeda",ya,ya,tidak,Universitas Amikom Yogyakarta:509
https://mamikos.com/room/kost-kabupaten-sleman-kost-putri-eksklusif-kost-singgahsini-wulandari-tipe-c-wedomartani-yogyakarta-2?redirection_source=list%20kos%20result%20boundary,Kost Singgahsini Wulandari Tipe C Wedomartani Yogyakarta,1325000,"Ada jam malam,Denda kerusakan barang kos,Dilarang bawa hewan,Dilarang menerima tamu,Dilarang merokok di kamar,Lawan jenis dilarang ke kamar,Tamu dilarang menginap,Tidak boleh bawa anak,Tidak untuk pasutri","AC,Jendela,Kasur,Kursi,Lemari Baju,Meja","CCTV,Dapur,Mushola,Penjaga Kos,R. Jemur,R. Makan,R. Tamu,Rooftop,WiFi","Parkir Mobil,Parkir Motor & Sepeda",ya,ya,tidak,Universitas Amikom Yogyakarta:1662
https://mamikos.com/room/kost-kabupaten-sleman-kost-putri-murah-kost-apik-pondok-trio-tipe-c-maguwoharjo-yogyakarta--1?redirection_source=list%20kos%20result%20boundary,Kost Apik Pondok Trio Tipe C Maguwoharjo Yogyakarta,875000,"Ada jam malam,Dilarang bawa hewan,Lawan jenis dilarang ke kamar,Maks. 2 orang/ kamar,Tamu menginap dikenakan biaya","Bantal,Jendela,Kasur,Lemari Baju","Dapur,K. Mandi Luar,Penjaga Kos,R. Cuci,R. Tamu,WiFi","Parkir Mobil,Parkir Motor & Sepeda,Parkir Sepeda",tidak,ya,tidak,Universitas Pembangunan Nasional Veteran Yogyakarta:1562
https://mamikos.com/room/kost-sleman-kost-putri-eksklusif-kost-singgahsini-zazafifa-tipe-a-maguwoharjo-yogyakarta-2?redirection_source=list%20kos%20result%20boundary,Kost Singgahsini Zazafifa Tipe A Maguwoharjo Yogyakarta,1210000,"Ada jam malam untuk tamu,Akses 24 Jam,Denda kerusakan barang kos,Dilarang bawa hewan,Dilarang merokok di kamar,Lawan jenis dilarang ke kamar,Tamu dilarang menginap,Tidak boleh bawa anak,Tidak untuk pasutri","AC,Bantal,Cermin,Guling,Jendela,Kasur,Kursi,Lemari Baju,Meja,Wastafel","CCTV,Dapur,Jemuran,Penjaga Kos,R. Jemur,R. Tamu,WiFi",Parkir Motor & Sepeda,ya,ya,tidak,Universitas Pembangunan Nasional Veteran Yogyakarta:1571
https://mamikos.com/room/kost-kabupaten-sleman-kost-putra-eksklusif-kost-singgahsini-pramesthi-upn-tipe-a-yogyakarta?redirection_source=list%20kos%20result%20boundary,Kost Singgahsini Pramesthi UPN Tipe A Yogyakarta,1525000,"Ada jam malam untuk tamu,Akses 24 Jam,Denda kerusakan barang kos,Dilarang bawa hewan,Wajib ikut piket","AC,Bantal,Guling,Jendela,Kasur,Kulkas,Lemari Baju,Meja,TV,Ventilasi","CCTV,Dapur,Kulkas,Mesin Cuci,Penjaga Kos,R. Jemur,R. Makan,R. Tamu,TV,WiFi","Parkir Mobil,Parkir Sepeda",ya,tidak,ya,Universitas Negeri Yogyakarta:1671
https://mamikos.com/room/kost-sleman-kost-campur-eksklusif-kost-singgahsini-rumah-eyang-tipe-a-gejayan-yogyakarta-2?redirection_source=list%20kos%20result%20boundary,Kost Singgahsini Rumah Eyang Tipe A Gejayan Yogyakarta,1525000,"Ada jam malam,Ada jam malam untuk tamu,Boleh pasutri,Denda kerusakan barang kos,Dilarang bawa hewan,Dilarang merokok di kamar,Lawan jenis dilarang ke kamar,Maks. 2 orang/ kamar,Tamu boleh menginap,Tamu menginap dikenakan biaya,Tidak boleh bawa anak","AC,Bantal,Cermin,Guling,Jendela,Kasur,Kursi,Lemari Baju,Meja","Penjaga Kos,R. Tamu,WiFi","Parkir Mobil,Parkir Motor & Sepeda",ya,ya,tidak,Universitas Negeri Yogyakarta:1738
https://mamikos.com/room/kost-kabupaten-sleman-kost-putri-eksklusif-kost-singgahsini-rumah-putih-tipe-b-mlati-yogyakarta?redirection_source=list%20kos%20result%20boundary,Kost Singgahsini Rumah Putih Tipe B Mlati Yogyakarta,1375000,"Akses 24 Jam,Dilarang bawa hewan,Lawan jenis dilarang ke kamar,Maks. 2 orang/ kamar","AC,Bantal,Cermin,Guling,Kasur,Kursi,Lemari Baju,Meja,TV","Dapur,Dispenser,K. Mandi Luar,Kulkas,Penjaga Kos,R. Cuci,R. Tamu,TV,WiFi","Parkir Mobil,Parkir Motor & Sepeda,Parkir Sepeda",ya,ya,tidak,Universitas Teknologi Yogyakarta:3116
https://mamikos.com/room/kost-sleman-kost-putri-murah-kost-apik-roemah-aisyah-tipe-a-yogyakarta-2?redirection_source=list%20kos%20result%20boundary,Kost Apik Roemah Aisyah Tipe A Yogyakarta,625000,"Ada jam malam untuk tamu,Akses 24 Jam,Denda kerusakan barang kos,Dilarang bawa hewan,Dilarang merokok di kamar,Lawan jenis dilarang ke kamar,Maks. 2 orang/ kamar,Tamu menginap dikenakan biaya,Tidak boleh bawa anak,Tidak untuk pasutri,Wajib ikut piket","Bantal,Cermin,Guling,Jendela,Kasur,Kipas Angin,Lemari Baju,Ventilasi","Dapur,Jemuran,K. Mandi Luar,Penjaga Kos,R. Jemur,R. Tamu,WiFi",Parkir Motor & Sepeda,tidak,tidak,ya,Sekolah Tinggi Ilmu Kesehatan Aisyiyah Yogyakarta:745
https://mamikos.com/room/kost-kabupaten-sleman-kost-putri-eksklusif-kost-singgahsini-putri-maoni-tipe-c-gejayan-yogyakarta?redirection_source=list%20kos%20result%20boundary,Kost Singgahsini Putri Maoni Tipe C Gejayan Yogyakarta,1845000,"Akses 24 Jam,Dilarang bawa hewan,Lawan jenis dilarang ke kamar,Maks. 2 orang/ kamar,Tamu boleh menginap","AC,Bantal,Cleaning service,Guling,Kasur,Kursi,Lemari Baju,Meja,Sofa,TV","Dapur,Dispenser,Penjaga Kos,R. Jemur,R. Keluarga,R. Santai,R. Tamu,Rice Cooker,WiFi","Parkir Mobil,Parkir Sepeda",ya,ya,tidak,Universitas Negeri Yogyakarta:1008
https://mamikos.com/room/kost-sleman-kost-putri-eksklusif-kost-singgahsini-house-of-dyandra-tipe-a-yogyakarta-2?redirection_source=list%20kos%20result%20boundary,Kost Singgahsini House of Dyandra Tipe A Yogyakarta,1825000,"Ada jam malam,Ada jam malam untuk tamu,Denda kerusakan barang kos,Dilarang bawa hewan,Dilarang merokok di kamar,Lawan jenis dilarang ke kamar,Maks. 2 orang/ kamar,Tamu menginap dikenakan biaya,Tidak boleh bawa anak,Tidak untuk pasutri","AC,Bantal,Cermin,Jendela,Kasur,Kursi,Lemari Baju,Meja,TV","CCTV,Dapur,Dispenser,Jemuran,Kulkas,Penjaga Kos,R. Cuci,R. Jemur,R. Makan,R. Tamu,WiFi","Parkir Mobil,Parkir Motor & Sepeda",ya,ya,tidak,Universitas Amikom Yogyakarta:509
https://mamikos.com/room/kost-kabupaten-sleman-kost-putri-eksklusif-kost-singgahsini-wulandari-tipe-c-wedomartani-yogyakarta-2?redirection_source=list%20kos%20result%20boundary,Kost Singgahsini Wulandari Tipe C Wedomartani Yogyakarta,1325000,"Ada jam malam,Denda kerusakan barang kos,Dilarang bawa hewan,Dilarang menerima tamu,Dilarang merokok di kamar,Lawan jenis dilarang ke kamar,Tamu dilarang menginap,Tidak boleh bawa anak,Tidak untuk pasutri","AC,Jendela,Kasur,Kursi,Lemari Baju,Meja","CCTV,Dapur,Mushola,Penjaga Kos,R. Jemur,R. Makan,R. Tamu,Rooftop,WiFi","Parkir Mobil,Parkir Motor & Sepeda",ya,ya,tidak,Universitas Amikom Yogyakarta:1662
https://mamikos.com/room/kost-kabupaten-sleman-kost-putri-murah-kost-apik-pondok-trio-tipe-c-maguwoharjo-yogyakarta--1?redirection_source=list%20kos%20result%20boundary,Kost Apik Pondok Trio Tipe C Maguwoharjo Yogyakarta,875000,"Ada jam malam,Dilarang bawa hewan,Lawan jenis dilarang ke kamar,Maks. 2 orang/ kamar,Tamu menginap dikenakan biaya","Bantal,Jendela,Kasur,Lemari Baju","Dapur,K. Mandi Luar,Penjaga Kos,R. Cuci,R. Tamu,WiFi","Parkir Mobil,Parkir Motor & Sepeda,Parkir Sepeda",tidak,ya,tidak,Universitas Pembangunan Nasional Veteran Yogyakarta:1562
https://mamikos.com/room/kost-sleman-kost-putri-eksklusif-kost-singgahsini-zazafifa-tipe-a-maguwoharjo-yogyakarta-2?redirection_source=list%20kos%20result%20boundary,Kost Singgahsini Zazafifa Tipe A Maguwoharjo Yogyakarta,1210000,"Ada jam malam untuk tamu,Akses 24 Jam,Denda kerusakan barang kos,Dilarang bawa hewan,Dilarang merokok di kamar,Lawan jenis dilarang ke kamar,Tamu dilarang menginap,Tidak boleh bawa anak,Tidak untuk pasutri","AC,Bantal,Cermin,Guling,Jendela,Kasur,Kursi,Lemari Baju,Meja,Wastafel","CCTV,Dapur,Jemuran,Penjaga Kos,R. Jemur,R. Tamu,WiFi",Parkir Motor & Sepeda,ya,ya,tidak,Universitas Pembangunan Nasional Veteran Yogyakarta:1571
https://mamikos.com/room/kost-kabupaten-sleman-kost-putra-eksklusif-kost-singgahsini-pramesthi-upn-tipe-a-yogyakarta?redirection_source=list%20kos%20result%20boundary,Kost Singgahsini Pramesthi UPN Tipe A Yogyakarta,1525000,"Ada jam malam untuk tamu,Akses 24 Jam,Denda kerusakan barang kos,Dilarang bawa hewan,Wajib ikut piket","AC,Bantal,Guling,Jendela,Kasur,Kulkas,Lemari Baju,Meja,TV,Ventilasi","CCTV,Dapur,Kulkas,Mesin Cuci,Penjaga Kos,R. Jemur,R. Makan,R. Tamu,TV,WiFi","Parkir Mobil,Parkir Sepeda",ya,tidak,ya,Universitas Negeri Yogyakarta:1671
https://mamikos.com/room/kost-sleman-kost-campur-eksklusif-kost-singgahsini-rumah-eyang-tipe-a-gejayan-yogyakarta-2?redirection_source=list%20kos%20result%20boundary,Kost Singgahsini Rumah Eyang Tipe A Gejayan Yogyakarta,1525000,"Ada jam malam,Ada jam malam untuk tamu,Boleh pasutri,Denda kerusakan barang kos,Dilarang bawa hewan,Dilarang merokok di kamar,Lawan jenis dilarang ke kamar,Maks. 2 orang/ kamar,Tamu boleh menginap,Tamu menginap dikenakan biaya,Tidak boleh bawa anak","AC,Bantal,Cermin,Guling,Jendela,Kasur,Kursi,Lemari Baju,Meja","Penjaga Kos,R. Tamu,WiFi","Parkir Mobil,Parkir Motor & Sepeda",ya,ya,tidak,Universitas Negeri Yogyakarta:1738
https://mamikos.com/room/kost-sleman-kost-putri-eksklusif-kost-singgahsini-omah-anggur-tipe-c-seturan-yogyakarta-1?redirection_source=list%20kos%20result%20boundary,Kost Singgahsini Omah Anggur Tipe C Seturan Yogyakarta,1825000,"Ada jam malam untuk tamu,Akses 24 Jam,Denda kerusakan barang kos,Dilarang merokok di kamar,Lawan jenis dilarang ke kamar,Maks. 2 orang/ kamar,Tamu menginap dikenakan biaya","AC,Bantal,Jendela,Kasur,Kursi,Lemari Baju,Meja,Ventilasi","Dapur,R. Tamu,WiFi","Parkir Mobil,Parkir Sepeda",ya,ya,tidak,Universitas Atma Jaya Yogyakarta:1131
https://mamikos.com/room/kost-kabupaten-sleman-kost-campur-murah-kost-carolus-ngaglik-sleman?redirection_source=list%20kos%20result%20boundary,Kost Carolus Ngaglik Sleman,750000,"Ada jam malam untuk tamu,Denda kerusakan barang kos,Dilarang bawa hewan,Kamar hanya bagi penyewa,Kriteria umum,Lawan jenis dilarang ke kamar,Maks. 1 orang/ kamar,Menunjukan bukti (-) Swab saat check-in,Tambah biaya untuk alat elektronik,Tamu dilarang menginap,Tidak bisa DP (sewa harian),Tidak boleh bawa anak,Tidak untuk pasutri","Kasur,Lemari Baju,Meja,Ventilasi","Jemuran,R. Jemur,R. Tamu,WiFi","Parkir Mobil,Parkir Motor,Parkir Motor & Sepeda,Parkir Sepeda",tidak,tidak,tidak,Sekolah Tinggi Ilmu Manajemen Ykpn:1962
https://mamikos.com/room/kost-kabupaten-sleman-kost-putra-eksklusif-kost-singgahsini-cozy-sawitsari-6-tipe-d-condongcatur-yogyakarta?redirection_source=list%20kos%20result%20boundary,Kost Singgahsini Cozy Sawitsari 6 Tipe D Condongcatur Yogyakarta,1425000,"Ada jam malam untuk tamu,Akses 24 Jam,Denda kerusakan barang kos,Dilarang bawa hewan,Dilarang merokok di kamar,Lawan jenis dilarang ke kamar,Maks. 2 orang/ kamar,Tambah biaya untuk alat elektronik,Tamu menginap dikenakan biaya,Wajib ikut piket","AC,Bantal,Cermin,Jendela,Kasur,Lemari Baju,Ventilasi","K. Mandi Luar,R. Tamu,WiFi",Parkir Mobil,ya,tidak,ya,Universitas Gadjah Mada:2035
https://mamikos.com/room/kost-kabupaten-sleman-kost-campur-eksklusif-kost-waringin-eksekutif-depok-sleman?redirection_source=list%20kos%20result%20boundary,Kost Waringin Eksekutif Depok Sleman,1300000,"Ada jam malam untuk tamu,Akses 24 Jam,Boleh pasutri,Dilarang bawa hewan,Kamar hanya bagi penyewa,Maks. 2 orang/ kamar,Tamu dilarang menginap","AC,Bantal,Cermin,Guling,Jendela,Kasur,Kursi,Lemari Baju,Meja,Ventilasi","Balcon,CCTV,Dapur,Jemuran,K. Mandi Luar,R. Makan,R. Santai,WiFi","Parkir Mobil,Parkir Motor,Parkir Motor & Sepeda,Parkir Sepeda",ya,tidak,tidak,Universitas Atma Jaya Yogyakarta:1792
https://mamikos.com/room/kost-sleman-kost-putri-eksklusif-kost-singgahsini-omah-anggur-tipe-c-seturan-yogyakarta-1?redirection_source=list%20kos%20result%20boundary,Kost Singgahsini Omah Anggur Tipe C Seturan Yogyakarta,1825000,"Ada jam malam untuk tamu,Akses 24 Jam,Denda kerusakan barang kos,Dilarang merokok di kamar,Lawan jenis dilarang ke kamar,Maks. 2 orang/ kamar,Tamu menginap dikenakan biaya","AC,Bantal,Jendela,Kasur,Kursi,Lemari Baju,Meja,Ventilasi","Dapur,R. Tamu,WiFi","Parkir Mobil,Parkir Sepeda",ya,ya,tidak,Universitas Atma Jaya Yogyakarta:1131
https://mamikos.com/room/kost-kabupaten-sleman-kost-campur-murah-kost-carolus-ngaglik-sleman?redirection_source=list%20kos%20result%20boundary,Kost Carolus Ngaglik Sleman,750000,"Ada jam malam untuk tamu,Denda kerusakan barang kos,Dilarang bawa hewan,Kamar hanya bagi penyewa,Kriteria umum,Lawan jenis dilarang ke kamar,Maks. 1 orang/ kamar,Menunjukan bukti (-) Swab saat check-in,Tambah biaya untuk alat elektronik,Tamu dilarang menginap,Tidak bisa DP (sewa harian),Tidak boleh bawa anak,Tidak untuk pasutri","Kasur,Lemari Baju,Meja,Ventilasi","Jemuran,R. Jemur,R. Tamu,WiFi","Parkir Mobil,Parkir Motor,Parkir Motor & Sepeda,Parkir Sepeda",tidak,tidak,tidak,Sekolah Tinggi Ilmu Manajemen Ykpn:1962
https://mamikos.com/room/kost-kabupaten-sleman-kost-putra-eksklusif-kost-singgahsini-cozy-sawitsari-6-tipe-d-condongcatur-yogyakarta?redirection_source=list%20kos%20result%20boundary,Kost Singgahsini Cozy Sawitsari 6 Tipe D Condongcatur Yogyakarta,1425000,"Ada jam malam untuk tamu,Akses 24 Jam,Denda kerusakan barang kos,Dilarang bawa hewan,Dilarang merokok di kamar,Lawan jenis dilarang ke kamar,Maks. 2 orang/ kamar,Tambah biaya untuk alat elektronik,Tamu menginap dikenakan biaya,Wajib ikut piket","AC,Bantal,Cermin,Jendela,Kasur,Lemari Baju,Ventilasi","K. Mandi Luar,R. Tamu,WiFi",Parkir Mobil,ya,tidak,ya,Universitas Gadjah Mada:2035
https://mamikos.com/room/kost-kabupaten-sleman-kost-campur-eksklusif-kost-waringin-eksekutif-depok-sleman?redirection_source=list%20kos%20result%20boundary,Kost Waringin Eksekutif Depok Sleman,1300000,"Ada jam malam untuk tamu,Akses 24 Jam,Boleh pasutri,Dilarang bawa hewan,Kamar hanya bagi penyewa,Maks. 2 orang/ kamar,Tamu dilarang menginap","AC,Bantal,Cermin,Guling,Jendela,Kasur,Kursi,Lemari Baju,Meja,Ventilasi","Balcon,CCTV,Dapur,Jemuran,K. Mandi Luar,R. Makan,R. Santai,WiFi","Parkir Mobil,Parkir Motor,Parkir Motor & Sepeda,Parkir Sepeda",ya,tidak,tidak,Universitas Atma Jaya Yogyakarta:1792
https://mamikos.com/room/kost-sleman-kost-campur-eksklusif-kost-eksklusif-omah-adhem-tipe-b-sambilegi-yogyakarta-1?redirection_source=list%20kos%20result%20boundary,Kost Eksklusif Omah Adhem Tipe B Sambilegi Maguwoharjo Depok Sleman Yogyakarta,1450000,"Akses 24 Jam,Maks. 2 orang/ kamar","AC,Bantal,Cermin,Cleaning service,Dispenser,Guling,Jendela,Kasur,Kulkas,Kursi,Lemari Baju,Meja,Meja Rias,TV,Wastafel","Balcon,CCTV,Dapur,Dispenser,Kulkas,Laundry,Locker,Mesin Cuci,Mushola,Pengurus Kos,Penjaga Kos,R. Cuci,R. Jemur,R. Makan,R. Santai,R. Tamu,TV,WiFi","Parkir Mobil,Parkir Motor,Parkir Sepeda",ya,ya,tidak,Universitas Atma Jaya Yogyakarta:2344
https://mamikos.com/room/kost-kabupaten-sleman-kost-putra-eksklusif-kost-singgahsini-kledokan-seturan-tipe-b-yogyakarta?redirection_source=list%20kos%20result%20boundary,Kost Singgahsini Kledokan Seturan Tipe B Yogyakarta,1775000,"Ada jam malam untuk tamu,Akses 24 Jam,Denda kerusakan barang kos,Dilarang bawa hewan,Dilarang merokok di kamar,Kriteria umum,Lawan jenis dilarang ke kamar,Maks. 2 orang/ kamar,Tamu menginap dikenakan biaya","AC,Bantal,Guling,Kasur,Kursi,Lemari Baju,Meja,TV","CCTV,Dapur,Kulkas,R. Jemur,R. Tamu,WiFi","Parkir Mobil,Parkir Sepeda",ya,ya,tidak,Universitas Pembangunan Nasional Veteran Yogyakarta:694
https://mamikos.com/room/kost-kabupaten-sleman-kost-putra-murah-kost-singgahsini-cozy-sawitsari-6-tipe-a-condongcatur-yogyakarta-2?redirection_source=list%20kos%20result%20boundary,Kost Singgahsini Cozy Sawitsari 6 Tipe A Condongcatur Yogyakarta,900000,"Ada jam malam untuk tamu,Akses 24 Jam,Denda kerusakan barang kos,Dilarang bawa hewan,Dilarang merokok di kamar,Lawan jenis dilarang ke kamar,Maks. 2 orang/ kamar,Tambah biaya untuk alat elektronik,Tamu menginap dikenakan biaya,Wajib ikut piket","Bantal,Cermin,Jendela,Kasur,Lemari Baju","K. Mandi Luar,R. Tamu,WiFi",Parkir Mobil,ya,tidak,ya,Universitas Gadjah Mada:2030
https://mamikos.com/room/kost-kabupaten-sleman-kost-putri-eksklusif-kost-livingkoost-depok-sleman?redirection_source=list%20kos%20result%20boundary,Kost Livingkoost Depok Sleman,1900000,,"AC,Bantal,Cleaning service,Guling,Jendela,Kasur,Kursi,Ventilasi","Balcon,CCTV,Dapur,Dispenser,Jemuran,Kulkas,Penjaga Kos,R. Cuci,R. Jemur,R. Santai,R. Tamu,WiFi","Parkir Mobil,Parkir Motor,Parkir Motor & Sepeda,Parkir Sepeda",ya,ya,tidak,Universitas Gadjah Mada:1272
https://mamikos.com/room/kost-sleman-kost-campur-eksklusif-kost-singgahsini-rien-house-tipe-a-condongcatur-yogyakarta?redirection_source=list%20kos%20result%20boundary,Kost Singgahsini Rien House Tipe A Condongcatur Yogyakarta,1725000,"Akses 24 Jam,Boleh pasutri,Dilarang bawa hewan,Lawan jenis dilarang ke kamar,Maks. 2 orang/ kamar","AC,Cleaning service,Kasur,Kursi,Lemari Baju,Meja,TV","Dapur,Penjaga Kos,R. Keluarga,R. Santai,R. Tamu,Taman,WiFi",Parkir Mobil,ya,ya,tidak,Universitas Amikom Yogyakarta:680
https://mamikos.com/room/kost-kabupaten-sleman-kost-putri-murah-kost-pojokan-tipe-a-depok-sleman?redirection_source=list%20kos%20result%20boundary,Kost Pojokan Tipe A Depok Sleman,700000,"Ada jam malam untuk tamu,Akses 24 Jam,Harga termasuk listrik (sewa harian),Kamar hanya bagi penyewa,Kriteria umum,Lawan jenis dilarang ke kamar,Maks. 1 orang/ kamar,Tamu bebas berkunjung","Jendela,Kasur,Lemari Baju,Ventilasi","Balcon,Dapur,Jemuran,R. Jemur,R. Tamu,WiFi","Parkir Motor,Parkir Motor & Sepeda",tidak,ya,ya,Universitas Amikom Yogyakarta:1922
https://mamikos.com/room/kost-kabupaten-sleman-kost-putri-eksklusif-kost-syariah-griya-almira-1-ngaglik-sleman-2?redirection_source=list%20kos%20result%20boundary,Kost Syariah Griya Almira 1 Ngaglik Sleman,1350000,"Ada jam malam,Ada jam malam untuk tamu,Dilarang bawa hewan,Dilarang merokok di kamar,Khusus Mahasiswa,Lawan jenis dilarang ke kamar,Maks. 1 orang/ kamar","AC,Bantal,Cermin,Guling,Jendela,Kasur,Kulkas,Kursi,Lemari Baju,Meja,TV,Ventilasi,Wastafel","Balcon,CCTV,Dapur,Jemuran,Jual Makanan,Kulkas,Mesin Cuci,Pengurus Kos,Penjaga Kos,R. Cuci,R. Jemur,R. Makan,R. Santai,R. Tamu,TV,WiFi","Parkir Mobil,Parkir Motor,Parkir Sepeda",ya,ya,tidak,Universitas Islam Indonesia:2102
https://mamikos.com/room/kost-kabupaten-sleman-kost-putri-eksklusif-kost-singgahsini-rumah-putih-tipe-b-mlati-yogyakarta?redirection_source=list%20kos%20result%20boundary,Kost Singgahsini Rumah Putih Tipe B Mlati Yogyakarta,1375000,"Akses 24 Jam,Dilarang bawa hewan,Lawan jenis dilarang ke kamar,Maks. 2 orang/ kamar","AC,Bantal,Cermin,Guling,Kasur,Kursi,Lemari Baju,Meja,TV","Dapur,Dispenser,K. Mandi Luar,Kulkas,Penjaga Kos,R. Cuci,R. Tamu,TV,WiFi","Parkir Mobil,Parkir Motor & Sepeda,Parkir Sepeda",ya,ya,tidak,Universitas Teknologi Yogyakarta:3116
https://mamikos.com/room/kost-sleman-kost-putri-murah-kost-apik-roemah-aisyah-tipe-a-yogyakarta-2?redirection_source=list%20kos%20result%20boundary,Kost Apik Roemah Aisyah Tipe A Yogyakarta,625000,"Ada jam malam untuk tamu,Akses 24 Jam,Denda kerusakan barang kos,Dilarang bawa hewan,Dilarang merokok di kamar,Lawan jenis dilarang ke kamar,Maks. 2 orang/ kamar,Tamu menginap dikenakan biaya,Tidak boleh bawa anak,Tidak untuk pasutri,Wajib ikut piket","Bantal,Cermin,Guling,Jendela,Kasur,Kipas Angin,Lemari Baju,Ventilasi","Dapur,Jemuran,K. Mandi Luar,Penjaga Kos,R. Jemur,R. Tamu,WiFi",Parkir Motor & Sepeda,tidak,tidak,ya,Sekolah Tinggi Ilmu Kesehatan Aisyiyah Yogyakarta:745
https://mamikos.com/room/kost-kabupaten-sleman-kost-putri-murah-kost-apik-pondok-trio-tipe-b-maguwoharjo-yogyakarta--1?redirection_source=list%20kos%20result%20boundary,Kost Apik Pondok Trio Tipe B Maguwoharjo Yogyakarta,775000,"Ada jam malam,Dilarang bawa hewan,Lawan jenis dilarang ke kamar,Maks. 2 orang/ kamar,Tamu menginap dikenakan biaya","Bantal,Jendela,Kasur,Lemari Baju","Dapur,K. Mandi Luar,Penjaga Kos,R. Cuci,R. Tamu,WiFi","Parkir Mobil,Parkir Motor & Sepeda,Parkir Sepeda",tidak,ya,tidak,Universitas Pembangunan Nasional Veteran Yogyakarta:1562
https://mamikos.com/room/kost-sleman-kost-putri-eksklusif-kost-singgahsini-house-of-dyandra-tipe-a-yogyakarta-2?redirection_source=list%20kos%20result%20boundary,Kost Singgahsini House of Dyandra Tipe A Yogyakarta,1825000,"Ada jam malam,Ada jam malam untuk tamu,Denda kerusakan barang kos,Dilarang bawa hewan,Dilarang merokok di kamar,Lawan jenis dilarang ke kamar,Maks. 2 orang/ kamar,Tamu menginap dikenakan biaya,Tidak boleh bawa anak,Tidak untuk pasutri","AC,Bantal,Cermin,Jendela,Kasur,Kursi,Lemari Baju,Meja,TV","CCTV,Dapur,Dispenser,Jemuran,Kulkas,Penjaga Kos,R. Cuci,R. Jemur,R. Makan,R. Tamu,WiFi","Parkir Mobil,Parkir Motor & Sepeda",ya,ya,tidak,Universitas Amikom Yogyakarta:509
https://mamikos.com/room/kost-kabupaten-sleman-kost-putri-murah-kost-apik-pondok-trio-tipe-c-maguwoharjo-yogyakarta--1?redirection_source=list%20kos%20result%20boundary,Kost Apik Pondok Trio Tipe C Maguwoharjo Yogyakarta,875000,"Ada jam malam,Dilarang bawa hewan,Lawan jenis dilarang ke kamar,Maks. 2 orang/ kamar,Tamu menginap dikenakan biaya","Bantal,Jendela,Kasur,Lemari Baju","Dapur,K. Mandi Luar,Penjaga Kos,R. Cuci,R. Tamu,WiFi","Parkir Mobil,Parkir Motor & Sepeda,Parkir Sepeda",tidak,ya,tidak,Universitas Pembangunan Nasional Veteran Yogyakarta:1562
https://mamikos.com/room/kost-sleman-kost-putri-eksklusif-kost-singgahsini-zazafifa-tipe-a-maguwoharjo-yogyakarta-2?redirection_source=list%20kos%20result%20boundary,Kost Singgahsini Zazafifa Tipe A Maguwoharjo Yogyakarta,1210000,"Ada jam malam untuk tamu,Akses 24 Jam,Denda kerusakan barang kos,Dilarang bawa hewan,Dilarang merokok di kamar,Lawan jenis dilarang ke kamar,Tamu dilarang menginap,Tidak boleh bawa anak,Tidak untuk pasutri","AC,Bantal,Cermin,Guling,Jendela,Kasur,Kursi,Lemari Baju,Meja,Wastafel","CCTV,Dapur,Jemuran,Penjaga Kos,R. Jemur,R. Tamu,WiFi",Parkir Motor & Sepeda,ya,ya,tidak,Universitas Pembangunan Nasional Veteran Yogyakarta:1571
https://mamikos.com/room/kost-kabupaten-sleman-kost-putra-eksklusif-kost-singgahsini-pramesthi-upn-tipe-a-yogyakarta?redirection_source=list%20kos%20result%20boundary,Kost Singgahsini Pramesthi UPN Tipe A Yogyakarta,1525000,"Ada jam malam untuk tamu,Akses 24 Jam,Denda kerusakan barang kos,Dilarang bawa hewan,Wajib ikut piket","AC,Bantal,Guling,Jendela,Kasur,Kulkas,Lemari Baju,Meja,TV,Ventilasi","CCTV,Dapur,Kulkas,Mesin Cuci,Penjaga Kos,R. Jemur,R. Makan,R. Tamu,TV,WiFi","Parkir Mobil,Parkir Sepeda",ya,tidak,ya,Universitas Negeri Yogyakarta:1671
https://mamikos.com/room/kost-sleman-kost-campur-eksklusif-kost-singgahsini-rumah-eyang-tipe-a-gejayan-yogyakarta-2?redirection_source=list%20kos%20result%20boundary,Kost Singgahsini Rumah Eyang Tipe A Gejayan Yogyakarta,1525000,"Ada jam malam,Ada jam malam untuk tamu,Boleh pasutri,Denda kerusakan barang kos,Dilarang bawa hewan,Dilarang merokok di kamar,Lawan jenis dilarang ke kamar,Maks. 2 orang/ kamar,Tamu boleh menginap,Tamu menginap dikenakan biaya,Tidak boleh bawa anak","AC,Bantal,Cermin,Guling,Jendela,Kasur,Kursi,Lemari Baju,Meja","Penjaga Kos,R. Tamu,WiFi","Parkir Mobil,Parkir Motor & Sepeda",ya,ya,tidak,Universitas Negeri Yogyakarta:1738
https://mamikos.com/room/kost-sleman-kost-putri-eksklusif-kost-singgahsini-omah-anggur-tipe-c-seturan-yogyakarta-1?redirection_source=list%20kos%20result%20boundary,Kost Singgahsini Omah Anggur Tipe C Seturan Yogyakarta,1825000,"Ada jam malam untuk tamu,Akses 24 Jam,Denda kerusakan barang kos,Dilarang merokok di kamar,Lawan jenis dilarang ke kamar,Maks. 2 orang/ kamar,Tamu menginap dikenakan biaya","AC,Bantal,Jendela,Kasur,Kursi,Lemari Baju,Meja,Ventilasi","Dapur,R. Tamu,WiFi","Parkir Mobil,Parkir Sepeda",ya,ya,tidak,Universitas Atma Jaya Yogyakarta:1131
https://mamikos.com/room/kost-kabupaten-sleman-kost-campur-murah-kost-carolus-ngaglik-sleman?redirection_source=list%20kos%20result%20boundary,Kost Carolus Ngaglik Sleman,750000,"Ada jam malam untuk tamu,Denda kerusakan barang kos,Dilarang bawa hewan,Kamar hanya bagi penyewa,Kriteria umum,Lawan jenis dilarang ke kamar,Maks. 1 orang/ kamar,Menunjukan bukti (-) Swab saat check-in,Tambah biaya untuk alat elektronik,Tamu dilarang menginap,Tidak bisa DP (sewa harian),Tidak boleh bawa anak,Tidak untuk pasutri","Kasur,Lemari Baju,Meja,Ventilasi","Jemuran,R. Jemur,R. Tamu,WiFi","Parkir Mobil,Parkir Motor,Parkir Motor & Sepeda,Parkir Sepeda",tidak,tidak,tidak,Sekolah Tinggi Ilmu Manajemen Ykpn:1962
https://mamikos.com/room/kost-kabupaten-sleman-kost-putra-eksklusif-kost-singgahsini-cozy-sawitsari-6-tipe-d-condongcatur-yogyakarta?redirection_source=list%20kos%20result%20boundary,Kost Singgahsini Cozy Sawitsari 6 Tipe D Condongcatur Yogyakarta,1425000,"Ada jam malam untuk tamu,Akses 24 Jam,Denda kerusakan barang kos,Dilarang bawa hewan,Dilarang merokok di kamar,Lawan jenis dilarang ke kamar,Maks. 2 orang/ kamar,Tambah biaya untuk alat elektronik,Tamu menginap dikenakan biaya,Wajib ikut piket","AC,Bantal,Cermin,Jendela,Kasur,Lemari Baju,Ventilasi","K. Mandi Luar,R. Tamu,WiFi",Parkir Mobil,ya,tidak,ya,Universitas Gadjah Mada:2035
https://mamikos.com/room/kost-kabupaten-sleman-kost-campur-eksklusif-kost-waringin-eksekutif-depok-sleman?redirection_source=list%20kos%20result%20boundary,Kost Waringin Eksekutif Depok Sleman,1300000,"Ada jam malam untuk tamu,Akses 24 Jam,Boleh pasutri,Dilarang bawa hewan,Kamar hanya bagi penyewa,Maks. 2 orang/ kamar,Tamu dilarang menginap","AC,Bantal,Cermin,Guling,Jendela,Kasur,Kursi,Lemari Baju,Meja,Ventilasi","Balcon,CCTV,Dapur,Jemuran,K. Mandi Luar,R. Makan,R. Santai,WiFi","Parkir Mobil,Parkir Motor,Parkir Motor & Sepeda,Parkir Sepeda",ya,tidak,tidak,Universitas Atma Jaya Yogyakarta:1792
https://mamikos.com/room/kost-sleman-kost-campur-eksklusif-kost-eksklusif-omah-adhem-tipe-b-sambilegi-yogyakarta-1?redirection_source=list%20kos%20result%20boundary,Kost Eksklusif Omah Adhem Tipe B Sambilegi Maguwoharjo Depok Sleman Yogyakarta,1450000,"Akses 24 Jam,Maks. 2 orang/ kamar","AC,Bantal,Cermin,Cleaning service,Dispenser,Guling,Jendela,Kasur,Kulkas,Kursi,Lemari Baju,Meja,Meja Rias,TV,Wastafel","Balcon,CCTV,Dapur,Dispenser,Kulkas,Laundry,Locker,Mesin Cuci,Mushola,Pengurus Kos,Penjaga Kos,R. Cuci,R. Jemur,R. Makan,R. Santai,R. Tamu,TV,WiFi","Parkir Mobil,Parkir Motor,Parkir Sepeda",ya,ya,tidak,Universitas Atma Jaya Yogyakarta:2344
https://mamikos.com/room/kost-kabupaten-sleman-kost-putra-eksklusif-kost-singgahsini-kledokan-seturan-tipe-b-yogyakarta?redirection_source=list%20kos%20result%20boundary,Kost Singgahsini Kledokan Seturan Tipe B Yogyakarta,1775000,"Ada jam malam untuk tamu,Akses 24 Jam,Denda kerusakan barang kos,Dilarang bawa hewan,Dilarang merokok di kamar,Kriteria umum,Lawan jenis dilarang ke kamar,Maks. 2 orang/ kamar,Tamu menginap dikenakan biaya","AC,Bantal,Guling,Kasur,Kursi,Lemari Baju,Meja,TV","CCTV,Dapur,Kulkas,R. Jemur,R. Tamu,WiFi","Parkir Mobil,Parkir Sepeda",ya,ya,tidak,Universitas Pembangunan Nasional Veteran Yogyakarta:694
https://mamikos.com/room/kost-kabupaten-sleman-kost-putra-murah-kost-singgahsini-cozy-sawitsari-6-tipe-a-condongcatur-yogyakarta-2?redirection_source=list%20kos%20result%20boundary,Kost Singgahsini Cozy Sawitsari 6 Tipe A Condongcatur Yogyakarta,900000,"Ada jam malam untuk tamu,Akses 24 Jam,Denda kerusakan barang kos,Dilarang bawa hewan,Dilarang merokok di kamar,Lawan jenis dilarang ke kamar,Maks. 2 orang/ kamar,Tambah biaya untuk alat elektronik,Tamu menginap dikenakan biaya,Wajib ikut piket","Bantal,Cermin,Jendela,Kasur,Lemari Baju","K. Mandi Luar,R. Tamu,WiFi",Parkir Mobil,ya,tidak,ya,Universitas Gadjah Mada:2030
https://mamikos.com/room/kost-kabupaten-sleman-kost-putri-eksklusif-kost-livingkoost-depok-sleman?redirection_source=list%20kos%20result%20boundary,Kost Livingkoost Depok Sleman,1900000,,"AC,Bantal,Cleaning service,Guling,Jendela,Kasur,Kursi,Ventilasi","Balcon,CCTV,Dapur,Dispenser,Jemuran,Kulkas,Penjaga Kos,R. Cuci,R. Jemur,R. Santai,R. Tamu,WiFi","Parkir Mobil,Parkir Motor,Parkir Motor & Sepeda,Parkir Sepeda",ya,ya,tidak,Universitas Gadjah Mada:1272
https://mamikos.com/room/kost-sleman-kost-campur-eksklusif-kost-singgahsini-rien-house-tipe-a-condongcatur-yogyakarta?redirection_source=list%20kos%20result%20boundary,Kost Singgahsini Rien House Tipe A Condongcatur Yogyakarta,1725000,"Akses 24 Jam,Boleh pasutri,Dilarang bawa hewan,Lawan jenis dilarang ke kamar,Maks. 2 orang/ kamar","AC,Cleaning service,Kasur,Kursi,Lemari Baju,Meja,TV","Dapur,Penjaga Kos,R. Keluarga,R. Santai,R. Tamu,Taman,WiFi",Parkir Mobil,ya,ya,tidak,Universitas Amikom Yogyakarta:680
https://mamikos.com/room/kost-kabupaten-sleman-kost-putri-murah-kost-pojokan-tipe-a-depok-sleman?redirection_source=list%20kos%20result%20boundary,Kost Pojokan Tipe A Depok Sleman,700000,"Ada jam malam untuk tamu,Akses 24 Jam,Harga termasuk listrik (sewa harian),Kamar hanya bagi penyewa,Kriteria umum,Lawan jenis dilarang ke kamar,Maks. 1 orang/ kamar,Tamu bebas berkunjung","Jendela,Kasur,Lemari Baju,Ventilasi","Balcon,Dapur,Jemuran,R. Jemur,R. Tamu,WiFi","Parkir Motor,Parkir Motor & Sepeda",tidak,ya,ya,Universitas Amikom Yogyakarta:1922
https://mamikos.com/room/kost-kabupaten-sleman-kost-putri-eksklusif-kost-syariah-griya-almira-1-ngaglik-sleman-2?redirection_source=list%20kos%20result%20boundary,Kost Syariah Griya Almira 1 Ngaglik Sleman,1350000,"Ada jam malam,Ada jam malam untuk tamu,Dilarang bawa hewan,Dilarang merokok di kamar,Khusus Mahasiswa,Lawan jenis dilarang ke kamar,Maks. 1 orang/ kamar","AC,Bantal,Cermin,Guling,Jendela,Kasur,Kulkas,Kursi,Lemari Baju,Meja,TV,Ventilasi,Wastafel","Balcon,CCTV,Dapur,Jemuran,Jual Makanan,Kulkas,Mesin Cuci,Pengurus Kos,Penjaga Kos,R. Cuci,R. Jemur,R. Makan,R. Santai,R. Tamu,TV,WiFi","Parkir Mobil,Parkir Motor,Parkir Sepeda",ya,ya,tidak,Universitas Islam Indonesia:2102
https://mamikos.com/room/kost-sleman-kost-campur-eksklusif-kost-singgahsini-rumah-eyang-tipe-a-gejayan-yogyakarta-2?redirection_source=list%20kos%20result%20boundary,Kost Singgahsini Rumah Eyang Tipe A Gejayan Yogyakarta,1525000,"Ada jam malam,Ada jam malam untuk tamu,Boleh pasutri,Denda kerusakan barang kos,Dilarang bawa hewan,Dilarang merokok di kamar,Lawan jenis dilarang ke kamar,Maks. 2 orang/ kamar,Tamu boleh menginap,Tamu menginap dikenakan biaya,Tidak boleh bawa anak","AC,Bantal,Cermin,Guling,Jendela,Kasur,Kursi,Lemari Baju,Meja","Penjaga Kos,R. Tamu,WiFi","Parkir Mobil,Parkir Motor & Sepeda",ya,ya,tidak,Universitas Negeri Yogyakarta:1738
https://mamikos.com/room/kost-sleman-kost-putri-eksklusif-kost-singgahsini-omah-anggur-tipe-c-seturan-yogyakarta-1?redirection_source=list%20kos%20result%20boundary,Kost Singgahsini Omah Anggur Tipe C Seturan Yogyakarta,1825000,"Ada jam malam untuk tamu,Akses 24 Jam,Denda kerusakan barang kos,Dilarang merokok di kamar,Lawan jenis dilarang ke kamar,Maks. 2 orang/ kamar,Tamu menginap dikenakan biaya","AC,Bantal,Jendela,Kasur,Kursi,Lemari Baju,Meja,Ventilasi","Dapur,R. Tamu,WiFi","Parkir Mobil,Parkir Sepeda",ya,ya,tidak,Universitas Atma Jaya Yogyakarta:1131
https://mamikos.com/room/kost-kabupaten-sleman-kost-campur-murah-kost-carolus-ngaglik-sleman?redirection_source=list%20kos%20result%20boundary,Kost Carolus Ngaglik Sleman,750000,"Ada jam malam untuk tamu,Denda kerusakan barang kos,Dilarang bawa hewan,Kamar hanya bagi penyewa,Kriteria umum,Lawan jenis dilarang ke kamar,Maks. 1 orang/ kamar,Menunjukan bukti (-) Swab saat check-in,Tambah biaya untuk alat elektronik,Tamu dilarang menginap,Tidak bisa DP (sewa harian),Tidak boleh bawa anak,Tidak untuk pasutri","Kasur,Lemari Baju,Meja,Ventilasi","Jemuran,R. Jemur,R. Tamu,WiFi","Parkir Mobil,Parkir Motor,Parkir Motor & Sepeda,Parkir Sepeda",tidak,tidak,tidak,Sekolah Tinggi Ilmu Manajemen Ykpn:1962
https://mamikos.com/room/kost-kabupaten-sleman-kost-putra-eksklusif-kost-singgahsini-cozy-sawitsari-6-tipe-d-condongcatur-yogyakarta?redirection_source=list%20kos%20result%20boundary,Kost Singgahsini Cozy Sawitsari 6 Tipe D Condongcatur Yogyakarta,1425000,"Ada jam malam untuk tamu,Akses 24 Jam,Denda kerusakan barang kos,Dilarang bawa hewan,Dilarang merokok di kamar,Lawan jenis dilarang ke kamar,Maks. 2 orang/ kamar,Tambah biaya untuk alat elektronik,Tamu menginap dikenakan biaya,Wajib ikut piket","AC,Bantal,Cermin,Jendela,Kasur,Lemari Baju,Ventilasi","K. Mandi Luar,R. Tamu,WiFi",Parkir Mobil,ya,tidak,ya,Universitas Gadjah Mada:2035
https://mamikos.com/room/kost-kabupaten-sleman-kost-campur-eksklusif-kost-waringin-eksekutif-depok-sleman?redirection_source=list%20kos%20result%20boundary,Kost Waringin Eksekutif Depok Sleman,1300000,"Ada jam malam untuk tamu,Akses 24 Jam,Boleh pasutri,Dilarang bawa hewan,Kamar hanya bagi penyewa,Maks. 2 orang/ kamar,Tamu dilarang menginap","AC,Bantal,Cermin,Guling,Jendela,Kasur,Kursi,Lemari Baju,Meja,Ventilasi","Balcon,CCTV,Dapur,Jemuran,K. Mandi Luar,R. Makan,R. Santai,WiFi","Parkir Mobil,Parkir Motor,Parkir Motor & Sepeda,Parkir Sepeda",ya,tidak,tidak,Universitas Atma Jaya Yogyakarta:1792
https://mamikos.com/room/kost-sleman-kost-campur-eksklusif-kost-eksklusif-omah-adhem-tipe-b-sambilegi-yogyakarta-1?redirection_source=list%20kos%20result%20boundary,Kost Eksklusif Omah Adhem Tipe B Sambilegi Maguwoharjo Depok Sleman Yogyakarta,1450000,"Akses 24 Jam,Maks. 2 orang/ kamar","AC,Bantal,Cermin,Cleaning service,Dispenser,Guling,Jendela,Kasur,Kulkas,Kursi,Lemari Baju,Meja,Meja Rias,TV,Wastafel","Balcon,CCTV,Dapur,Dispenser,Kulkas,Laundry,Locker,Mesin Cuci,Mushola,Pengurus Kos,Penjaga Kos,R. Cuci,R. Jemur,R. Makan,R. Santai,R. Tamu,TV,WiFi","Parkir Mobil,Parkir Motor,Parkir Sepeda",ya,ya,tidak,Universitas Atma Jaya Yogyakarta:2344
https://mamikos.com/room/kost-kabupaten-sleman-kost-putra-eksklusif-kost-singgahsini-kledokan-seturan-tipe-b-yogyakarta?redirection_source=list%20kos%20result%20boundary,Kost Singgahsini Kledokan Seturan Tipe B Yogyakarta,1775000,"Ada jam malam untuk tamu,Akses 24 Jam,Denda kerusakan barang kos,Dilarang bawa hewan,Dilarang merokok di kamar,Kriteria umum,Lawan jenis dilarang ke kamar,Maks. 2 orang/ kamar,Tamu menginap dikenakan biaya","AC,Bantal,Guling,Kasur,Kursi,Lemari Baju,Meja,TV","CCTV,Dapur,Kulkas,R. Jemur,R. Tamu,WiFi","Parkir Mobil,Parkir Sepeda",ya,ya,tidak,Universitas Pembangunan Nasional Veteran Yogyakarta:694
https://mamikos.com/room/kost-kabupaten-sleman-kost-putra-murah-kost-singgahsini-cozy-sawitsari-6-tipe-a-condongcatur-yogyakarta-2?redirection_source=list%20kos%20result%20boundary,Kost Singgahsini Cozy Sawitsari 6 Tipe A Condongcatur Yogyakarta,900000,"Ada jam malam untuk tamu,Akses 24 Jam,Denda kerusakan barang kos,Dilarang bawa hewan,Dilarang merokok di kamar,Lawan jenis dilarang ke kamar,Maks. 2 orang/ kamar,Tambah biaya untuk alat elektronik,Tamu menginap dikenakan biaya,Wajib ikut piket","Bantal,Cermin,Jendela,Kasur,Lemari Baju","K. Mandi Luar,R. Tamu,WiFi",Parkir Mobil,ya,tidak,ya,Universitas Gadjah Mada:2030
https://mamikos.com/room/kost-kabupaten-sleman-kost-putri-eksklusif-kost-livingkoost-depok-sleman?redirection_source=list%20kos%20result%20boundary,Kost Livingkoost Depok Sleman,1900000,,"AC,Bantal,Cleaning service,Guling,Jendela,Kasur,Kursi,Ventilasi","Balcon,CCTV,Dapur,Dispenser,Jemuran,Kulkas,Penjaga Kos,R. Cuci,R. Jemur,R. Santai,R. Tamu,WiFi","Parkir Mobil,Parkir Motor,Parkir Motor & Sepeda,Parkir Sepeda",ya,ya,tidak,Universitas Gadjah Mada:1272
https://mamikos.com/room/kost-sleman-kost-campur-eksklusif-kost-singgahsini-rien-house-tipe-a-condongcatur-yogyakarta?redirection_source=list%20kos%20result%20boundary,Kost Singgahsini Rien House Tipe A Condongcatur Yogyakarta,1725000,"Akses 24 Jam,Boleh pasutri,Dilarang bawa hewan,Lawan jenis dilarang ke kamar,Maks. 2 orang/ kamar","AC,Cleaning service,Kasur,Kursi,Lemari Baju,Meja,TV","Dapur,Penjaga Kos,R. Keluarga,R. Santai,R. Tamu,Taman,WiFi",Parkir Mobil,ya,ya,tidak,Universitas Amikom Yogyakarta:680
https://mamikos.com/room/kost-kabupaten-sleman-kost-putri-murah-kost-pojokan-tipe-a-depok-sleman?redirection_source=list%20kos%20result%20boundary,Kost Pojokan Tipe A Depok Sleman,700000,"Ada jam malam untuk tamu,Akses 24 Jam,Harga termasuk listrik (sewa harian),Kamar hanya bagi penyewa,Kriteria umum,Lawan jenis dilarang ke kamar,Maks. 1 orang/ kamar,Tamu bebas berkunjung","Jendela,Kasur,Lemari Baju,Ventilasi","Balcon,Dapur,Jemuran,R. Jemur,R. Tamu,WiFi","Parkir Motor,Parkir Motor & Sepeda",tidak,ya,ya,Universitas Amikom Yogyakarta:1922
https://mamikos.com/room/kost-kabupaten-sleman-kost-putri-eksklusif-kost-syariah-griya-almira-1-ngaglik-sleman-2?redirection_source=list%20kos%20result%20boundary,Kost Syariah Griya Almira 1 Ngaglik Sleman,1350000,"Ada jam malam,Ada jam malam untuk tamu,Dilarang bawa hewan,Dilarang merokok di kamar,Khusus Mahasiswa,Lawan jenis dilarang ke kamar,Maks. 1 orang/ kamar","AC,Bantal,Cermin,Guling,Jendela,Kasur,Kulkas,Kursi,Lemari Baju,Meja,TV,Ventilasi,Wastafel","Balcon,CCTV,Dapur,Jemuran,Jual Makanan,Kulkas,Mesin Cuci,Pengurus Kos,Penjaga Kos,R. Cuci,R. Jemur,R. Makan,R. Santai,R. Tamu,TV,WiFi","Parkir Mobil,Parkir Motor,Parkir Sepeda",ya,ya,tidak,Universitas Islam Indonesia:2102
https://mamikos.com/room/kost-kabupaten-sleman-kost-putri-eksklusif-kost-singgahsini-rumah-putih-tipe-b-mlati-yogyakarta?redirection_source=list%20kos%20result%20boundary,Kost Singgahsini Rumah Putih Tipe B Mlati Yogyakarta,1375000,"Akses 24 Jam,Dilarang bawa hewan,Lawan jenis dilarang ke kamar,Maks. 2 orang/ kamar","AC,Bantal,Cermin,Guling,Kasur,Kursi,Lemari Baju,Meja,TV","Dapur,Dispenser,K. Mandi Luar,Kulkas,Penjaga Kos,R. Cuci,R. Tamu,TV,WiFi","Parkir Mobil,Parkir Motor & Sepeda,Parkir Sepeda",ya,ya,tidak,Universitas Teknologi Yogyakarta:3116
https://mamikos.com/room/kost-sleman-kost-putri-murah-kost-apik-roemah-aisyah-tipe-a-yogyakarta-2?redirection_source=list%20kos%20result%20boundary,Kost Apik Roemah Aisyah Tipe A Yogyakarta,625000,"Ada jam malam untuk tamu,Akses 24 Jam,Denda kerusakan barang kos,Dilarang bawa hewan,Dilarang merokok di kamar,Lawan jenis dilarang ke kamar,Maks. 2 orang/ kamar,Tamu menginap dikenakan biaya,Tidak boleh bawa anak,Tidak untuk pasutri,Wajib ikut piket","Bantal,Cermin,Guling,Jendela,Kasur,Kipas Angin,Lemari Baju,Ventilasi","Dapur,Jemuran,K. Mandi Luar,Penjaga Kos,R. Jemur,R. Tamu,WiFi",Parkir Motor & Sepeda,tidak,tidak,ya,Sekolah Tinggi Ilmu Kesehatan Aisyiyah Yogyakarta:745
https://mamikos.com/room/kost-kabupaten-sleman-kost-putri-murah-kost-apik-pondok-trio-tipe-b-maguwoharjo-yogyakarta--1?redirection_source=list%20kos%20result%20boundary,Kost Apik Pondok Trio Tipe B Maguwoharjo Yogyakarta,775000,"Ada jam malam,Dilarang bawa hewan,Lawan jenis dilarang ke kamar,Maks. 2 orang/ kamar,Tamu menginap dikenakan biaya","Bantal,Jendela,Kasur,Lemari Baju","Dapur,K. Mandi Luar,Penjaga Kos,R. Cuci,R. Tamu,WiFi","Parkir Mobil,Parkir Motor & Sepeda,Parkir Sepeda",tidak,ya,tidak,Universitas Pembangunan Nasional Veteran Yogyakarta:1562
https://mamikos.com/room/kost-kabupaten-sleman-kost-putra-eksklusif-kost-singgahsini-kledokan-seturan-tipe-b-yogyakarta?redirection_source=list%20kos%20result%20boundary,Kost Singgahsini Kledokan Seturan Tipe B Yogyakarta,1775000,"Ada jam malam untuk tamu,Akses 24 Jam,Denda kerusakan barang kos,Dilarang bawa hewan,Dilarang merokok di kamar,Kriteria umum,Lawan jenis dilarang ke kamar,Maks. 2 orang/ kamar,Tamu menginap dikenakan biaya","AC,Bantal,Guling,Kasur,Kursi,Lemari Baju,Meja,TV","CCTV,Dapur,Kulkas,R. Jemur,R. Tamu,WiFi","Parkir Mobil,Parkir Sepeda",ya,ya,tidak,Universitas Pembangunan Nasional Veteran Yogyakarta:694
https://mamikos.com/room/kost-kabupaten-sleman-kost-putra-murah-kost-singgahsini-cozy-sawitsari-6-tipe-a-condongcatur-yogyakarta-2?redirection_source=list%20kos%20result%20boundary,Kost Singgahsini Cozy Sawitsari 6 Tipe A Condongcatur Yogyakarta,900000,"Ada jam malam untuk tamu,Akses 24 Jam,Denda kerusakan barang kos,Dilarang bawa hewan,Dilarang merokok di kamar,Lawan jenis dilarang ke kamar,Maks. 2 orang/ kamar,Tambah biaya untuk alat elektronik,Tamu menginap dikenakan biaya,Wajib ikut piket","Bantal,Cermin,Jendela,Kasur,Lemari Baju","K. Mandi Luar,R. Tamu,WiFi",Parkir Mobil,ya,tidak,ya,Universitas Gadjah Mada:2030
https://mamikos.com/room/kost-kabupaten-sleman-kost-putri-eksklusif-kost-livingkoost-depok-sleman?redirection_source=list%20kos%20result%20boundary,Kost Livingkoost Depok Sleman,1900000,,"AC,Bantal,Cleaning service,Guling,Jendela,Kasur,Kursi,Ventilasi","Balcon,CCTV,Dapur,Dispenser,Jemuran,Kulkas,Penjaga Kos,R. Cuci,R. Jemur,R. Santai,R. Tamu,WiFi","Parkir Mobil,Parkir Motor,Parkir Motor & Sepeda,Parkir Sepeda",ya,ya,tidak,Universitas Gadjah Mada:1272
https://mamikos.com/room/kost-sleman-kost-campur-eksklusif-kost-singgahsini-rien-house-tipe-a-condongcatur-yogyakarta?redirection_source=list%20kos%20result%20boundary,Kost Singgahsini Rien House Tipe A Condongcatur Yogyakarta,1725000,"Akses 24 Jam,Boleh pasutri,Dilarang bawa hewan,Lawan jenis dilarang ke kamar,Maks. 2 orang/ kamar","AC,Cleaning service,Kasur,Kursi,Lemari Baju,Meja,TV","Dapur,Penjaga Kos,R. Keluarga,R. Santai,R. Tamu,Taman,WiFi",Parkir Mobil,ya,ya,tidak,Universitas Amikom Yogyakarta:680
https://mamikos.com/room/kost-kabupaten-sleman-kost-putri-murah-kost-pojokan-tipe-a-depok-sleman?redirection_source=list%20kos%20result%20boundary,Kost Pojokan Tipe A Depok Sleman,700000,"Ada jam malam untuk tamu,Akses 24 Jam,Harga termasuk listrik (sewa harian),Kamar hanya bagi penyewa,Kriteria umum,Lawan jenis dilarang ke kamar,Maks. 1 orang/ kamar,Tamu bebas berkunjung","Jendela,Kasur,Lemari Baju,Ventilasi","Balcon,Dapur,Jemuran,R. Jemur,R. Tamu,WiFi","Parkir Motor,Parkir Motor & Sepeda",tidak,ya,ya,Universitas Amikom Yogyakarta:1922
https://mamikos.com/room/kost-kabupaten-sleman-kost-putri-eksklusif-kost-syariah-griya-almira-1-ngaglik-sleman-2?redirection_source=list%20kos%20result%20boundary,Kost Syariah Griya Almira 1 Ngaglik Sleman,1350000,"Ada jam malam,Ada jam malam untuk tamu,Dilarang bawa hewan,Dilarang merokok di kamar,Khusus Mahasiswa,Lawan jenis dilarang ke kamar,Maks. 1 orang/ kamar","AC,Bantal,Cermin,Guling,Jendela,Kasur,Kulkas,Kursi,Lemari Baju,Meja,TV,Ventilasi,Wastafel","Balcon,CCTV,Dapur,Jemuran,Jual Makanan,Kulkas,Mesin Cuci,Pengurus Kos,Penjaga Kos,R. Cuci,R. Jemur,R. Makan,R. Santai,R. Tamu,TV,WiFi","Parkir Mobil,Parkir Motor,Parkir Sepeda",ya,ya,tidak,Universitas Islam Indonesia:2102
https://mamikos.com/room/kost-kabupaten-sleman-kost-putri-eksklusif-kost-singgahsini-rumah-putih-tipe-b-mlati-yogyakarta?redirection_source=list%20kos%20result%20boundary,Kost Singgahsini Rumah Putih Tipe B Mlati Yogyakarta,1375000,"Akses 24 Jam,Dilarang bawa hewan,Lawan jenis dilarang ke kamar,Maks. 2 orang/ kamar","AC,Bantal,Cermin,Guling,Kasur,Kursi,Lemari Baju,Meja,TV","Dapur,Dispenser,K. Mandi Luar,Kulkas,Penjaga Kos,R. Cuci,R. Tamu,TV,WiFi","Parkir Mobil,Parkir Motor & Sepeda,Parkir Sepeda",ya,ya,tidak,Universitas Teknologi Yogyakarta:3116
https://mamikos.com/room/kost-sleman-kost-putri-murah-kost-apik-roemah-aisyah-tipe-a-yogyakarta-2?redirection_source=list%20kos%20result%20boundary,Kost Apik Roemah Aisyah Tipe A Yogyakarta,625000,"Ada jam malam untuk tamu,Akses 24 Jam,Denda kerusakan barang kos,Dilarang bawa hewan,Dilarang merokok di kamar,Lawan jenis dilarang ke kamar,Maks. 2 orang/ kamar,Tamu menginap dikenakan biaya,Tidak boleh bawa anak,Tidak untuk pasutri,Wajib ikut piket","Bantal,Cermin,Guling,Jendela,Kasur,Kipas Angin,Lemari Baju,Ventilasi","Dapur,Jemuran,K. Mandi Luar,Penjaga Kos,R. Jemur,R. Tamu,WiFi",Parkir Motor & Sepeda,tidak,tidak,ya,Sekolah Tinggi Ilmu Kesehatan Aisyiyah Yogyakarta:745
https://mamikos.com/room/kost-kabupaten-sleman-kost-putri-murah-kost-apik-pondok-trio-tipe-b-maguwoharjo-yogyakarta--1?redirection_source=list%20kos%20result%20boundary,Kost Apik Pondok Trio Tipe B Maguwoharjo Yogyakarta,775000,"Ada jam malam,Dilarang bawa hewan,Lawan jenis dilarang ke kamar,Maks. 2 orang/ kamar,Tamu menginap dikenakan biaya","Bantal,Jendela,Kasur,Lemari Baju","Dapur,K. Mandi Luar,Penjaga Kos,R. Cuci,R. Tamu,WiFi","Parkir Mobil,Parkir Motor & Sepeda,Parkir Sepeda",tidak,ya,tidak,Universitas Pembangunan Nasional Veteran Yogyakarta:1562
https://mamikos.com/room/kost-sleman-kost-putri-eksklusif-kost-singgahsini-house-of-dyandra-tipe-a-yogyakarta-2?redirection_source=list%20kos%20result%20boundary,Kost Singgahsini House of Dyandra Tipe A Yogyakarta,1825000,"Ada jam malam,Ada jam malam untuk tamu,Denda kerusakan barang kos,Dilarang bawa hewan,Dilarang merokok di kamar,Lawan jenis dilarang ke kamar,Maks. 2 orang/ kamar,Tamu menginap dikenakan biaya,Tidak boleh bawa anak,Tidak untuk pasutri","AC,Bantal,Cermin,Jendela,Kasur,Kursi,Lemari Baju,Meja,TV","CCTV,Dapur,Dispenser,Jemuran,Kulkas,Penjaga Kos,R. Cuci,R. Jemur,R. Makan,R. Tamu,WiFi","Parkir Mobil,Parkir Motor & Sepeda",ya,ya,tidak,Universitas Amikom Yogyakarta:509
https://mamikos.com/room/kost-kabupaten-sleman-kost-putri-eksklusif-kost-singgahsini-wulandari-tipe-c-wedomartani-yogyakarta-2?redirection_source=list%20kos%20result%20boundary,Kost Singgahsini Wulandari Tipe C Wedomartani Yogyakarta,1325000,"Ada jam malam,Denda kerusakan barang kos,Dilarang bawa hewan,Dilarang menerima tamu,Dilarang merokok di kamar,Lawan jenis dilarang ke kamar,Tamu dilarang menginap,Tidak boleh bawa anak,Tidak untuk pasutri","AC,Jendela,Kasur,Kursi,Lemari Baju,Meja","CCTV,Dapur,Mushola,Penjaga Kos,R. Jemur,R. Makan,R. Tamu,Rooftop,WiFi","Parkir Mobil,Parkir Motor & Sepeda",ya,ya,tidak,Universitas Amikom Yogyakarta:1662
https://mamikos.com/room/kost-kabupaten-sleman-kost-putri-murah-kost-apik-pondok-trio-tipe-c-maguwoharjo-yogyakarta--1?redirection_source=list%20kos%20result%20boundary,Kost Apik Pondok Trio Tipe C Maguwoharjo Yogyakarta,875000,"Ada jam malam,Dilarang bawa hewan,Lawan jenis dilarang ke kamar,Maks. 2 orang/ kamar,Tamu menginap dikenakan biaya","Bantal,Jendela,Kasur,Lemari Baju","Dapur,K. Mandi Luar,Penjaga Kos,R. Cuci,R. Tamu,WiFi","Parkir Mobil,Parkir Motor & Sepeda,Parkir Sepeda",tidak,ya,tidak,Universitas Pembangunan Nasional Veteran Yogyakarta:1562
https://mamikos.com/room/kost-sleman-kost-putri-eksklusif-kost-singgahsini-zazafifa-tipe-a-maguwoharjo-yogyakarta-2?redirection_source=list%20kos%20result%20boundary,Kost Singgahsini Zazafifa Tipe A Maguwoharjo Yogyakarta,1210000,"Ada jam malam untuk tamu,Akses 24 Jam,Denda kerusakan barang kos,Dilarang bawa hewan,Dilarang merokok di kamar,Lawan jenis dilarang ke kamar,Tamu dilarang menginap,Tidak boleh bawa anak,Tidak untuk pasutri","AC,Bantal,Cermin,Guling,Jendela,Kasur,Kursi,Lemari Baju,Meja,Wastafel","CCTV,Dapur,Jemuran,Penjaga Kos,R. Jemur,R. Tamu,WiFi",Parkir Motor & Sepeda,ya,ya,tidak,Universitas Pembangunan Nasional Veteran Yogyakarta:1571
https://mamikos.com/room/kost-kabupaten-sleman-kost-putra-eksklusif-kost-singgahsini-pramesthi-upn-tipe-a-yogyakarta?redirection_source=list%20kos%20result%20boundary,Kost Singgahsini Pramesthi UPN Tipe A Yogyakarta,1525000,"Ada jam malam untuk tamu,Akses 24 Jam,Denda kerusakan barang kos,Dilarang bawa hewan,Wajib ikut piket","AC,Bantal,Guling,Jendela,Kasur,Kulkas,Lemari Baju,Meja,TV,Ventilasi","CCTV,Dapur,Kulkas,Mesin Cuci,Penjaga Kos,R. Jemur,R. Makan,R. Tamu,TV,WiFi","Parkir Mobil,Parkir Sepeda",ya,tidak,ya,Universitas Negeri Yogyakarta:1671
https://mamikos.com/room/kost-kabupaten-sleman-kost-putri-murah-kost-pojokan-tipe-a-depok-sleman?redirection_source=list%20kos%20result%20boundary,Kost Pojokan Tipe A Depok Sleman,700000,"Ada jam malam untuk tamu,Akses 24 Jam,Harga termasuk listrik (sewa harian),Kamar hanya bagi penyewa,Kriteria umum,Lawan jenis dilarang ke kamar,Maks. 1 orang/ kamar,Tamu bebas berkunjung","Jendela,Kasur,Lemari Baju,Ventilasi","Balcon,Dapur,Jemuran,R. Jemur,R. Tamu,WiFi","Parkir Motor,Parkir Motor & Sepeda",tidak,ya,ya,Universitas Amikom Yogyakarta:1922
https://mamikos.com/room/kost-kabupaten-sleman-kost-putri-eksklusif-kost-syariah-griya-almira-1-ngaglik-sleman-2?redirection_source=list%20kos%20result%20boundary,Kost Syariah Griya Almira 1 Ngaglik Sleman,1350000,"Ada jam malam,Ada jam malam untuk tamu,Dilarang bawa hewan,Dilarang merokok di kamar,Khusus Mahasiswa,Lawan jenis dilarang ke kamar,Maks. 1 orang/ kamar","AC,Bantal,Cermin,Guling,Jendela,Kasur,Kulkas,Kursi,Lemari Baju,Meja,TV,Ventilasi,Wastafel","Balcon,CCTV,Dapur,Jemuran,Jual Makanan,Kulkas,Mesin Cuci,Pengurus Kos,Penjaga Kos,R. Cuci,R. Jemur,R. Makan,R. Santai,R. Tamu,TV,WiFi","Parkir Mobil,Parkir Motor,Parkir Sepeda",ya,ya,tidak,Universitas Islam Indonesia:2102
https://mamikos.com/room/kost-kabupaten-sleman-kost-putri-eksklusif-kost-singgahsini-rumah-putih-tipe-b-mlati-yogyakarta?redirection_source=list%20kos%20result%20boundary,Kost Singgahsini Rumah Putih Tipe B Mlati Yogyakarta,1375000,"Akses 24 Jam,Dilarang bawa hewan,Lawan jenis dilarang ke kamar,Maks. 2 orang/ kamar","AC,Bantal,Cermin,Guling,Kasur,Kursi,Lemari Baju,Meja,TV","Dapur,Dispenser,K. Mandi Luar,Kulkas,Penjaga Kos,R. Cuci,R. Tamu,TV,WiFi","Parkir Mobil,Parkir Motor & Sepeda,Parkir Sepeda",ya,ya,tidak,Universitas Teknologi Yogyakarta:3116
https://mamikos.com/room/kost-sleman-kost-putri-murah-kost-apik-roemah-aisyah-tipe-a-yogyakarta-2?redirection_source=list%20kos%20result%20boundary,Kost Apik Roemah Aisyah Tipe A Yogyakarta,625000,"Ada jam malam untuk tamu,Akses 24 Jam,Denda kerusakan barang kos,Dilarang bawa hewan,Dilarang merokok di kamar,Lawan jenis dilarang ke kamar,Maks. 2 orang/ kamar,Tamu menginap dikenakan biaya,Tidak boleh bawa anak,Tidak untuk pasutri,Wajib ikut piket","Bantal,Cermin,Guling,Jendela,Kasur,Kipas Angin,Lemari Baju,Ventilasi","Dapur,Jemuran,K. Mandi Luar,Penjaga Kos,R. Jemur,R. Tamu,WiFi",Parkir Motor & Sepeda,tidak,tidak,ya,Sekolah Tinggi Ilmu Kesehatan Aisyiyah Yogyakarta:745
https://mamikos.com/room/kost-kabupaten-sleman-kost-putri-murah-kost-apik-pondok-trio-tipe-b-maguwoharjo-yogyakarta--1?redirection_source=list%20kos%20result%20boundary,Kost Apik Pondok Trio Tipe B Maguwoharjo Yogyakarta,775000,"Ada jam malam,Dilarang bawa hewan,Lawan jenis dilarang ke kamar,Maks. 2 orang/ kamar,Tamu menginap dikenakan biaya","Bantal,Jendela,Kasur,Lemari Baju","Dapur,K. Mandi Luar,Penjaga Kos,R. Cuci,R. Tamu,WiFi","Parkir Mobil,Parkir Motor & Sepeda,Parkir Sepeda",tidak,ya,tidak,Universitas Pembangunan Nasional Veteran Yogyakarta:1562
https://mamikos.com/room/kost-sleman-kost-putri-eksklusif-kost-singgahsini-house-of-dyandra-tipe-a-yogyakarta-2?redirection_source=list%20kos%20result%20boundary,Kost Singgahsini House of Dyandra Tipe A Yogyakarta,1825000,"Ada jam malam,Ada jam malam untuk tamu,Denda kerusakan barang kos,Dilarang bawa hewan,Dilarang merokok di kamar,Lawan jenis dilarang ke kamar,Maks. 2 orang/ kamar,Tamu menginap dikenakan biaya,Tidak boleh bawa anak,Tidak untuk pasutri","AC,Bantal,Cermin,Jendela,Kasur,Kursi,Lemari Baju,Meja,TV","CCTV,Dapur,Dispenser,Jemuran,Kulkas,Penjaga Kos,R. Cuci,R. Jemur,R. Makan,R. Tamu,WiFi","Parkir Mobil,Parkir Motor & Sepeda",ya,ya,tidak,Universitas Amikom Yogyakarta:509
https://mamikos.com/room/kost-kabupaten-sleman-kost-putri-eksklusif-kost-singgahsini-wulandari-tipe-c-wedomartani-yogyakarta-2?redirection_source=list%20kos%20result%20boundary,Kost Singgahsini Wulandari Tipe C Wedomartani Yogyakarta,1325000,"Ada jam malam,Denda kerusakan barang kos,Dilarang bawa hewan,Dilarang menerima tamu,Dilarang merokok di kamar,Lawan jenis dilarang ke kamar,Tamu dilarang menginap,Tidak boleh bawa anak,Tidak untuk pasutri","AC,Jendela,Kasur,Kursi,Lemari Baju,Meja","CCTV,Dapur,Mushola,Penjaga Kos,R. Jemur,R. Makan,R. Tamu,Rooftop,WiFi","Parkir Mobil,Parkir Motor & Sepeda",ya,ya,tidak,Universitas Amikom Yogyakarta:1662
https://mamikos.com/room/kost-kabupaten-sleman-kost-putri-murah-kost-apik-pondok-trio-tipe-c-maguwoharjo-yogyakarta--1?redirection_source=list%20kos%20result%20boundary,Kost Apik Pondok Trio Tipe C Maguwoharjo Yogyakarta,875000,"Ada jam malam,Dilarang bawa hewan,Lawan jenis dilarang ke kamar,Maks. 2 orang/ kamar,Tamu menginap dikenakan biaya","Bantal,Jendela,Kasur,Lemari Baju","Dapur,K. Mandi Luar,Penjaga Kos,R. Cuci,R. Tamu,WiFi","Parkir Mobil,Parkir Motor & Sepeda,Parkir Sepeda",tidak,ya,tidak,Universitas Pembangunan Nasional Veteran Yogyakarta:1562
https://mamikos.com/room/kost-sleman-kost-putri-eksklusif-kost-singgahsini-zazafifa-tipe-a-maguwoharjo-yogyakarta-2?redirection_source=list%20kos%20result%20boundary,Kost Singgahsini Zazafifa Tipe A Maguwoharjo Yogyakarta,1210000,"Ada jam malam untuk tamu,Akses 24 Jam,Denda kerusakan barang kos,Dilarang bawa hewan,Dilarang merokok di kamar,Lawan jenis dilarang ke kamar,Tamu dilarang menginap,Tidak boleh bawa anak,Tidak untuk pasutri","AC,Bantal,Cermin,Guling,Jendela,Kasur,Kursi,Lemari Baju,Meja,Wastafel","CCTV,Dapur,Jemuran,Penjaga Kos,R. Jemur,R. Tamu,WiFi",Parkir Motor & Sepeda,ya,ya,tidak,Universitas Pembangunan Nasional Veteran Yogyakarta:1571
https://mamikos.com/room/kost-kabupaten-sleman-kost-putra-eksklusif-kost-singgahsini-pramesthi-upn-tipe-a-yogyakarta?redirection_source=list%20kos%20result%20boundary,Kost Singgahsini Pramesthi UPN Tipe A Yogyakarta,1525000,"Ada jam malam untuk tamu,Akses 24 Jam,Denda kerusakan barang kos,Dilarang bawa hewan,Wajib ikut piket","AC,Bantal,Guling,Jendela,Kasur,Kulkas,Lemari Baju,Meja,TV,Ventilasi","CCTV,Dapur,Kulkas,Mesin Cuci,Penjaga Kos,R. Jemur,R. Makan,R. Tamu,TV,WiFi","Parkir Mobil,Parkir Sepeda",ya,tidak,ya,Universitas Negeri Yogyakarta:1671
https://mamikos.com/room/kost-sleman-kost-campur-eksklusif-kost-singgahsini-rumah-eyang-tipe-a-gejayan-yogyakarta-2?redirection_source=list%20kos%20result%20boundary,Kost Singgahsini Rumah Eyang Tipe A Gejayan Yogyakarta,1525000,"Ada jam malam,Ada jam malam untuk tamu,Boleh pasutri,Denda kerusakan barang kos,Dilarang bawa hewan,Dilarang merokok di kamar,Lawan jenis dilarang ke kamar,Maks. 2 orang/ kamar,Tamu boleh menginap,Tamu menginap dikenakan biaya,Tidak boleh bawa anak","AC,Bantal,Cermin,Guling,Jendela,Kasur,Kursi,Lemari Baju,Meja","Penjaga Kos,R. Tamu,WiFi","Parkir Mobil,Parkir Motor & Sepeda",ya,ya,tidak,Universitas Negeri Yogyakarta:1738
https://mamikos.com/room/kost-sleman-kost-putri-eksklusif-kost-singgahsini-omah-anggur-tipe-c-seturan-yogyakarta-1?redirection_source=list%20kos%20result%20boundary,Kost Singgahsini Omah Anggur Tipe C Seturan Yogyakarta,1825000,"Ada jam malam untuk tamu,Akses 24 Jam,Denda kerusakan barang kos,Dilarang merokok di kamar,Lawan jenis dilarang ke kamar,Maks. 2 orang/ kamar,Tamu menginap dikenakan biaya","AC,Bantal,Jendela,Kasur,Kursi,Lemari Baju,Meja,Ventilasi","Dapur,R. Tamu,WiFi","Parkir Mobil,Parkir Sepeda",ya,ya,tidak,Universitas Atma Jaya Yogyakarta:1131
https://mamikos.com/room/kost-kabupaten-sleman-kost-campur-murah-kost-carolus-ngaglik-sleman?redirection_source=list%20kos%20result%20boundary,Kost Carolus Ngaglik Sleman,750000,"Ada jam malam untuk tamu,Denda kerusakan barang kos,Dilarang bawa hewan,Kamar hanya bagi penyewa,Kriteria umum,Lawan jenis dilarang ke kamar,Maks. 1 orang/ kamar,Menunjukan bukti (-) Swab saat check-in,Tambah biaya untuk alat elektronik,Tamu dilarang menginap,Tidak bisa DP (sewa harian),Tidak boleh bawa anak,Tidak untuk pasutri","Kasur,Lemari Baju,Meja,Ventilasi","Jemuran,R. Jemur,R. Tamu,WiFi","Parkir Mobil,Parkir Motor,Parkir Motor & Sepeda,Parkir Sepeda",tidak,tidak,tidak,Sekolah Tinggi Ilmu Manajemen Ykpn:1962
https://mamikos.com/room/kost-kabupaten-sleman-kost-putra-eksklusif-kost-singgahsini-cozy-sawitsari-6-tipe-d-condongcatur-yogyakarta?redirection_source=list%20kos%20result%20boundary,Kost Singgahsini Cozy Sawitsari 6 Tipe D Condongcatur Yogyakarta,1425000,"Ada jam malam untuk tamu,Akses 24 Jam,Denda kerusakan barang kos,Dilarang bawa hewan,Dilarang merokok di kamar,Lawan jenis dilarang ke kamar,Maks. 2 orang/ kamar,Tambah biaya untuk alat elektronik,Tamu menginap dikenakan biaya,Wajib ikut piket","AC,Bantal,Cermin,Jendela,Kasur,Lemari Baju,Ventilasi","K. Mandi Luar,R. Tamu,WiFi",Parkir Mobil,ya,tidak,ya,Universitas Gadjah Mada:2035
https://mamikos.com/room/kost-kabupaten-sleman-kost-putra-eksklusif-kost-singgahsini-kledokan-seturan-tipe-b-yogyakarta?redirection_source=list%20kos%20result%20boundary,Kost Singgahsini Kledokan Seturan Tipe B Yogyakarta,1775000,"Ada jam malam untuk tamu,Akses 24 Jam,Denda kerusakan barang kos,Dilarang bawa hewan,Dilarang merokok di kamar,Kriteria umum,Lawan jenis dilarang ke kamar,Maks. 2 orang/ kamar,Tamu menginap dikenakan biaya","AC,Bantal,Guling,Kasur,Kursi,Lemari Baju,Meja,TV","CCTV,Dapur,Kulkas,R. Jemur,R. Tamu,WiFi","Parkir Mobil,Parkir Sepeda",ya,ya,tidak,Universitas Pembangunan Nasional Veteran Yogyakarta:694
https://mamikos.com/room/kost-kabupaten-sleman-kost-putra-murah-kost-singgahsini-cozy-sawitsari-6-tipe-a-condongcatur-yogyakarta-2?redirection_source=list%20kos%20result%20boundary,Kost Singgahsini Cozy Sawitsari 6 Tipe A Condongcatur Yogyakarta,900000,"Ada jam malam untuk tamu,Akses 24 Jam,Denda kerusakan barang kos,Dilarang bawa hewan,Dilarang merokok di kamar,Lawan jenis dilarang ke kamar,Maks. 2 orang/ kamar,Tambah biaya untuk alat elektronik,Tamu menginap dikenakan biaya,Wajib ikut piket","Bantal,Cermin,Jendela,Kasur,Lemari Baju","K. Mandi Luar,R. Tamu,WiFi",Parkir Mobil,ya,tidak,ya,Universitas Gadjah Mada:2030
https://mamikos.com/room/kost-kabupaten-sleman-kost-putri-eksklusif-kost-livingkoost-depok-sleman?redirection_source=list%20kos%20result%20boundary,Kost Livingkoost Depok Sleman,1900000,,"AC,Bantal,Cleaning service,Guling,Jendela,Kasur,Kursi,Ventilasi","Balcon,CCTV,Dapur,Dispenser,Jemuran,Kulkas,Penjaga Kos,R. Cuci,R. Jemur,R. Santai,R. Tamu,WiFi","Parkir Mobil,Parkir Motor,Parkir Motor & Sepeda,Parkir Sepeda",ya,ya,tidak,Universitas Gadjah Mada:1272
https://mamikos.com/room/kost-sleman-kost-campur-eksklusif-kost-singgahsini-rien-house-tipe-a-condongcatur-yogyakarta?redirection_source=list%20kos%20result%20boundary,Kost Singgahsini Rien House Tipe A Condongcatur Yogyakarta,1725000,"Akses 24 Jam,Boleh pasutri,Dilarang bawa hewan,Lawan jenis dilarang ke kamar,Maks. 2 orang/ kamar","AC,Cleaning service,Kasur,Kursi,Lemari Baju,Meja,TV","Dapur,Penjaga Kos,R. Keluarga,R. Santai,R. Tamu,Taman,WiFi",Parkir Mobil,ya,ya,tidak,Universitas Amikom Yogyakarta:680
https://mamikos.com/room/kost-kabupaten-sleman-kost-putri-murah-kost-pojokan-tipe-a-depok-sleman?redirection_source=list%20kos%20result%20boundary,Kost Pojokan Tipe A Depok Sleman,700000,"Ada jam malam untuk tamu,Akses 24 Jam,Harga termasuk listrik (sewa harian),Kamar hanya bagi penyewa,Kriteria umum,Lawan jenis dilarang ke kamar,Maks. 1 orang/ kamar,Tamu bebas berkunjung","Jendela,Kasur,Lemari Baju,Ventilasi","Balcon,Dapur,Jemuran,R. Jemur,R. Tamu,WiFi","Parkir Motor,Parkir Motor & Sepeda",tidak,ya,ya,Universitas Amikom Yogyakarta:1922
https://mamikos.com/room/kost-kabupaten-sleman-kost-putri-eksklusif-kost-syariah-griya-almira-1-ngaglik-sleman-2?redirection_source=list%20kos%20result%20boundary,Kost Syariah Griya Almira 1 Ngaglik Sleman,1350000,"Ada jam malam,Ada jam malam untuk tamu,Dilarang bawa hewan,Dilarang merokok di kamar,Khusus Mahasiswa,Lawan jenis dilarang ke kamar,Maks. 1 orang/ kamar","AC,Bantal,Cermin,Guling,Jendela,Kasur,Kulkas,Kursi,Lemari Baju,Meja,TV,Ventilasi,Wastafel","Balcon,CCTV,Dapur,Jemuran,Jual Makanan,Kulkas,Mesin Cuci,Pengurus Kos,Penjaga Kos,R. Cuci,R. Jemur,R. Makan,R. Santai,R. Tamu,TV,WiFi","Parkir Mobil,Parkir Motor,Parkir Sepeda",ya,ya,tidak,Universitas Islam Indonesia:2102
https://mamikos.com/room/kost-kabupaten-sleman-kost-putri-eksklusif-kost-singgahsini-rumah-putih-tipe-b-mlati-yogyakarta?redirection_source=list%20kos%20result%20boundary,Kost Singgahsini Rumah Putih Tipe B Mlati Yogyakarta,1375000,"Akses 24 Jam,Dilarang bawa hewan,Lawan jenis dilarang ke kamar,Maks. 2 orang/ kamar","AC,Bantal,Cermin,Guling,Kasur,Kursi,Lemari Baju,Meja,TV","Dapur,Dispenser,K. Mandi Luar,Kulkas,Penjaga Kos,R. Cuci,R. Tamu,TV,WiFi","Parkir Mobil,Parkir Motor & Sepeda,Parkir Sepeda",ya,ya,tidak,Universitas Teknologi Yogyakarta:3116
https://mamikos.com/room/kost-sleman-kost-putri-murah-kost-apik-roemah-aisyah-tipe-a-yogyakarta-2?redirection_source=list%20kos%20result%20boundary,Kost Apik Roemah Aisyah Tipe A Yogyakarta,625000,"Ada jam malam untuk tamu,Akses 24 Jam,Denda kerusakan barang kos,Dilarang bawa hewan,Dilarang merokok di kamar,Lawan jenis dilarang ke kamar,Maks. 2 orang/ kamar,Tamu menginap dikenakan biaya,Tidak boleh bawa anak,Tidak untuk pasutri,Wajib ikut piket","Bantal,Cermin,Guling,Jendela,Kasur,Kipas Angin,Lemari Baju,Ventilasi","Dapur,Jemuran,K. Mandi Luar,Penjaga Kos,R. Jemur,R. Tamu,WiFi",Parkir Motor & Sepeda,tidak,tidak,ya,Sekolah Tinggi Ilmu Kesehatan Aisyiyah Yogyakarta:745
https://mamikos.com/room/kost-kabupaten-sleman-kost-putri-murah-kost-apik-pondok-trio-tipe-b-maguwoharjo-yogyakarta--1?redirection_source=list%20kos%20result%20boundary,Kost Apik Pondok Trio Tipe B Maguwoharjo Yogyakarta,775000,"Ada jam malam,Dilarang bawa hewan,Lawan jenis dilarang ke kamar,Maks. 2 orang/ kamar,Tamu menginap dikenakan biaya","Bantal,Jendela,Kasur,Lemari Baju","Dapur,K. Mandi Luar,Penjaga Kos,R. Cuci,R. Tamu,WiFi","Parkir Mobil,Parkir Motor & Sepeda,Parkir Sepeda",tidak,ya,tidak,Universitas Pembangunan Nasional Veteran Yogyakarta:1562
https://mamikos.com/room/kost-sleman-kost-putri-eksklusif-kost-singgahsini-house-of-dyandra-tipe-a-yogyakarta-2?redirection_source=list%20kos%20result%20boundary,Kost Singgahsini House of Dyandra Tipe A Yogyakarta,1825000,"Ada jam malam,Ada jam malam untuk tamu,Denda kerusakan barang kos,Dilarang bawa hewan,Dilarang merokok di kamar,Lawan jenis dilarang ke kamar,Maks. 2 orang/ kamar,Tamu menginap dikenakan biaya,Tidak boleh bawa anak,Tidak untuk pasutri","AC,Bantal,Cermin,Jendela,Kasur,Kursi,Lemari Baju,Meja,TV","CCTV,Dapur,Dispenser,Jemuran,Kulkas,Penjaga Kos,R. Cuci,R. Jemur,R. Makan,R. Tamu,WiFi","Parkir Mobil,Parkir Motor & Sepeda",ya,ya,tidak,Universitas Amikom Yogyakarta:509
https://mamikos.com/room/kost-kabupaten-sleman-kost-putri-eksklusif-kost-singgahsini-wulandari-tipe-c-wedomartani-yogyakarta-2?redirection_source=list%20kos%20result%20boundary,Kost Singgahsini Wulandari Tipe C Wedomartani Yogyakarta,1325000,"Ada jam malam,Denda kerusakan barang kos,Dilarang bawa hewan,Dilarang menerima tamu,Dilarang merokok di kamar,Lawan jenis dilarang ke kamar,Tamu dilarang menginap,Tidak boleh bawa anak,Tidak untuk pasutri","AC,Jendela,Kasur,Kursi,Lemari Baju,Meja","CCTV,Dapur,Mushola,Penjaga Kos,R. Jemur,R. Makan,R. Tamu,Rooftop,WiFi","Parkir Mobil,Parkir Motor & Sepeda",ya,ya,tidak,Universitas Amikom Yogyakarta:1662
https://mamikos.com/room/kost-kabupaten-sleman-kost-putri-murah-kost-apik-pondok-trio-tipe-c-maguwoharjo-yogyakarta--1?redirection_source=list%20kos%20result%20boundary,Kost Apik Pondok Trio Tipe C Maguwoharjo Yogyakarta,875000,"Ada jam malam,Dilarang bawa hewan,Lawan jenis dilarang ke kamar,Maks. 2 orang/ kamar,Tamu menginap dikenakan biaya","Bantal,Jendela,Kasur,Lemari Baju","Dapur,K. Mandi Luar,Penjaga Kos,R. Cuci,R. Tamu,WiFi","Parkir Mobil,Parkir Motor & Sepeda,Parkir Sepeda",tidak,ya,tidak,Universitas Pembangunan Nasional Veteran Yogyakarta:1562
https://mamikos.com/room/kost-sleman-kost-putri-eksklusif-kost-singgahsini-zazafifa-tipe-a-maguwoharjo-yogyakarta-2?redirection_source=list%20kos%20result%20boundary,Kost Singgahsini Zazafifa Tipe A Maguwoharjo Yogyakarta,1210000,"Ada jam malam untuk tamu,Akses 24 Jam,Denda kerusakan barang kos,Dilarang bawa hewan,Dilarang merokok di kamar,Lawan jenis dilarang ke kamar,Tamu dilarang menginap,Tidak boleh bawa anak,Tidak untuk pasutri","AC,Bantal,Cermin,Guling,Jendela,Kasur,Kursi,Lemari Baju,Meja,Wastafel","CCTV,Dapur,Jemuran,Penjaga Kos,R. Jemur,R. Tamu,WiFi",Parkir Motor & Sepeda,ya,ya,tidak,Universitas Pembangunan Nasional Veteran Yogyakarta:1571
https://mamikos.com/room/kost-kabupaten-sleman-kost-putra-eksklusif-kost-singgahsini-pramesthi-upn-tipe-a-yogyakarta?redirection_source=list%20kos%20result%20boundary,Kost Singgahsini Pramesthi UPN Tipe A Yogyakarta,1525000,"Ada jam malam untuk tamu,Akses 24 Jam,Denda kerusakan barang kos,Dilarang bawa hewan,Wajib ikut piket","AC,Bantal,Guling,Jendela,Kasur,Kulkas,Lemari Baju,Meja,TV,Ventilasi","CCTV,Dapur,Kulkas,Mesin Cuci,Penjaga Kos,R. Jemur,R. Makan,R. Tamu,TV,WiFi","Parkir Mobil,Parkir Sepeda",ya,tidak,ya,Universitas Negeri Yogyakarta:1671
https://mamikos.com/room/kost-sleman-kost-campur-eksklusif-kost-singgahsini-rumah-eyang-tipe-a-gejayan-yogyakarta-2?redirection_source=list%20kos%20result%20boundary,Kost Singgahsini Rumah Eyang Tipe A Gejayan Yogyakarta,1525000,"Ada jam malam,Ada jam malam untuk tamu,Boleh pasutri,Denda kerusakan barang kos,Dilarang bawa hewan,Dilarang merokok di kamar,Lawan jenis dilarang ke kamar,Maks. 2 orang/ kamar,Tamu boleh menginap,Tamu menginap dikenakan biaya,Tidak boleh bawa anak","AC,Bantal,Cermin,Guling,Jendela,Kasur,Kursi,Lemari Baju,Meja","Penjaga Kos,R. Tamu,WiFi","Parkir Mobil,Parkir Motor & Sepeda",ya,ya,tidak,Universitas Negeri Yogyakarta:1738
https://mamikos.com/room/kost-kabupaten-sleman-kost-campur-eksklusif-kost-waringin-eksekutif-depok-sleman?redirection_source=list%20kos%20result%20boundary,Kost Waringin Eksekutif Depok Sleman,1300000,"Ada jam malam untuk tamu,Akses 24 Jam,Boleh pasutri,Dilarang bawa hewan,Kamar hanya bagi penyewa,Maks. 2 orang/ kamar,Tamu dilarang menginap","AC,Bantal,Cermin,Guling,Jendela,Kasur,Kursi,Lemari Baju,Meja,Ventilasi","Balcon,CCTV,Dapur,Jemuran,K. Mandi Luar,R. Makan,R. Santai,WiFi","Parkir Mobil,Parkir Motor,Parkir Motor & Sepeda,Parkir Sepeda",ya,tidak,tidak,Universitas Atma Jaya Yogyakarta:1792
https://mamikos.com/room/kost-sleman-kost-campur-eksklusif-kost-eksklusif-omah-adhem-tipe-b-sambilegi-yogyakarta-1?redirection_source=list%20kos%20result%20boundary,Kost Eksklusif Omah Adhem Tipe B Sambilegi Maguwoharjo Depok Sleman Yogyakarta,1450000,"Akses 24 Jam,Maks. 2 orang/ kamar","AC,Bantal,Cermin,Cleaning service,Dispenser,Guling,Jendela,Kasur,Kulkas,Kursi,Lemari Baju,Meja,Meja Rias,TV,Wastafel","Balcon,CCTV,Dapur,Dispenser,Kulkas,Laundry,Locker,Mesin Cuci,Mushola,Pengurus Kos,Penjaga Kos,R. Cuci,R. Jemur,R. Makan,R. Santai,R. Tamu,TV,WiFi","Parkir Mobil,Parkir Motor,Parkir Sepeda",ya,ya,tidak,Universitas Atma Jaya Yogyakarta:2344
https://mamikos.com/room/kost-kabupaten-sleman-kost-putra-eksklusif-kost-singgahsini-kledokan-seturan-tipe-b-yogyakarta?redirection_source=list%20kos%20result%20boundary,Kost Singgahsini Kledokan Seturan Tipe B Yogyakarta,1775000,"Ada jam malam untuk tamu,Akses 24 Jam,Denda kerusakan barang kos,Dilarang bawa hewan,Dilarang merokok di kamar,Kriteria umum,Lawan jenis dilarang ke kamar,Maks. 2 orang/ kamar,Tamu menginap dikenakan biaya","AC,Bantal,Guling,Kasur,Kursi,Lemari Baju,Meja,TV","CCTV,Dapur,Kulkas,R. Jemur,R. Tamu,WiFi","Parkir Mobil,Parkir Sepeda",ya,ya,tidak,Universitas Pembangunan Nasional Veteran Yogyakarta:694
https://mamikos.com/room/kost-kabupaten-sleman-kost-putra-murah-kost-singgahsini-cozy-sawitsari-6-tipe-a-condongcatur-yogyakarta-2?redirection_source=list%20kos%20result%20boundary,Kost Singgahsini Cozy Sawitsari 6 Tipe A Condongcatur Yogyakarta,900000,"Ada jam malam untuk tamu,Akses 24 Jam,Denda kerusakan barang kos,Dilarang bawa hewan,Dilarang merokok di kamar,Lawan jenis dilarang ke kamar,Maks. 2 orang/ kamar,Tambah biaya untuk alat elektronik,Tamu menginap dikenakan biaya,Wajib ikut piket","Bantal,Cermin,Jendela,Kasur,Lemari Baju","K. Mandi Luar,R. Tamu,WiFi",Parkir Mobil,ya,tidak,ya,Universitas Gadjah Mada:2030
https://mamikos.com/room/kost-kabupaten-sleman-kost-putri-eksklusif-kost-livingkoost-depok-sleman?redirection_source=list%20kos%20result%20boundary,Kost Livingkoost Depok Sleman,1900000,,"AC,Bantal,Cleaning service,Guling,Jendela,Kasur,Kursi,Ventilasi","Balcon,CCTV,Dapur,Dispenser,Jemuran,Kulkas,Penjaga Kos,R. Cuci,R. Jemur,R. Santai,R. Tamu,WiFi","Parkir Mobil,Parkir Motor,Parkir Motor & Sepeda,Parkir Sepeda",ya,ya,tidak,Universitas Gadjah Mada:1272
https://mamikos.com/room/kost-sleman-kost-campur-eksklusif-kost-singgahsini-rien-house-tipe-a-condongcatur-yogyakarta?redirection_source=list%20kos%20result%20boundary,Kost Singgahsini Rien House Tipe A Condongcatur Yogyakarta,1725000,"Akses 24 Jam,Boleh pasutri,Dilarang bawa hewan,Lawan jenis dilarang ke kamar,Maks. 2 orang/ kamar","AC,Cleaning service,Kasur,Kursi,Lemari Baju,Meja,TV","Dapur,Penjaga Kos,R. Keluarga,R. Santai,R. Tamu,Taman,WiFi",Parkir Mobil,ya,ya,tidak,Universitas Amikom Yogyakarta:680
https://mamikos.com/room/kost-kabupaten-sleman-kost-putri-murah-kost-pojokan-tipe-a-depok-sleman?redirection_source=list%20kos%20result%20boundary,Kost Pojokan Tipe A Depok Sleman,700000,"Ada jam malam untuk tamu,Akses 24 Jam,Harga termasuk listrik (sewa harian),Kamar hanya bagi penyewa,Kriteria umum,Lawan jenis dilarang ke kamar,Maks. 1 orang/ kamar,Tamu bebas berkunjung","Jendela,Kasur,Lemari Baju,Ventilasi","Balcon,Dapur,Jemuran,R. Jemur,R. Tamu,WiFi","Parkir Motor,Parkir Motor & Sepeda",tidak,ya,ya,Universitas Amikom Yogyakarta:1922
https://mamikos.com/room/kost-kabupaten-sleman-kost-putri-eksklusif-kost-syariah-griya-almira-1-ngaglik-sleman-2?redirection_source=list%20kos%20result%20boundary,Kost Syariah Griya Almira 1 Ngaglik Sleman,1350000,"Ada jam malam,Ada jam malam untuk tamu,Dilarang bawa hewan,Dilarang merokok di kamar,Khusus Mahasiswa,Lawan jenis dilarang ke kamar,Maks. 1 orang/ kamar","AC,Bantal,Cermin,Guling,Jendela,Kasur,Kulkas,Kursi,Lemari Baju,Meja,TV,Ventilasi,Wastafel","Balcon,CCTV,Dapur,Jemuran,Jual Makanan,Kulkas,Mesin Cuci,Pengurus Kos,Penjaga Kos,R. Cuci,R. Jemur,R. Makan,R. Santai,R. Tamu,TV,WiFi","Parkir Mobil,Parkir Motor,Parkir Sepeda",ya,ya,tidak,Universitas Islam Indonesia:2102
https://mamikos.com/room/kost-kabupaten-sleman-kost-putri-eksklusif-kost-singgahsini-rumah-putih-tipe-b-mlati-yogyakarta?redirection_source=list%20kos%20result%20boundary,Kost Singgahsini Rumah Putih Tipe B Mlati Yogyakarta,1375000,"Akses 24 Jam,Dilarang bawa hewan,Lawan jenis dilarang ke kamar,Maks. 2 orang/ kamar","AC,Bantal,Cermin,Guling,Kasur,Kursi,Lemari Baju,Meja,TV","Dapur,Dispenser,K. Mandi Luar,Kulkas,Penjaga Kos,R. Cuci,R. Tamu,TV,WiFi","Parkir Mobil,Parkir Motor & Sepeda,Parkir Sepeda",ya,ya,tidak,Universitas Teknologi Yogyakarta:3116
https://mamikos.com/room/kost-sleman-kost-putri-murah-kost-apik-roemah-aisyah-tipe-a-yogyakarta-2?redirection_source=list%20kos%20result%20boundary,Kost Apik Roemah Aisyah Tipe A Yogyakarta,625000,"Ada jam malam untuk tamu,Akses 24 Jam,Denda kerusakan barang kos,Dilarang bawa hewan,Dilarang merokok di kamar,Lawan jenis dilarang ke kamar,Maks. 2 orang/ kamar,Tamu menginap dikenakan biaya,Tidak boleh bawa anak,Tidak untuk pasutri,Wajib ikut piket","Bantal,Cermin,Guling,Jendela,Kasur,Kipas Angin,Lemari Baju,Ventilasi","Dapur,Jemuran,K. Mandi Luar,Penjaga Kos,R. Jemur,R. Tamu,WiFi",Parkir Motor & Sepeda,tidak,tidak,ya,Sekolah Tinggi Ilmu Kesehatan Aisyiyah Yogyakarta:745
https://mamikos.com/room/kost-kabupaten-sleman-kost-putri-murah-kost-apik-pondok-trio-tipe-b-maguwoharjo-yogyakarta--1?redirection_source=list%20kos%20result%20boundary,Kost Apik Pondok Trio Tipe B Maguwoharjo Yogyakarta,775000,"Ada jam malam,Dilarang bawa hewan,Lawan jenis dilarang ke kamar,Maks. 2 orang/ kamar,Tamu menginap dikenakan biaya","Bantal,Jendela,Kasur,Lemari Baju","Dapur,K. Mandi Luar,Penjaga Kos,R. Cuci,R. Tamu,WiFi","Parkir Mobil,Parkir Motor & Sepeda,Parkir Sepeda",tidak,ya,tidak,Universitas Pembangunan Nasional Veteran Yogyakarta:1562
https://mamikos.com/room/kost-sleman-kost-putri-eksklusif-kost-singgahsini-house-of-dyandra-tipe-a-yogyakarta-2?redirection_source=list%20kos%20result%20boundary,Kost Singgahsini House of Dyandra Tipe A Yogyakarta,1825000,"Ada jam malam,Ada jam malam untuk tamu,Denda kerusakan barang kos,Dilarang bawa hewan,Dilarang merokok di kamar,Lawan jenis dilarang ke kamar,Maks. 2 orang/ kamar,Tamu menginap dikenakan biaya,Tidak boleh bawa anak,Tidak untuk pasutri","AC,Bantal,Cermin,Jendela,Kasur,Kursi,Lemari Baju,Meja,TV","CCTV,Dapur,Dispenser,Jemuran,Kulkas,Penjaga Kos,R. Cuci,R. Jemur,R. Makan,R. Tamu,WiFi","Parkir Mobil,Parkir Motor & Sepeda",ya,ya,tidak,Universitas Amikom Yogyakarta:509
https://mamikos.com/room/kost-kabupaten-sleman-kost-putri-eksklusif-kost-singgahsini-wulandari-tipe-c-wedomartani-yogyakarta-2?redirection_source=list%20kos%20result%20boundary,Kost Singgahsini Wulandari Tipe C Wedomartani Yogyakarta,1325000,"Ada jam malam,Denda kerusakan barang kos,Dilarang bawa hewan,Dilarang menerima tamu,Dilarang merokok di kamar,Lawan jenis dilarang ke kamar,Tamu dilarang menginap,Tidak boleh bawa anak,Tidak untuk pasutri","AC,Jendela,Kasur,Kursi,Lemari Baju,Meja","CCTV,Dapur,Mushola,Penjaga Kos,R. Jemur,R. Makan,R. Tamu,Rooftop,WiFi","Parkir Mobil,Parkir Motor & Sepeda",ya,ya,tidak,Universitas Amikom Yogyakarta:1662
https://mamikos.com/room/kost-kabupaten-sleman-kost-putri-murah-kost-apik-pondok-trio-tipe-c-maguwoharjo-yogyakarta--1?redirection_source=list%20kos%20result%20boundary,Kost Apik Pondok Trio Tipe C Maguwoharjo Yogyakarta,875000,"Ada jam malam,Dilarang bawa hewan,Lawan jenis dilarang ke kamar,Maks. 2 orang/ kamar,Tamu menginap dikenakan biaya","Bantal,Jendela,Kasur,Lemari Baju","Dapur,K. Mandi Luar,Penjaga Kos,R. Cuci,R. Tamu,WiFi","Parkir Mobil,Parkir Motor & Sepeda,Parkir Sepeda",tidak,ya,tidak,Universitas Pembangunan Nasional Veteran Yogyakarta:1562